listing_id,listing_date,district,rooms,listing_price_usd,source_url,size_m2,level,max_levels,is_new_building,collected_at_utc
88586,2026-08-05,Olmazor,1,31400,https://hata.uz/en/listings/object/predoplata-9-500-ue-za-1k-kvartiru-s-remontom-ostatok-na-32mes-gs-88586,35.68,16,16,1,2026-08-21T23:55:40+00:00
88595,2026-08-04,Olmazor,1,34000,https://hata.uz/en/listings/object/novostroyka-yangi-uy-qora-qamish-1-2-silver-tower-studio-381-m2-88595,38.1,9,20,1,2026-08-21T23:55:40+00:00
88797,2026-08-04,Sergeli,3,60000,https://hata.uz/en/listings/object/uy-sotiladi-uzimni-uyim-88797,62.0,9,8,1,2026-08-21T23:55:40+00:00
88821,2026-08-04,Olmazor,3,46000,https://hata.uz/en/listings/object/prodaetsya-3-komnata-88821,35.0,2,4,1,2026-08-21T23:55:40+00:00
88848,2026-08-04,Olmazor,2,62900,https://hata.uz/en/listings/object/korasaroy-novostroyka-12-dom-mulzhal-korasaroy-uzgazoyl-2-1-9-63m2-go-88848,63.0,1,9,1,2026-08-21T23:55:40+00:00
88939,2026-08-05,Yunusobod,1,43000,https://hata.uz/en/listings/object/prodam-kvartiru-v-novostroyke-88939,43.0,5,8,1,2026-08-21T23:55:40+00:00
88940,2026-08-05,Yunusobod,1,57000,https://hata.uz/en/listings/object/yunusabad-14-kvartal-1-2-2-4-ipoteka-mozhno-88940,42.0,2,4,1,2026-08-21T23:55:40+00:00
89187,2026-08-04,Sergeli,2,55000,https://hata.uz/en/listings/object/dom-2xona-yevro-remont-89187,60.0,8,9,1,2026-08-21T23:55:40+00:00
89214,2026-08-04,Olmazor,2,49900,https://hata.uz/en/listings/object/sergili-yangi-darxon-2-15-16-3-xonaga-tayyor-89214,62.0,15,16,1,2026-08-21T23:55:40+00:00
89225,2026-08-04,Olmazor,2,59000,https://hata.uz/en/listings/object/2-xonali-uy-sotiladi-remont-zor-89225,52.0,10,16,1,2026-08-21T23:55:40+00:00
89239,2026-08-04,Olmazor,3,73000,https://hata.uz/en/listings/object/3xonali-uy-srochna-3h-komnatnaya-kvartira-89239,65.0,4,4,1,2026-08-21T23:55:40+00:00
89307,2026-08-04,Olmazor,1,67500,https://hata.uz/en/listings/object/srochno-prodaetsya-elitnaya-kvartira-v-zhk-nrg-jomiy-89307,48.12,5,12,1,2026-08-21T23:55:40+00:00
89319,2026-08-04,Olmazor,3,83000,https://hata.uz/en/listings/object/tashkent-olmazor-korasaroy-novostroyka-9-etazh-bez-remont-89319,83.0,9,11,1,2026-08-21T23:55:40+00:00
89350,2026-08-04,Olmazor,2,80000,https://hata.uz/en/listings/object/assalomu-alekum-ozimi-kivartiram-89350,70.0,9,1,1,2026-08-21T23:55:40+00:00
89366,2026-08-04,Olmazor,3,77000,https://hata.uz/en/listings/object/olmazor-tumani-sagbon-kuchada-novastroyka-sotiladi-89366,83.0,8,10,1,2026-08-21T23:55:40+00:00
89381,2026-08-04,Olmazor,3,77000,https://hata.uz/en/listings/object/srochno-olmazor-tumani-sagbon-kuchada-novastroyka-sotiladi-89381,83.0,8,10,1,2026-08-21T23:55:40+00:00
89391,2026-08-05,Olmazor,3,75000,https://hata.uz/en/listings/object/prodazha-3-komnat-89391,56.0,9,9,1,2026-08-21T23:55:40+00:00
89400,2026-08-04,Olmazor,2,79000,https://hata.uz/en/listings/object/qoraqamish-tansiqboyev-navastroyka-katta-2-honali-uy-89400,72.0,2,8,1,2026-08-21T23:55:40+00:00
89415,2026-08-04,Olmazor,2,92000,https://hata.uz/en/listings/object/prodaetsya-2-komnatnaya-kvartira-s-evroremontom-v-zhk-koh-ota-89415,47.0,12,12,1,2026-08-21T23:55:40+00:00
89419,2026-08-04,Olmazor,2,89500,https://hata.uz/en/listings/object/prodaetsya-kvartira-v-zhk-nrg-jomiy-almazarskiy-rayon-89419,48.0,6,12,1,2026-08-21T23:55:40+00:00
89437,2026-08-04,Olmazor,2,89500,https://hata.uz/en/listings/object/srochno-prodaetsya-svoya-kvartira-almazarskiy-rayon-nrg-jomiy-89437,48.0,6,12,1,2026-08-21T23:55:40+00:00
89467,2026-08-04,Olmazor,3,97000,https://hata.uz/en/listings/object/sagbon-nurafshon-chorrahasida-uy-sotiladi-89467,96.0,3,5,1,2026-08-21T23:55:40+00:00
89499,2026-08-04,Chilonzor,3,84900,https://hata.uz/en/listings/object/rayon-zangiota-kucha-ibn-sino-savdo-markazi-honalar-soni-3-3-4-maydo-89499,3.0,3,4,1,2026-08-21T23:55:40+00:00
89528,2026-08-04,Olmazor,2,95000,https://hata.uz/en/listings/object/srochno-prodam-novostroyku-v-zhk-nurafshon-saroy-89528,81.0,9,10,1,2026-08-21T23:55:40+00:00
89540,2026-08-05,Shayhontohur,2,86000,https://hata.uz/en/listings/object/prodam-zhk-nrg-yu-tover-or-druzhba-narodov-89540,40.85,6,27,1,2026-08-21T23:55:40+00:00
89541,2026-08-05,Shayhontohur,3,85000,https://hata.uz/en/listings/object/samarkand-darvoza-3-7-7-82m2-srochno-w-21-shayhontohur-rayon-samarkand-89541,82.0,7,7,1,2026-08-21T23:55:40+00:00
89558,2026-08-05,Shayhontohur,3,100000,https://hata.uz/en/listings/object/shayhontohur-general-uzoqov-3-2-8-86kvadrat-navastroyka-100000-89558,86.0,2,8,1,2026-08-21T23:55:40+00:00
89586,2026-08-05,Shayhontohur,4,105000,https://hata.uz/en/listings/object/prodam-kvartiru-2-1-novostroyka-korobka-89586,100.0,2,4,1,2026-08-21T23:55:40+00:00
89606,2026-08-05,Shayhontohur,3,92000,https://hata.uz/en/listings/object/kukcha-oktepada-arthaus-novostroyka-89606,99.0,10,10,1,2026-08-21T23:55:40+00:00
89620,2026-08-04,Olmazor,5,145000,https://hata.uz/en/listings/object/moykurgon-dupleks-89620,180.0,1,3,1,2026-08-21T23:55:40+00:00
89623,2026-08-04,Olmazor,3,110000,https://hata.uz/en/listings/object/novostroyka-kvartira-sotiladi-89623,100.0,4,9,1,2026-08-21T23:55:40+00:00
89651,2026-08-04,Mirzo Ulugbek,3,135000,https://hata.uz/en/listings/object/darhan-zhk-wiston-novomoskovskaya-3-komnatnaya-74-m2-5-etazh-89651,74.0,5,10,1,2026-08-21T23:55:40+00:00
89713,2026-08-04,Olmazor,3,125000,https://hata.uz/en/listings/object/prodaetsya-3-komnatnaya-kvartira-v-zhk-olmazor-business-city-89713,86.0,8,9,1,2026-08-21T23:55:40+00:00
89767,2026-08-05,Shayhontohur,1,125000,https://hata.uz/en/listings/object/nest-one-18-etazh-korobka-40m2-vid-na-hilton-b-blok-srochno-89767,40.0,18,23,1,2026-08-21T23:55:40+00:00
89772,2026-08-05,Shayhontohur,2,107000,https://hata.uz/en/listings/object/srochnaya-tsena-zhk-labzak-2-8-10-evro-novyy-68m2-or-r-labzak-sazanchik-89772,68.0,8,10,1,2026-08-21T23:55:40+00:00
89775,2026-08-05,Shayhontohur,3,154000,https://hata.uz/en/listings/object/3-k-kvartira-116-m2-v-zhk-abu-dabi-shayhantahur-premium-komfort-89775,116.0,6,7,1,2026-08-21T23:55:40+00:00
89776,2026-08-05,Shayhontohur,3,114900,https://hata.uz/en/listings/object/lyuks-kvartira-sebzor-3-10-11-79m2-89776,78.0,10,11,1,2026-08-21T23:55:40+00:00
89784,2026-08-05,Shayhontohur,2,145001,https://hata.uz/en/listings/object/prodaetsya-kvartira-zhk-nest-one-2-8-23-445-m2-evro-remont-89784,44.5,8,23,1,2026-08-21T23:55:40+00:00
89785,2026-08-05,Shayhontohur,2,165000,https://hata.uz/en/listings/object/prodaetsya-kvartira-2-4-8-zhk-gardens-residence-tashkent-city-shayha-89785,46.0,4,8,1,2026-08-21T23:55:40+00:00
89787,2026-08-05,Shayhontohur,7,159900,https://hata.uz/en/listings/object/kokcha-oqtepa-266m2-7-xona-dubleks-arzonga-89787,266.0,1,8,1,2026-08-21T23:55:40+00:00
89792,2026-08-05,Shayhontohur,5,159999,https://hata.uz/en/listings/object/srochnaya-tsena-uspeyte-novostroyka-117m2-8m2-terassa-samarkand-darv-89792,125.0,8,12,1,2026-08-21T23:55:40+00:00
89793,2026-08-05,Shayhontohur,3,150000,https://hata.uz/en/listings/object/srochno-prodaetsya-3h-komnatnaya-kvartira-v-zhk-piramit-tower-89793,70.0,23,44,1,2026-08-21T23:55:40+00:00
89794,2026-08-05,Shayhontohur,3,119900,https://hata.uz/en/listings/object/prestizhnyy-zhk-koh-ota-3-komnatnaya-bez-remonta-s-kadastrom-87m2-89794,87.0,4,12,1,2026-08-21T23:55:40+00:00
89795,2026-08-05,Shayhontohur,3,125000,https://hata.uz/en/listings/object/srochno-koh-ota-3kom-korobka-87m2-kohota-maszhidi-tts-rivera-89795,87.0,4,12,1,2026-08-21T23:55:40+00:00
89796,2026-08-05,Shayhontohur,3,124999,https://hata.uz/en/listings/object/srochno-koh-ota-3kom-83m2-labzakom-i-rivera-mechet-haqiqiy-89796,83.0,7,9,1,2026-08-21T23:55:40+00:00
89797,2026-08-05,Shayhontohur,2,167999,https://hata.uz/en/listings/object/srochno-tashkent-city-gardens-46m2-druzhba-tashkent-siti-podklyuch-arzon-89797,46.0,4,8,1,2026-08-21T23:55:40+00:00
89798,2026-08-05,Shayhontohur,2,145000,https://hata.uz/en/listings/object/srochno-arzon-narh-nest-one-korobka-58m2-korobka-druzhba-narodov-89798,58.0,12,51,1,2026-08-21T23:55:40+00:00
89799,2026-08-05,Shayhontohur,3,114800,https://hata.uz/en/listings/object/sebzor-lyuks-3-xona-supper-remont-89799,78.0,10,11,1,2026-08-21T23:55:40+00:00
89802,2026-08-05,Shayhontohur,3,115000,https://hata.uz/en/listings/object/beltepa-mavzesi-3-2-5-89802,97.0,2,5,1,2026-08-21T23:55:40+00:00
89803,2026-08-05,Shayhontohur,1,116000,https://hata.uz/en/listings/object/zhk-nrg-u-tower-1-komnatnaya-evro-lyuks-pod-klyuch-35m2-oliy-mazhlis-vid-89803,35.0,11,27,1,2026-08-21T23:55:40+00:00
89805,2026-08-05,Shayhontohur,1,120000,https://hata.uz/en/listings/object/zhk-nrg-u-tower-1-komnatnaya-evro-lyuks-pod-klyuch-druzhba-narodov-tsentr-89805,35.0,9,27,1,2026-08-21T23:55:40+00:00
89806,2026-08-05,Shayhontohur,3,112000,https://hata.uz/en/listings/object/novostroyka-3-3-6-85m2-srochno-prodaetsya-kvartira-89806,88.0,3,6,1,2026-08-21T23:55:40+00:00
89808,2026-08-05,Shayhontohur,1,120000,https://hata.uz/en/listings/object/prodazha-kvartira-v-zhk-nrg-u-tower-vid-na-oliy-mazhlis-89808,35.0,24,27,1,2026-08-21T23:55:40+00:00
89809,2026-08-05,Shayhontohur,1,120000,https://hata.uz/en/listings/object/zhk-nrg-u-tower-1-komnatnaya-evrolyuks-pod-klyuch-vid-na-tashkent-city-89809,35.0,9,27,1,2026-08-21T23:55:40+00:00
89814,2026-08-05,Shayhontohur,2,130000,https://hata.uz/en/listings/object/prodaetsya-2h-kom-73kvm-druzhba-narodov-tashkent-siti-89814,73.0,6,9,1,2026-08-21T23:55:40+00:00
89815,2026-08-05,Shayhontohur,2,124800,https://hata.uz/en/listings/object/prodazha-novostroyka-tashkent-siti-kvartira-2-18-23-zhk-nest-one-korobka-89815,40.0,18,23,1,2026-08-21T23:55:40+00:00
89818,2026-08-05,Shayhontohur,4,155000,https://hata.uz/en/listings/object/prodaetsya-4hkomnatnaya-kvartira-zh-k-madrid-89818,90.0,4,10,1,2026-08-21T23:55:40+00:00
89820,2026-08-05,Shayhontohur,1,115000,https://hata.uz/en/listings/object/zhk-nrg-u-tower-prodaetsya-1h-kom-lyuks-remont-89820,35.0,11,27,1,2026-08-21T23:55:40+00:00
89828,2026-08-05,Shayhontohur,2,107000,https://hata.uz/en/listings/object/zhk-labzak-srochno-2-komnatnaya-68m2-novyy-remont-nikto-ne-zhil-89828,68.0,8,10,1,2026-08-21T23:55:40+00:00
89831,2026-08-05,Shayhontohur,7,159900,https://hata.uz/en/listings/object/dubleks-7-xona-266m2-kokcha-oqtepa-supper-arzonga-89831,266.0,1,7,1,2026-08-21T23:55:40+00:00
89833,2026-08-05,Shayhontohur,1,116000,https://hata.uz/en/listings/object/studiya-11-etazh-monolit-vid-na-parlament-metro-druzhba-89833,35.0,11,27,1,2026-08-21T23:55:40+00:00
89834,2026-08-05,Shayhontohur,1,120000,https://hata.uz/en/listings/object/1-kom-nrg-u-tower-kv-9-27-evro-premium-klass-shayhantahur-89834,35.0,9,27,1,2026-08-21T23:55:40+00:00
89835,2026-08-05,Shayhontohur,2,149000,https://hata.uz/en/listings/object/nest-one-2-21-23-korobka-40m2-b-blok-vid-na-siti-park-89835,40.0,21,23,1,2026-08-21T23:55:40+00:00
89837,2026-08-05,Shayhontohur,5,160000,https://hata.uz/en/listings/object/prodaetsya-5-8-12-novostroyka-na-samarkand-darvoza-89837,125.0,8,12,1,2026-08-21T23:55:40+00:00
89842,2026-08-05,Shayhontohur,2,132000,https://hata.uz/en/listings/object/2-h-komnatnaya-v-zhk-nrg-u-tower-54m2-na-26-etazhe-id-3535-89842,54.0,21,26,1,2026-08-21T23:55:40+00:00
89843,2026-08-05,Shayhontohur,4,130000,https://hata.uz/en/listings/object/srochno-prodaetsya-kvartira-4-2-4-v-bel-tepa-mahalya-146kvm-130000-89843,146.0,2,4,1,2026-08-21T23:55:40+00:00
89849,2026-08-04,Olmazor,5,190000,https://hata.uz/en/listings/object/prodaetsya-svoya-kvartira-5-i-komnatnaya-89849,128.0,4,7,1,2026-08-21T23:55:40+00:00
90959,2026-08-05,Yunusobod,7,1100,https://hata.uz/en/listings/object/prodam-7-kom-zhk-abudabi-minor-maszhid-malika-bazar-shayhontohur-rayon-90959,185.0,1,7,1,2026-08-21T23:55:40+00:00
90973,2026-08-05,Yunusobod,5,1100,https://hata.uz/en/listings/object/kvartira-novostroyka-90973,208.0,9,9,1,2026-08-21T23:55:40+00:00
90998,2026-08-05,Yunusobod,4,950,https://hata.uz/en/listings/object/srochna-prodaetsya-110-kvm-yunusabadr-9-kv-novostroyka-4-6-10-90998,110.0,6,10,1,2026-08-21T23:55:40+00:00
91087,2026-08-05,Yunusobod,3,1450,https://hata.uz/en/listings/object/prodaetsya-kvartira-na-ts4-zhk-kiparis-91087,106.0,2,9,1,2026-08-21T23:55:40+00:00
91089,2026-08-05,Yunusobod,170,1250,https://hata.uz/en/listings/object/kamron-saroy-majmuasidan-tan-narxda-170m2-ega-kadastrlik-xonadon-91089,170.0,5,11,1,2026-08-21T23:55:40+00:00
91137,2026-08-05,Yunusobod,3,1350,https://hata.uz/en/listings/object/yunusabad-3h-komnatnaya-kvartira-korobka-110m2-zhk-kamron-palace-91137,110.0,7,11,1,2026-08-21T23:55:40+00:00
91145,2026-08-05,Yunusobod,3,1500,https://hata.uz/en/listings/object/high-town-city-17-qavat-91145,80.0,17,20,1,2026-08-21T23:55:40+00:00
91151,2026-08-05,Yunusobod,3,1200,https://hata.uz/en/listings/object/prodaetsya-3-komnatnaya-kvartira-yunusabad-11-zhk-comfort-house-91151,77.63,5,10,1,2026-08-21T23:55:40+00:00
91152,2026-08-05,Yunusobod,5,1200,https://hata.uz/en/listings/object/prodaetsya-5-komnatnaya-kvartira-yunusabadskiy-rayon-11zhk-comfort-house-91152,107.0,2,10,1,2026-08-21T23:55:40+00:00
91153,2026-08-05,Yunusobod,3,1200,https://hata.uz/en/listings/object/prodaetsya-3-komnatnaya-kvartira-yunusabadskiy-rayon-zhk-comfort-house-91153,64.5,2,10,1,2026-08-21T23:55:40+00:00
91174,2026-08-05,Yunusobod,4,1700,https://hata.uz/en/listings/object/prodaetsya-tselyy-etazh-3-kvartiry-67kv-118kv-120kv-ts-5-korobka-91174,304.0,6,6,1,2026-08-21T23:55:40+00:00
91392,2026-08-05,Yunusobod,3,3633,https://hata.uz/en/listings/object/eng-arzon-narhda-3-honali-honadon-super-lokatsiya-707-91392,63.9,9,9,1,2026-08-21T23:55:40+00:00
91453,2026-08-05,Yunusobod,1,5000,https://hata.uz/en/listings/object/yangi-uylar-atigi-5000-boshlangich-tulov-kulay-rassrochka-ma-91453,30.0,14,2,1,2026-08-21T23:55:40+00:00
91454,2026-08-05,Yunusobod,1,5000,https://hata.uz/en/listings/object/novostroyka-vsego-5000-pervyy-vznos-udobnaya-rassrochka-ma-91454,30.0,14,2,1,2026-08-21T23:55:40+00:00
91609,2026-08-05,Yunusobod,1,8500,https://hata.uz/en/listings/object/turkiston-avenue-novostroyka-yunusobod-r-n-bosh-tolov30-rassrochka-40-oy-91609,40.3,9,16,1,2026-08-21T23:55:40+00:00
91624,2026-08-05,Yunusobod,2,9000,https://hata.uz/en/listings/object/orzuingizdagi-uy-fakat-9000-dastlabki-tulov-kulay-shartlardama-91624,56.0,2,12,1,2026-08-21T23:55:40+00:00
91625,2026-08-05,Yunusobod,2,9000,https://hata.uz/en/listings/object/dostupnye-kvartiry-ot-9000-rassrochka-bez-pereplat-ma-91625,56.0,3,12,1,2026-08-21T23:55:40+00:00
91626,2026-08-05,Yunusobod,3,12200,https://hata.uz/en/listings/object/uspey-kupit-kvartiru-vsego-12-200-udobnaya-rassrochka-ma-91626,64.0,2,12,1,2026-08-21T23:55:40+00:00
91628,2026-08-05,Yunusobod,1,8500,https://hata.uz/en/listings/object/yangi-uylar-atigi-8500-boshlangich-tulov-kulay-rassrochka-ma-91628,51.0,2,12,1,2026-08-21T23:55:40+00:00
91629,2026-08-05,Yunusobod,1,8500,https://hata.uz/en/listings/object/novostroyka-vsego-8500-pervyy-vznos-udobnaya-rassrochka-ma-91629,51.0,2,12,1,2026-08-21T23:55:40+00:00
91640,2026-08-05,Yunusobod,1,24120,https://hata.uz/en/listings/object/srochno-super-lokatsiya-kupi-ne-opozday-1-komn-24120-619-91640,41.2,7,9,1,2026-08-21T23:55:40+00:00
91646,2026-08-05,Yunusobod,3,25000,https://hata.uz/en/listings/object/hotite-zhit-v-okruzhenii-biznesmenov-i-diplomatov-rassrochka-ipatekabg-91646,80.0,7,13,1,2026-08-21T23:55:40+00:00
91649,2026-08-05,Yunusobod,1,22000,https://hata.uz/en/listings/object/super-tsena-1-kom-385m-kv-22-000-ue888-91649,38.5,9,9,1,2026-08-21T23:55:40+00:00
91650,2026-08-05,Yunusobod,1,19236,https://hata.uz/en/listings/object/turkiston-avenue-eng-arzon-narxlarda-va-36-oyga-foizsiz-bolish-tolash-91650,28.9,14,16,1,2026-08-21T23:55:40+00:00
91653,2026-08-05,Yunusobod,2,14000,https://hata.uz/en/listings/object/novostroyka-s-kadastrom-mozhno-v-ipoteku-i-rassrochku-v-yunusabade-eh-91653,60.0,6,9,1,2026-08-21T23:55:40+00:00
91662,2026-08-05,Yunusobod,1,18000,https://hata.uz/en/listings/object/kvartiralar-atigi-600-ye-m2-yangi-hayot-uchun-eng-yaxshi-boshlanish-91662,30.0,12,12,1,2026-08-21T23:55:40+00:00
91667,2026-08-05,Yunusobod,1,18000,https://hata.uz/en/listings/object/bugun-zamonaviy-uyga-egalik-qiling-narxlar-600-yedan-91667,30.0,12,12,1,2026-08-21T23:55:40+00:00
91672,2026-08-05,Yunusobod,1,19255,https://hata.uz/en/listings/object/novostroyka-turkiston-avenyu-295m2-100-tolovga-91672,29.5,12,16,1,2026-08-21T23:55:40+00:00
91676,2026-08-05,Yunusobod,1,21452,https://hata.uz/en/listings/object/super-predlozhenie-v-novostroyke-888-91676,38.7,7,9,1,2026-08-21T23:55:40+00:00
91691,2026-08-05,Yunusobod,1,23853,https://hata.uz/en/listings/object/turkiston-avenue-novostroyka-v-yunusabadskom-r-n-rassrochka-na-36-mes-91691,28.9,4,16,1,2026-08-21T23:55:40+00:00
91699,2026-08-05,Yunusobod,2,15000,https://hata.uz/en/listings/object/shahar-markazida-arzon-narhlarda-bulib-berishga-shu-yil-topshiriladi-bd-91699,52.0,16,4,1,2026-08-21T23:55:40+00:00
91700,2026-08-05,Yunusobod,2,13500,https://hata.uz/en/listings/object/idealno-dlya-semi-i-biznesa-na-novostroyku-v-yunusabade-bg-91700,61.0,6,9,1,2026-08-21T23:55:40+00:00
91702,2026-08-05,Yunusobod,1,18000,https://hata.uz/en/listings/object/toshkent-sizga-yaqin-markazda-uylar-arzon-kvartira-600-ue-m2-dan-91702,30.0,12,12,1,2026-08-21T23:55:40+00:00
91703,2026-08-05,Yunusobod,1,18000,https://hata.uz/en/listings/object/kvartira-biznes-klassa-ot-600-ue-m2-tolko-na-starte-prodazh-222-91703,30.0,12,12,1,2026-08-21T23:55:40+00:00
91716,2026-08-05,Yunusobod,1,18000,https://hata.uz/en/listings/object/arzon-kvartira-arzon-narxda-600-ue-91716,30.0,14,14,1,2026-08-21T23:55:40+00:00
91724,2026-08-05,Yunusobod,1,18000,https://hata.uz/en/listings/object/kvartiralar-600-ye-m2-danzamonaviy-uylar-sotuv-boshlandi-toshkent-91724,30.0,12,12,1,2026-08-21T23:55:40+00:00
91732,2026-08-05,Yunusobod,1,18000,https://hata.uz/en/listings/object/yunusobod-prime-location-just-minutes-from-the-city-center-91732,30.0,12,12,1,2026-08-21T23:55:40+00:00
91736,2026-08-05,Yunusobod,1,18400,https://hata.uz/en/listings/object/turkiston-avenyu-dan-3-boskich-kotlavani-boshlandi-1080-91736,29.5,10,16,1,2026-08-21T23:55:40+00:00
91737,2026-08-05,Yunusobod,1,22500,https://hata.uz/en/listings/object/chala-qozoq-1-6-6-91737,42.0,6,6,1,2026-08-21T23:55:40+00:00
91853,2026-08-05,Yunusobod,1,37000,https://hata.uz/en/listings/object/honsaroy-orzular-2-ta-bir-honali-yonmayon-uylar-sotiladi-91853,38.0,14,17,1,2026-08-21T23:55:40+00:00
91861,2026-08-05,Yunusobod,1,34000,https://hata.uz/en/listings/object/xon-saroy-kvartira-sotiladi-91861,37.0,11,17,1,2026-08-21T23:55:40+00:00
91862,2026-08-05,Yunusobod,1,34000,https://hata.uz/en/listings/object/novostroyka-xonsaroy-yunusobod-91862,37.0,2,17,1,2026-08-21T23:55:40+00:00
91863,2026-08-05,Yunusobod,1,34000,https://hata.uz/en/listings/object/xonsaroy-zorsan-1-xona-sotiladi-91863,37.0,11,17,1,2026-08-21T23:55:40+00:00
91864,2026-08-05,Yunusobod,1,34000,https://hata.uz/en/listings/object/novostroyka-yunusobod-xonsaroy-zorsan-91864,36.6,11,17,1,2026-08-21T23:55:40+00:00
91866,2026-08-05,Yunusobod,1,34000,https://hata.uz/en/listings/object/novostroyka-yunusobod-xonsaroy-91866,37.0,11,17,1,2026-08-21T23:55:40+00:00
91868,2026-08-05,Yunusobod,1,34000,https://hata.uz/en/listings/object/yunusobod-honsaroy-zorsan-91868,37.0,14,17,1,2026-08-21T23:55:40+00:00
91869,2026-08-05,Yunusobod,1,34000,https://hata.uz/en/listings/object/xonsaroy-zorsan-kvartiralar-sotiladi-91869,37.0,11,17,1,2026-08-21T23:55:40+00:00
91870,2026-08-05,Yunusobod,1,34000,https://hata.uz/en/listings/object/xonsaroy-zorsan-kvartira-sotiladi-91870,37.0,11,17,1,2026-08-21T23:55:40+00:00
91871,2026-08-05,Yunusobod,1,34000,https://hata.uz/en/listings/object/yunusobod-honsaroy-zorsan-91871,37.0,11,17,1,2026-08-21T23:55:40+00:00
91872,2026-08-05,Yunusobod,1,34000,https://hata.uz/en/listings/object/xonsaroy-zorsan-1-xona-sotiladi-91872,36.6,11,17,1,2026-08-21T23:55:40+00:00
91876,2026-08-05,Yunusobod,1,34000,https://hata.uz/en/listings/object/xon-saroy-zorsan-kvartira-sotiladi-91876,36.6,11,17,1,2026-08-21T23:55:40+00:00
91878,2026-08-05,Yunusobod,1,26000,https://hata.uz/en/listings/object/yunusobod-betonka-1honali-honadon-bosh-tolov30-kolgani-36oyga-rassrochka-91878,37.2,14,16,1,2026-08-21T23:55:40+00:00
91883,2026-08-05,Yunusobod,3,37390,https://hata.uz/en/listings/object/arzon-narxda-3-komn-kvartira-37-390-ue-po-aktsii-20-skidka-619-91883,64.6,8,9,1,2026-08-21T23:55:40+00:00
91884,2026-08-05,Yunusobod,2,32500,https://hata.uz/en/listings/object/prodaetsya-2-komnatnaya-kvartira-v-individualnom-kirpichnom-dome-91884,43.0,1,3,1,2026-08-21T23:55:40+00:00
91885,2026-08-05,Yunusobod,2,32500,https://hata.uz/en/listings/object/shoshiling-tashkent-tumanida-parvozda-1-2-5-honali-honadonlar-sotiladi-91885,43.0,1,3,1,2026-08-21T23:55:40+00:00
91886,2026-08-05,Yunusobod,2,27000,https://hata.uz/en/listings/object/yashnobod-1-1-3-evro-kirpich-ot-24-42m2z-91886,42.0,1,3,1,2026-08-21T23:55:40+00:00
91890,2026-08-05,Yunusobod,3,32000,https://hata.uz/en/listings/object/kvartira-chirchik-shahar-yangi-uzbekiston-91890,55.0,8,9,1,2026-08-21T23:55:40+00:00
91893,2026-08-05,Yunusobod,1,36000,https://hata.uz/en/listings/object/novostroyka-zhk-sunrise-gotovyy-dom-40m2-100-oplata-91893,40.0,14,16,1,2026-08-21T23:55:40+00:00
91895,2026-08-05,Yunusobod,1,36000,https://hata.uz/en/listings/object/prodazha-novostroyki-zhk-sunrise-1-kom-pri-100-oplate-91895,39.6,14,16,1,2026-08-21T23:55:40+00:00
91901,2026-08-05,Yunusobod,1,27000,https://hata.uz/en/listings/object/ihcham-1-honalik-tayor-honadonlarga-ega-boling-arzon-narhlarda-yunusobod-91901,27.0,11,16,1,2026-08-21T23:55:40+00:00
91902,2026-08-05,Yunusobod,1,34000,https://hata.uz/en/listings/object/yunusobod-honsaroy-zorsan-91902,36.6,6,17,1,2026-08-21T23:55:40+00:00
91903,2026-08-05,Yunusobod,1,34000,https://hata.uz/en/listings/object/xonsaroy-zorsan-novostroyka-yunsobod-91903,37.0,11,17,1,2026-08-21T23:55:40+00:00
91905,2026-08-05,Yunusobod,1,34000,https://hata.uz/en/listings/object/hon-saroy-novostroyka-kvartira-sotiladi-91905,36.6,10,17,1,2026-08-21T23:55:40+00:00
91906,2026-08-05,Yunusobod,1,34000,https://hata.uz/en/listings/object/yunsobod-xonsaroy-zorsan-sotiladi-91906,36.6,10,17,1,2026-08-21T23:55:40+00:00
91907,2026-08-05,Yunusobod,1,34000,https://hata.uz/en/listings/object/xonsaroy-zorsan-kvartira-sotiladi-91907,36.6,11,17,1,2026-08-21T23:55:40+00:00
91908,2026-08-05,Yunusobod,1,34000,https://hata.uz/en/listings/object/honsaroy-novostroyka-kvartira-sotiladi-91908,36.6,13,17,1,2026-08-21T23:55:40+00:00
91909,2026-08-05,Yunusobod,1,27340,https://hata.uz/en/listings/object/novostroyka-turkistan-rassrochka-bez-na-30-mes-91909,37.2,15,16,1,2026-08-21T23:55:40+00:00
91910,2026-08-05,Yunusobod,1,33500,https://hata.uz/en/listings/object/1-xona-30m2-100-tolovga-33500-zhk-sunrise-91910,30.0,2,16,1,2026-08-21T23:55:40+00:00
91913,2026-08-05,Yunusobod,1,34000,https://hata.uz/en/listings/object/yunusobod-rayon-xon-saroy-zorsan-91913,36.6,11,17,1,2026-08-21T23:55:40+00:00
91915,2026-08-05,Yunusobod,1,30600,https://hata.uz/en/listings/object/30m2-v-gotovoy-novostroyke-za-30600-91915,30.0,16,16,1,2026-08-21T23:55:40+00:00
91918,2026-08-05,Yunusobod,1,35000,https://hata.uz/en/listings/object/prodaetsya-1-komnatnaya-kvartira-szadi-high-town-yunsabad-buzsuv-91918,25.0,11,16,1,2026-08-21T23:55:40+00:00
91926,2026-08-05,Yunusobod,1,34000,https://hata.uz/en/listings/object/xon-saroy-zorsan-kvartira-sotiladi-91926,37.0,11,17,1,2026-08-21T23:55:40+00:00
91929,2026-08-05,Yunusobod,1,33000,https://hata.uz/en/listings/object/yunsobod-bodomzorda-novostroyka-1-1-2-25-kv-patkluch-kadastr-bor-sroch-91929,25.0,1,2,1,2026-08-21T23:55:40+00:00
91932,2026-08-05,Yunusobod,1,34000,https://hata.uz/en/listings/object/novostroyka-kvartira-honsaroy-zorsan-91932,36.6,2,17,1,2026-08-21T23:55:40+00:00
91933,2026-08-05,Yunusobod,2,29900,https://hata.uz/en/listings/object/vygodno-novaya-2h-komnatnaya-kvartira-29900-ue-888-91933,45.2,9,9,1,2026-08-21T23:55:40+00:00
91939,2026-08-05,Yunusobod,2,37366,https://hata.uz/en/listings/object/ihcham-2-honalik-honadonlarga-ega-boling-arzon-narhlarda-91939,52.8,9,16,1,2026-08-21T23:55:40+00:00
91948,2026-08-05,Yunusobod,2,35000,https://hata.uz/en/listings/object/siz-kutgan-36-oyga-rassrochka-20-p-v-kamfort-klass-uymi-marhamat-bg-91948,56.0,4,14,1,2026-08-21T23:55:40+00:00
91955,2026-08-05,Yunusobod,1,34000,https://hata.uz/en/listings/object/prodayu-srochno-1-1-2-novostroyka-yu-abad-tsen-34000-ue-s-remontom-91955,36.0,1,2,1,2026-08-21T23:55:40+00:00
91967,2026-08-05,Yunusobod,2,31941,https://hata.uz/en/listings/object/super-narhda-2-honali-honadon-toza-havo-super-lokatsiya-707-91967,54.9,7,9,1,2026-08-21T23:55:40+00:00
91968,2026-08-05,Yunusobod,3,36731,https://hata.uz/en/listings/object/3-hon-super-samfort-36731ue-arzon-honadon-srochna-uch-kahramon-707-91968,64.6,9,9,1,2026-08-21T23:55:40+00:00
91969,2026-08-05,Yunusobod,1,32226,https://hata.uz/en/listings/object/1-2-xonali-xonadonlar-36-oy-muddatli-tolovga-turkiston-avenue-1080-91969,44.1,5,16,1,2026-08-21T23:55:40+00:00
92074,2026-08-05,Yunusobod,1,45500,https://hata.uz/en/listings/object/yunusabad-3-kvartal-novostroyka-1-1-5-92074,30.0,1,5,1,2026-08-21T23:55:40+00:00
92087,2026-08-05,Yunusobod,1,49500,https://hata.uz/en/listings/object/yunusabad-17-1komn-3-5-33m2-kirp-ne-torts-s-arendatorom-or-r-avtoshkola-92087,33.0,3,5,1,2026-08-21T23:55:40+00:00
92090,2026-08-05,Yunusobod,1,40200,https://hata.uz/en/listings/object/prodayu-kvartiru-v-novostroyke-yunusabad-17-kvartal-tseny-ot-zastroyschika-92090,38.0,11,11,1,2026-08-21T23:55:40+00:00
92116,2026-08-05,Yunusobod,1,49900,https://hata.uz/en/listings/object/hay-tek-kvartira-parkentskiy-srochno-92116,35.0,3,3,1,2026-08-21T23:55:40+00:00
92122,2026-08-05,Yunusobod,2,44000,https://hata.uz/en/listings/object/yunusobod-metro-1-xona-44000-novostroyka-92122,28.0,3,10,1,2026-08-21T23:55:40+00:00
92127,2026-08-05,Yunusobod,2,37953,https://hata.uz/en/listings/object/prodazha-novostroyka-vygodnaya-aktsiya-2-h-komn-37-953-619-92127,64.1,6,9,1,2026-08-21T23:55:40+00:00
92128,2026-08-05,Yunusobod,3,41000,https://hata.uz/en/listings/object/prodaetsya-otlichnaya-dupleks-kvartira-92128,87.0,2,3,1,2026-08-21T23:55:40+00:00
92129,2026-08-05,Yunusobod,3,41000,https://hata.uz/en/listings/object/shoshiling-zhuda-zur-imkoniyatdan-foydalanib-koling-92129,87.0,2,3,1,2026-08-21T23:55:40+00:00
92130,2026-08-05,Yunusobod,2,41000,https://hata.uz/en/listings/object/shoshiling-zhuda-zur-narhda-honadon-harid-kiling-92130,60.0,1,3,1,2026-08-21T23:55:40+00:00
92131,2026-08-05,Yunusobod,1,48500,https://hata.uz/en/listings/object/novostroyka-yunusabod-4kv-1-8-11-38kv-srochnokvartira-92131,38.0,8,11,1,2026-08-21T23:55:40+00:00
92148,2026-08-05,Yunusobod,1,52000,https://hata.uz/en/listings/object/yunusabad-novastroyka-manzara-siti-1-12-13-92148,30.0,12,13,1,2026-08-21T23:55:40+00:00
92154,2026-08-05,Yunusobod,1,52000,https://hata.uz/en/listings/object/prodazha-yunus-abad-11-1-8-10-52000ue-92154,42.0,8,10,1,2026-08-21T23:55:40+00:00
92156,2026-08-05,Yunusobod,2,54000,https://hata.uz/en/listings/object/novostroyka-yunusobod-xon-saroy-92156,54.4,11,17,1,2026-08-21T23:55:40+00:00
92157,2026-08-05,Yunusobod,2,52000,https://hata.uz/en/listings/object/xonsaroy-zorsan-2-xona-sotiladi-92157,54.4,11,17,1,2026-08-21T23:55:40+00:00
92158,2026-08-05,Yunusobod,2,52000,https://hata.uz/en/listings/object/yunusobod-novostroyka-kvartira-honsaroy-92158,54.4,11,17,1,2026-08-21T23:55:40+00:00
92166,2026-08-05,Yunusobod,2,54000,https://hata.uz/en/listings/object/xon-saroy-zorsan-2-xona-sotiladi-92166,54.4,11,17,1,2026-08-21T23:55:40+00:00
92167,2026-08-05,Yunusobod,2,54000,https://hata.uz/en/listings/object/yunusobod-xon-saroy-zorsan-92167,54.4,14,17,1,2026-08-21T23:55:40+00:00
92169,2026-08-05,Yunusobod,2,55000,https://hata.uz/en/listings/object/prodaetsya-yakksaraykiy-92169,55.0,8,9,1,2026-08-21T23:55:40+00:00
92171,2026-08-05,Yunusobod,2,55165,https://hata.uz/en/listings/object/yunusabad-biznes-siti-novostroyka-rassrochka-po-875mln-30-mesyatsev-eh-92171,52.6,14,16,1,2026-08-21T23:55:40+00:00
92174,2026-08-05,Yunusobod,4,51000,https://hata.uz/en/listings/object/shoshiling-parvozda-4-honali-dupleks-honadon-92174,108.0,2,3,1,2026-08-21T23:55:40+00:00
92175,2026-08-05,Yunusobod,1,54500,https://hata.uz/en/listings/object/yunusabod-15kv-1-3-9-srochno-kvartira-novostroyka-92175,38.0,3,9,1,2026-08-21T23:55:40+00:00
92184,2026-08-05,Yunusobod,2,55000,https://hata.uz/en/listings/object/srochno-prodaetsya-yunusobod-13-kv-2-7-11-navastroyka-92184,52.0,7,11,1,2026-08-21T23:55:40+00:00
92190,2026-08-05,Yunusobod,1,55000,https://hata.uz/en/listings/object/prodayu-yunusabad-8-zhk-millenium-korobka-48-kvadratov-92190,48.0,9,9,1,2026-08-21T23:55:40+00:00
92191,2026-08-05,Yunusobod,2,54000,https://hata.uz/en/listings/object/xonsaroy-zorsan-12-etaj-sotiladi-92191,5.0,12,17,1,2026-08-21T23:55:40+00:00
92199,2026-08-05,Yunusobod,1,55000,https://hata.uz/en/listings/object/2h-komnatnaya-v-gotovoy-novostroyke-655m2-v-yunusabadskom-rayone-92199,65.5,15,16,1,2026-08-21T23:55:40+00:00
92202,2026-08-05,Yunusobod,2,53000,https://hata.uz/en/listings/object/srochno-prodaetsya-2-7-11-yunusabad-13-92202,51.0,7,11,1,2026-08-21T23:55:40+00:00
92206,2026-08-05,Yunusobod,1,55000,https://hata.uz/en/listings/object/1-xonalik-uy-sotiladi-92206,43.0,3,7,1,2026-08-21T23:55:40+00:00
92208,2026-08-05,Yunusobod,2,53000,https://hata.uz/en/listings/object/2-h-komnatnaya-v-zhk-high-towen-city-kadastr-skoro-id-3750-92208,39.0,13,17,1,2026-08-21T23:55:40+00:00
92209,2026-08-05,Yunusobod,2,53000,https://hata.uz/en/listings/object/2-h-komnatnaya-v-zhk-high-towen-city-id-3750-92209,39.0,13,17,1,2026-08-21T23:55:40+00:00
92217,2026-08-05,Yunusobod,1,51500,https://hata.uz/en/listings/object/yunusabad-11-novostroyka-4110m2-kadastr-est-92217,41.1,7,11,1,2026-08-21T23:55:40+00:00
92231,2026-08-05,Yunusobod,2,54500,https://hata.uz/en/listings/object/prodazha-yunus-abad-15-1-3-9-54500ue-92231,38.0,3,9,1,2026-08-21T23:55:40+00:00
92255,2026-08-05,Yunusobod,1,54500,https://hata.uz/en/listings/object/prodaetsya-1-komnatnaya-kvartira-na-yunusabad-15-or-r-restoran-bahor-92255,38.0,1,9,1,2026-08-21T23:55:40+00:00
92256,2026-08-05,Yunusobod,1,54500,https://hata.uz/en/listings/object/1-komnatnaya-kvartira-yunusabad-restoran-bahor-1-3-9-92256,38.0,3,9,1,2026-08-21T23:55:40+00:00
92327,2026-08-04,Bektemir,2,55000,https://hata.uz/en/listings/object/kvartira-2h-komnatnaya-92327,62.0,10,16,1,2026-08-21T23:55:40+00:00
92363,2026-08-05,Yunusobod,1,56760,https://hata.uz/en/listings/object/your-new-home-in-tashkent-from-just-1290-ue-m2-92363,44.0,12,12,1,2026-08-21T23:55:40+00:00
92367,2026-08-05,Yunusobod,2,57000,https://hata.uz/en/listings/object/poytaxt-gavhari-2-10-10-s-remontom-38m2-novostroyka-v-tsentre-ts2-92367,38.0,10,10,1,2026-08-21T23:55:40+00:00
92370,2026-08-05,Yunusobod,1,57000,https://hata.uz/en/listings/object/alayski-novostroyka-1v210-10-otlichnaya-lokatsiya-92370,38.0,10,10,1,2026-08-21T23:55:40+00:00
92440,2026-08-05,Yunusobod,1,56760,https://hata.uz/en/listings/object/uy-emas-bu-sizning-kelajagingizni-yorituvchi-investitsiya-92440,44.0,25,25,1,2026-08-21T23:55:40+00:00
92515,2026-08-04,Olmazor,3,60000,https://hata.uz/en/listings/object/olmos-mahalla-uy-sotiladi-16-etazhka-10-etazh-92515,67.0,10,16,1,2026-08-21T23:55:40+00:00
92539,2026-08-05,Shayhontohur,2,59500,https://hata.uz/en/listings/object/kokchada-2-4-5-novostroyka-92539,49.0,4,5,1,2026-08-21T23:55:40+00:00
92566,2026-08-05,Yunusobod,2,64000,https://hata.uz/en/listings/object/srochno-prodam-2-1-10-s-remontom-zhk-manzara-yunusabad-or-n-hi-towen-92566,46.0,1,10,1,2026-08-21T23:55:40+00:00
92582,2026-08-05,Yunusobod,3,66000,https://hata.uz/en/listings/object/yunusabad-13-3-8-8-82m2-novostroyka-92582,82.0,8,8,1,2026-08-21T23:55:40+00:00
92583,2026-08-05,Yunusobod,1,65000,https://hata.uz/en/listings/object/imperial-club-city-alayskiy-ts-2-prodam-srochno-kvartiru-1-11-14-33m2-92583,33.0,11,14,1,2026-08-21T23:55:40+00:00
92594,2026-08-05,Yunusobod,2,67500,https://hata.uz/en/listings/object/yunusabad-14-2-14-16-evro-obst-zhk-hon-saroy-92594,55.0,14,16,1,2026-08-21T23:55:40+00:00
92620,2026-08-05,Yunusobod,2,64000,https://hata.uz/en/listings/object/2h-kom-s-remontom-zhk-manzara-or-n-hi-towen-nb-92620,46.0,1,10,1,2026-08-21T23:55:40+00:00
92648,2026-08-05,Yunusobod,2,63500,https://hata.uz/en/listings/object/prodazha-kvartira-yunusabat-o-r-manzara-city-2-5-9-92648,44.0,5,9,1,2026-08-21T23:55:40+00:00
92655,2026-08-05,Yunusobod,2,68000,https://hata.uz/en/listings/object/tezlik-bn-2xonali-novastroyka-sotiladi-lokatsiya-uchqahramon-2-14-16-92655,64.8,14,16,1,2026-08-21T23:55:40+00:00
92725,2026-08-04,Mirzo Ulugbek,3,68000,https://hata.uz/en/listings/object/novostroyka-zhk-olimp-3-komnatnaya-9-etazh-932m2-monolit-korobka-92725,93.2,9,12,1,2026-08-21T23:55:40+00:00
92764,2026-08-05,Yunusobod,1,71400,https://hata.uz/en/listings/object/novostroyka-na-yunusabade-14-1pered-v-2-92764,46.0,7,9,1,2026-08-21T23:55:40+00:00
92769,2026-08-05,Yunusobod,2,75000,https://hata.uz/en/listings/object/imperial-club-city-vid-na-dvor-37m2-2-12-13-92769,37.0,12,13,1,2026-08-21T23:55:40+00:00
92770,2026-08-05,Yunusobod,2,75000,https://hata.uz/en/listings/object/shayxontoxur-tumani-samarqand-darvaza-uch-lolada-2-2-12-kvartira-sotil-92770,56.0,2,12,1,2026-08-21T23:55:40+00:00
92789,2026-08-05,Yunusobod,2,69500,https://hata.uz/en/listings/object/yunusabad-11-2-4-9-novostroyka-orientir-megaplanet-92789,41.0,4,9,1,2026-08-21T23:55:40+00:00
92790,2026-08-05,Yunusobod,2,69500,https://hata.uz/en/listings/object/yunusabad-11-2-2-9-orientir-megaplanet-92790,41.0,2,11,1,2026-08-21T23:55:40+00:00
92797,2026-08-05,Yunusobod,2,72500,https://hata.uz/en/listings/object/prodaetsya-kvartira-ulitsa-chinabad-2-9-11-v-novostroyke-s-evro-remontom-92797,50.0,9,11,1,2026-08-21T23:55:40+00:00
92801,2026-08-05,Yunusobod,2,73000,https://hata.uz/en/listings/object/zhk-euro-house-2-komnatnaya-46-m2-yunusabad-tts-high-town-92801,46.0,7,10,1,2026-08-21T23:55:40+00:00
92803,2026-08-05,Yunusobod,1,69000,https://hata.uz/en/listings/object/prodaetsya-kvartira-v-novostroyke-92803,39.84,7,7,1,2026-08-21T23:55:40+00:00
92804,2026-08-05,Yunusobod,2,72000,https://hata.uz/en/listings/object/super-start-dlya-vashego-remonta-zhk-parlament-2-15-16-64m2-or-yunusabad-92804,64.0,15,16,1,2026-08-21T23:55:40+00:00
92806,2026-08-05,Yunusobod,1,72000,https://hata.uz/en/listings/object/prodaetsya-1v2-kom-kvartira-zhk-muhtasham-or-r-finansinstitut-46m2-92806,46.0,1,5,1,2026-08-21T23:55:40+00:00
92823,2026-08-05,Yunusobod,2,72000,https://hata.uz/en/listings/object/yunusabad-posolstvo-ssha-zhk-parlament-2-komnatnaya-64m2-korobka-92823,64.0,15,16,1,2026-08-21T23:55:40+00:00
92844,2026-08-05,Yunusobod,2,72000,https://hata.uz/en/listings/object/super-start-kvartira-v-parlament-2-kom-korobka-64m-or-posolstvo-ssha-92844,64.0,15,16,1,2026-08-21T23:55:40+00:00
92846,2026-08-05,Yunusobod,2,71000,https://hata.uz/en/listings/object/prodaetsya-2h-kom-novostroyka-yunuabad-chinabad-92846,46.0,7,10,1,2026-08-21T23:55:40+00:00
92851,2026-08-05,Yunusobod,2,69500,https://hata.uz/en/listings/object/ikat-2-komn-s-evro-remontom-po-luchshey-tsene-yunusabada-metro-92851,53.0,9,11,1,2026-08-21T23:55:40+00:00
92860,2026-08-05,Yunusobod,2,75000,https://hata.uz/en/listings/object/sotiladi-badamzar-2-kom-kvartira-92860,54.0,7,10,1,2026-08-21T23:55:40+00:00
92865,2026-08-05,Yunusobod,2,72000,https://hata.uz/en/listings/object/srochno-prodaetsya-yunusobod-14-kv-2-7-9-navastroyka-92865,46.0,7,9,1,2026-08-21T23:55:40+00:00
92866,2026-08-05,Yunusobod,2,71500,https://hata.uz/en/listings/object/novostroyka-na-yunusabad-14-2-7-9-studiya-avtorskiy-remort-92866,45.88,7,9,1,2026-08-21T23:55:40+00:00
92886,2026-08-05,Yunusobod,2,73000,https://hata.uz/en/listings/object/yunusobod-15kv-2-7-9-sotiladi-92886,50.0,7,9,1,2026-08-21T23:55:40+00:00
92892,2026-08-05,Yunusobod,2,72500,https://hata.uz/en/listings/object/prodaetsya-shikarnaya-2-komnatnaya-kvartira-novostroyka-evrohaus-92892,46.0,7,10,1,2026-08-21T23:55:40+00:00
92910,2026-08-05,Yunusobod,3,74000,https://hata.uz/en/listings/object/yuunusabad-15-kvartal-92910,68.0,2,4,1,2026-08-21T23:55:40+00:00
92997,2026-08-05,Yunusobod,2,77900,https://hata.uz/en/listings/object/prodam-kvartira-v-yunusabadskom-2h-komnat-ul-usta-shirin-nrg-jomiy-92997,43.0,9,12,1,2026-08-21T23:55:40+00:00
93017,2026-08-05,Yunusobod,3,78500,https://hata.uz/en/listings/object/srochno-prodaetsya-yunusobod-6-kv-3-2-4-ipoteka-mozhno-93017,72.0,2,4,1,2026-08-21T23:55:40+00:00
93023,2026-08-05,Yunusobod,2,79500,https://hata.uz/en/listings/object/a43-yunusobod-tumani-14kvartil-2-4-9-navastryoka-93023,52.0,4,9,1,2026-08-21T23:55:40+00:00
93024,2026-08-05,Yunusobod,3,78500,https://hata.uz/en/listings/object/3k-6-8-et-korobka-8638-m2-u-metro-shahristan-i-voennogo-suda-93024,86.38,6,8,1,2026-08-21T23:55:40+00:00
93025,2026-08-05,Yunusobod,2,77000,https://hata.uz/en/listings/object/2h-komnatnaya-kvartira-novostroyka-yunusobad-13-kvartal-93025,50.0,9,11,1,2026-08-21T23:55:40+00:00
93026,2026-08-05,Yunusobod,2,78000,https://hata.uz/en/listings/object/srochno-kvartira-s-evro-remontom-v-yunusabade-2-4-9-51m2-or-14-kvartal-93026,51.0,4,9,1,2026-08-21T23:55:40+00:00
93027,2026-08-05,Yunusobod,2,79500,https://hata.uz/en/listings/object/2-komnatnaya-61-m2-terrasa-5-8-etazh-yunusabad-zhk-pandora-93027,86.0,5,8,1,2026-08-21T23:55:40+00:00
93036,2026-08-05,Yunusobod,2,79300,https://hata.uz/en/listings/object/kvartira-prodaetsya-2-3-26-na-zhk-venetsiya-93036,61.0,3,26,1,2026-08-21T23:55:40+00:00
93044,2026-08-05,Yunusobod,2,78200,https://hata.uz/en/listings/object/yunusabad-14-2-4-9-evroremont-obst-or-samara-93044,52.0,4,9,1,2026-08-21T23:55:40+00:00
93064,2026-08-05,Yunusobod,2,78000,https://hata.uz/en/listings/object/novostroyka-yunusabod-14kv-2-4-9-evrokvartira-53kv-93064,52.0,4,9,1,2026-08-21T23:55:40+00:00
93067,2026-08-05,Yunusobod,3,78500,https://hata.uz/en/listings/object/3-komn-86m2-korobka-6-8-et-yunusabad-2-metro-shahristan-93067,86.38,6,8,1,2026-08-21T23:55:40+00:00
93068,2026-08-05,Yunusobod,2,77000,https://hata.uz/en/listings/object/shahristanskaya-zhk-kamal-construction-2-4-9-haytek-93068,52.0,4,9,1,2026-08-21T23:55:40+00:00
93081,2026-08-05,Yunusobod,3,82000,https://hata.uz/en/listings/object/yunusobod-11-kvartal-3-hona-7407-m2-kadastr-bor-93081,74.07,3,10,1,2026-08-21T23:55:40+00:00
93088,2026-08-05,Yunusobod,3,85000,https://hata.uz/en/listings/object/yunusobod-11-kvartal-3-hona-7383-m2-kadastr-bor-93088,73.83,6,10,1,2026-08-21T23:55:40+00:00
93106,2026-08-05,Yunusobod,2,87000,https://hata.uz/en/listings/object/prodaetsya-2-h-komnatnaya-kvartira-v-zhk-imperial-club-city-93106,47.0,6,13,1,2026-08-21T23:55:40+00:00
93107,2026-08-05,Yunusobod,2,83000,https://hata.uz/en/listings/object/yunusabad-9-novostroyka-2-5-9-evro-remont-pod-klyuch-93107,56.0,5,9,1,2026-08-21T23:55:40+00:00
93113,2026-08-05,Yunusobod,3,87500,https://hata.uz/en/listings/object/yunusabad-18-3-6-8-novostroyka-orientir-perekrestok-sayram-93113,80.0,6,8,1,2026-08-21T23:55:40+00:00
93115,2026-08-05,Yunusobod,2,82500,https://hata.uz/en/listings/object/yunusabad-14-2-1-4-orientir-korzinka-93115,58.0,1,4,1,2026-08-21T23:55:40+00:00
93124,2026-08-05,Yunusobod,3,85000,https://hata.uz/en/listings/object/ts-5-3h-9-9-74m2-galer-panel-remont-sred-or-r-monument-muzhestva-93124,74.0,9,9,1,2026-08-21T23:55:40+00:00
93125,2026-08-05,Yunusobod,2,86000,https://hata.uz/en/listings/object/zhk-diplomat-ot-hon-saroy-2v3-6-16-55m2-25m2-or-r-posolstvo-ssha-93125,80.0,6,16,1,2026-08-21T23:55:40+00:00
93128,2026-08-05,Yunusobod,3,85000,https://hata.uz/en/listings/object/vygodnoe-vlozhenie-kvartira-s-arendatorami-metro-turkistan-id008-93128,50.0,1,4,1,2026-08-21T23:55:40+00:00
93137,2026-08-05,Yunusobod,2,82500,https://hata.uz/en/listings/object/yunusabad-9-2-4-9-evro-novostr-zhk-komfort-haus-93137,56.0,4,9,1,2026-08-21T23:55:40+00:00
93144,2026-08-05,Yunusobod,3,84000,https://hata.uz/en/listings/object/prodaetsya-kvartira-zhk-modern-stroy-3-komnatnaya-93144,87.0,9,14,1,2026-08-21T23:55:40+00:00
93147,2026-08-05,Yunusobod,3,87000,https://hata.uz/en/listings/object/yunusabad-19-novostroyka-3-7-11-honsaroy-93147,66.0,7,11,1,2026-08-21T23:55:40+00:00
93159,2026-08-05,Yunusobod,3,92620,https://hata.uz/en/listings/object/yunusobod-11-kvartal-3-hona-8420-m2-kadastr-bor-93159,84.2,9,10,1,2026-08-21T23:55:40+00:00
93162,2026-08-05,Yunusobod,2,90000,https://hata.uz/en/listings/object/holimdzhan-novostroyka-2-6-9-poytaht-gavhari-58m2-93162,58.0,6,9,1,2026-08-21T23:55:40+00:00
93168,2026-08-05,Yunusobod,2,90000,https://hata.uz/en/listings/object/zhk-parlament-yun-6-kvartal-2h-komnatnaya-vse-razdelno-novyy-remont-93168,62.0,7,16,1,2026-08-21T23:55:40+00:00
93172,2026-08-05,Yunusobod,3,89900,https://hata.uz/en/listings/object/3h-kom-kvartira-novostroyka-zhk-hon-saroy-3-7-11-93172,66.0,7,11,1,2026-08-21T23:55:40+00:00
93173,2026-08-05,Yunusobod,3,92500,https://hata.uz/en/listings/object/yunusabad-4-34-3-4-kirpich-evroremont-or-sezam-76kv-93173,76.0,3,4,1,2026-08-21T23:55:40+00:00
93189,2026-08-05,Yunusobod,2,89000,https://hata.uz/en/listings/object/honsaroy-zh-k-parlament-2h-komn-9-16-zhilaya-55-10m2-terrasa-93189,65.0,2,16,1,2026-08-21T23:55:40+00:00
93201,2026-08-05,Yunusobod,2,91500,https://hata.uz/en/listings/object/yunusabad-6-2-14-16-evro-obst-zhk-parlament-93201,62.0,14,16,1,2026-08-21T23:55:40+00:00
93203,2026-08-05,Yunusobod,2,90000,https://hata.uz/en/listings/object/zhk-poytaxt-gavhari-na-ulabdulla-kodyriy-93203,58.0,6,9,1,2026-08-21T23:55:40+00:00
93211,2026-08-05,Yunusobod,2,90000,https://hata.uz/en/listings/object/2-h-komnatnaya-v-rayone-alayskogo-v-zhk-poytaxt-gavhari-id-3765-93211,58.0,6,9,1,2026-08-21T23:55:40+00:00
93212,2026-08-05,Yunusobod,2,90000,https://hata.uz/en/listings/object/2-h-komnatnaya-v-zhk-poytaxt-gavhari-srednee-sostoyanie-id-3765-93212,58.0,6,9,1,2026-08-21T23:55:40+00:00
93214,2026-08-05,Yunusobod,3,92000,https://hata.uz/en/listings/object/srochno-prodaetsya-yunusobod-9-kv-2-34-5-bankovskoy-dom-93214,71.0,4,5,1,2026-08-21T23:55:40+00:00
93215,2026-08-05,Yunusobod,2,90000,https://hata.uz/en/listings/object/2h-kom-kvartira-zhk-hon-saroy-parlament-93215,62.0,7,16,1,2026-08-21T23:55:40+00:00
93216,2026-08-05,Yunusobod,2,90000,https://hata.uz/en/listings/object/shikarnaya-2h-kom-kv-v-novostroyke-parlament-93216,62.0,7,16,1,2026-08-21T23:55:40+00:00
93219,2026-08-05,Yunusobod,2,90000,https://hata.uz/en/listings/object/srochno-zhk-poytaxt-gavhari-2-6-9-58m2or-r-alayskiy-93219,58.0,6,9,1,2026-08-21T23:55:40+00:00
93221,2026-08-05,Yunusobod,2,90000,https://hata.uz/en/listings/object/ts2-alayskiy-novostroyka-2-6-9-poytaht-gavhari-58m2-93221,58.0,6,9,1,2026-08-21T23:55:40+00:00
93223,2026-08-05,Yunusobod,3,93000,https://hata.uz/en/listings/object/srochno-yunus-obod-9-3-6-9-w108-93223,105.0,6,9,1,2026-08-21T23:55:40+00:00
93233,2026-08-05,Yunusobod,2,90000,https://hata.uz/en/listings/object/yunusabad-6-2-7-16-evro-obst-zhk-parlament-93233,62.0,7,16,1,2026-08-21T23:55:40+00:00
93234,2026-08-05,Yunusobod,2,90000,https://hata.uz/en/listings/object/poytaxt-gavhari-prodaetsya-2-komnatnaya-kvartira-ulakadyriy-alayskiy-93234,58.0,6,9,1,2026-08-21T23:55:40+00:00
93243,2026-08-05,Yunusobod,3,92000,https://hata.uz/en/listings/object/evro-remont-yu-abad-11-3-9-10-novostroyka-zhk-komfort-haus-93243,82.0,9,10,1,2026-08-21T23:55:40+00:00
93260,2026-08-05,Yunusobod,3,90000,https://hata.uz/en/listings/object/srochno-3h-kom-kvartira-yunusobod-7-kvartal-novostroyka-3-2-6-93260,85.0,2,6,1,2026-08-21T23:55:40+00:00
93311,2026-08-05,Yunusobod,2,88365,https://hata.uz/en/listings/object/27-qavatli-uydan-arzon-2-xonali-kvartira-5-qavat-1290-ue-dan-93311,68.5,5,27,1,2026-08-21T23:55:40+00:00
93359,2026-08-05,Yakkasaroy,2,89999,https://hata.uz/en/listings/object/prodaetsya-zhk-new-port-one-house-yakkasaraskiy-rayon-93359,55.88,3,19,1,2026-08-21T23:55:40+00:00
93383,2026-08-04,Mirzo Ulugbek,3,89000,https://hata.uz/en/listings/object/prodam-kvartiru-v-novostroykah-mulugbekskom-rayone-93383,74.0,8,9,1,2026-08-21T23:55:40+00:00
93389,2026-08-04,Mirzo Ulugbek,3,92000,https://hata.uz/en/listings/object/kvartira-sotiladi-93389,74.0,4,9,1,2026-08-21T23:55:40+00:00
93398,2026-08-05,Yunusobod,2,99000,https://hata.uz/en/listings/object/zhk-kazahstan-ts-6-mminor-2-komn-5-10-59-m2-korobka-zakrytyy-dvor-93398,59.0,5,10,1,2026-08-21T23:55:40+00:00
93410,2026-08-05,Yunusobod,3,100000,https://hata.uz/en/listings/object/yunusobod-15-naprotiv-metro-turkistan-93410,88.0,3,6,1,2026-08-21T23:55:40+00:00
93412,2026-08-05,Yunusobod,2,94000,https://hata.uz/en/listings/object/yunusabad-11-kvartal-novastroyka-2-1-10-93412,58.0,1,10,1,2026-08-21T23:55:40+00:00
93424,2026-08-05,Yunusobod,3,95000,https://hata.uz/en/listings/object/prodaetsya-kvartira-vozle-megoplaneta-3x-komnatanaya-kvartira-id10-93424,90.0,5,9,1,2026-08-21T23:55:40+00:00
93449,2026-08-05,Yunusobod,2,95000,https://hata.uz/en/listings/object/srochna-prodaetsya-komfortnaya-kvartira-zhk-labzak-yunusabad-2-8-9-68-m2-93449,68.0,8,9,1,2026-08-21T23:55:40+00:00
93452,2026-08-05,Yunusobod,2,95000,https://hata.uz/en/listings/object/zhk-shinam-badamzar-byvshiy-plov-tsentr-2-7-9-s-mebelyu-i-tehnikoy-93452,57.0,7,9,1,2026-08-21T23:55:40+00:00
93453,2026-08-05,Yunusobod,2,99900,https://hata.uz/en/listings/object/poytah-gavhari-2-8-10-40m2-evro-halimdzhana-ts2-tl-93453,40.0,8,10,1,2026-08-21T23:55:40+00:00
93457,2026-08-05,Yunusobod,2,99000,https://hata.uz/en/listings/object/tsentr-ts6-novostroyka-zhk-kazakhstan-2-komnatnaya-5-etazh-59m2-korobka-93457,59.0,5,10,1,2026-08-21T23:55:40+00:00
93462,2026-08-05,Yunusobod,2,95000,https://hata.uz/en/listings/object/2-8-9-zhk-shinam-badamzar-byvshiy-tsentr-plova-93462,57.0,8,9,1,2026-08-21T23:55:40+00:00
93469,2026-08-05,Yunusobod,3,94500,https://hata.uz/en/listings/object/komfort-haus-3-2-9-105-m2-93469,105.0,2,9,1,2026-08-21T23:55:40+00:00
93476,2026-08-05,Yunusobod,3,95000,https://hata.uz/en/listings/object/yunusobod-6-kvartal-3-hona-navastroyka-hon-saroy-3-11-16-93476,65.0,11,16,1,2026-08-21T23:55:40+00:00
93480,2026-08-05,Yunusobod,1,95000,https://hata.uz/en/listings/object/srochno-prodaetsya-shikarnaya-1-komnatnaya-kvartira-v-tsentre-goroda-93480,55.0,5,10,1,2026-08-21T23:55:40+00:00
93482,2026-08-05,Yunusobod,3,95000,https://hata.uz/en/listings/object/prodazha-3-komnatnaya-novyy-evro-remont-yunusabad-17-kvartal-93482,77.0,4,4,1,2026-08-21T23:55:40+00:00
93486,2026-08-05,Yunusobod,3,99999,https://hata.uz/en/listings/object/srochno-gorit-usta-shirin-korobka-9080m2-usta-shirin-malika-arzon-93486,90.8,5,10,1,2026-08-21T23:55:40+00:00
93496,2026-08-05,Yunusobod,2,99000,https://hata.uz/en/listings/object/prodam-2-6-10-ts-6-minor-zhk-kazahstan-93496,59.0,5,10,1,2026-08-21T23:55:40+00:00
93501,2026-08-05,Yunusobod,3,95000,https://hata.uz/en/listings/object/prodaetsya-novostroyka-zhk-venetsiya-or-r-mechet-minor-93501,70.0,8,25,1,2026-08-21T23:55:40+00:00
93504,2026-08-05,Yunusobod,3,95000,https://hata.uz/en/listings/object/megaplanet-3-9-10-80m2-komfort-haus-93504,80.0,9,10,1,2026-08-21T23:55:40+00:00
93513,2026-08-05,Yunusobod,3,97000,https://hata.uz/en/listings/object/srochno-prodaetsya-kvartira-3-5-7-93513,72.2,5,7,1,2026-08-21T23:55:40+00:00
93520,2026-08-05,Yunusobod,2,94000,https://hata.uz/en/listings/object/n4776-yunusobod-tumani-11-kvartal-novostroyka-2-1-11-93520,58.0,1,11,1,2026-08-21T23:55:40+00:00
93521,2026-08-05,Yunusobod,2,99000,https://hata.uz/en/listings/object/2-5-9-zhk-kazahstan-ts-5-93521,59.27,5,10,1,2026-08-21T23:55:40+00:00
93616,2026-08-05,Yunusobod,3,106000,https://hata.uz/en/listings/object/novostroyka-3-2-9-84-kvm-yunusobod-rayonda-106-000-ue-93616,85.0,2,9,1,2026-08-21T23:55:40+00:00
93617,2026-08-05,Yunusobod,6,105000,https://hata.uz/en/listings/object/toshkent-uchkahramon-yangi-hovli-rassrochka-5-yilgacha-foizsiz-93617,440.0,1,2,1,2026-08-21T23:55:40+00:00
93637,2026-08-05,Yunusobod,3,105000,https://hata.uz/en/listings/object/yunusabad-8-zhk-shohsaroy-uylari-3-8-11-meblirovana-93637,72.0,8,11,1,2026-08-21T23:55:40+00:00
93638,2026-08-05,Yunusobod,4,110000,https://hata.uz/en/listings/object/yunusobod-9-kvartal-4-honali-1125-m2-srochniy-sotiladi-93638,112.5,4,9,1,2026-08-21T23:55:40+00:00
93639,2026-08-05,Yunusobod,3,102000,https://hata.uz/en/listings/object/yunusobod-9-kvartal-3-honali-1015-m2-srochniy-sotiladi-93639,101.5,2,9,1,2026-08-21T23:55:40+00:00
93645,2026-08-05,Yunusobod,3,110000,https://hata.uz/en/listings/object/nizkaya-tsena-yunusabadskiy-rayon-zhk-komfort-haus-shikarnaya-3-kom-id07-93645,95.0,4,10,1,2026-08-21T23:55:40+00:00
93664,2026-08-05,Yunusobod,3,105000,https://hata.uz/en/listings/object/srochno-prodaetsya-yunusobod-8-kv-3-8-11-shohsaroy-navastroyka-93664,72.0,8,11,1,2026-08-21T23:55:40+00:00
93666,2026-08-05,Yunusobod,3,105000,https://hata.uz/en/listings/object/3h-komnatnaya-kvartira-zhk-shohsaroy-yunusabad-8-kvartal-93666,72.0,8,11,1,2026-08-21T23:55:40+00:00
93677,2026-08-05,Yunusobod,3,109000,https://hata.uz/en/listings/object/yunusabad-11-zh-k-comfort-house-3h-4-10-72m2-or-r-megaplanet-93677,72.0,4,10,1,2026-08-21T23:55:40+00:00
93678,2026-08-05,Yunusobod,3,110000,https://hata.uz/en/listings/object/zh-k-comfort-house-3komn-4-10-72m2-ne-torts-evroremont-or-r-mega-93678,72.0,4,10,1,2026-08-21T23:55:40+00:00
93681,2026-08-05,Yunusobod,3,109000,https://hata.uz/en/listings/object/yunusabad-11-zh-k-comfort-house-3h-komn-4-10-72m2-tsena-109000-93681,72.0,4,10,1,2026-08-21T23:55:40+00:00
93683,2026-08-05,Yunusobod,2,105000,https://hata.uz/en/listings/object/prodayu-svoyu-2k-kvartiru-torg-umesten-zhk-kazahstan-id008-93683,60.0,9,10,1,2026-08-21T23:55:40+00:00
93690,2026-08-05,Yunusobod,2,105000,https://hata.uz/en/listings/object/2-h-komnatnaya-v-zhk-botanica-saroyi-bez-remonta-id-3683-93690,58.0,12,14,1,2026-08-21T23:55:40+00:00
93691,2026-08-05,Yunusobod,2,105000,https://hata.uz/en/listings/object/2-h-komnatnaya-v-zhk-botanica-saroyi-korobka-id-3683-93691,58.0,12,14,1,2026-08-21T23:55:40+00:00
93707,2026-08-05,Yunusobod,3,107000,https://hata.uz/en/listings/object/ozimi-uyim-yunsobot-9kv-3xonali-93707,77.0,1,4,1,2026-08-21T23:55:40+00:00
93723,2026-08-05,Yunusobod,2,104999,https://hata.uz/en/listings/object/zhk-poytaht-gavhari-2-7-10-40m2-evro-halimdzhanats2-tsena-dogovornaya-tl-93723,40.0,7,10,1,2026-08-21T23:55:40+00:00
93735,2026-08-05,Yunusobod,3,105000,https://hata.uz/en/listings/object/prodaetsya-novostroyka-3-8-10-darhan-basri-baba-zhk-poytaxt-gavhari-93735,80.0,8,10,1,2026-08-21T23:55:40+00:00
93746,2026-08-05,Yunusobod,2,104000,https://hata.uz/en/listings/object/n4778-yunusobod-tumani-18-kvartal-2-8-10-93746,82.0,8,10,1,2026-08-21T23:55:40+00:00
93761,2026-08-05,Yunusobod,4,110000,https://hata.uz/en/listings/object/yunus-obod-8-kvartilda-10021-kvadrat-4-xona-navastroyka-srochniy-93761,100.0,7,9,1,2026-08-21T23:55:40+00:00
93855,2026-08-05,Yunusobod,4,125000,https://hata.uz/en/listings/object/prodaetsya-4-komnatnaya-kvartira-v-zhk-ikat-2-etazh-iz-11-93855,100.7,2,11,1,2026-08-21T23:55:40+00:00
93887,2026-08-05,Yunusobod,4,123000,https://hata.uz/en/listings/object/yunsobd-9-kv-novostroyka-uyning-4-honali-srochniy-sotiladi-93887,112.52,5,9,1,2026-08-21T23:55:40+00:00
93898,2026-08-05,Yunusobod,3,116300,https://hata.uz/en/listings/object/prodaetsya-kvartira-shahristanskaya-3-6-8-93898,88.0,6,8,1,2026-08-21T23:55:40+00:00
93902,2026-08-05,Yunusobod,3,115000,https://hata.uz/en/listings/object/beshchinorda-3-xona-85-kv-2-sanuzel-93902,85.0,10,16,1,2026-08-21T23:55:40+00:00
93903,2026-08-05,Yunusobod,3,120000,https://hata.uz/en/listings/object/mega-planet-novostroyka-3-5-9-74-m2-s-evro-remontom-120-000-93903,74.0,5,9,1,2026-08-21T23:55:40+00:00
93909,2026-08-05,Yunusobod,3,115000,https://hata.uz/en/listings/object/prodaetsya-kvartira-3h-kom-80m2-yunusabad-2-kvartal-ulitsa-anorzor-93909,80.0,3,4,1,2026-08-21T23:55:40+00:00
93911,2026-08-05,Yunusobod,3,120000,https://hata.uz/en/listings/object/yunusabad-11-3-5-9-novostroyka-evro-remont-93911,74.0,5,9,1,2026-08-21T23:55:40+00:00
93913,2026-08-05,Yunusobod,3,121000,https://hata.uz/en/listings/object/prodaetsya-kvartira-3-7-10-novostroyka-zhk-evro-house-chinabad-93913,83.0,7,10,1,2026-08-21T23:55:40+00:00
93914,2026-08-05,Yunusobod,3,120000,https://hata.uz/en/listings/object/3h-kom-kvartira-novostroyka-comfort-house-3-5-9-93914,74.0,5,9,1,2026-08-21T23:55:40+00:00
93916,2026-08-05,Yunusobod,3,120000,https://hata.uz/en/listings/object/haqiqiy-sale-novostroyka-evro-pod-klyuch-3-kom-98m2-or-malika-bazar-93916,98.0,6,7,1,2026-08-21T23:55:40+00:00
93917,2026-08-05,Yunusobod,3,120000,https://hata.uz/en/listings/object/zhk-oq-saroy-3kom-kvartira-na-parkentskom-mirzo-ulugbekskiy-id12-93917,70.0,6,8,1,2026-08-21T23:55:40+00:00
93919,2026-08-05,Yunusobod,3,121000,https://hata.uz/en/listings/object/zh-k-comfort-house-3h-komn-4-10-82m2-ne-tortsor-r-megaplanet-93919,82.0,4,10,1,2026-08-21T23:55:40+00:00
93926,2026-08-05,Yunusobod,3,120000,https://hata.uz/en/listings/object/3-1-8-novostroyka-or-shahristanskiy-evroremont-87-kvm-mebel-teh-93926,87.0,1,8,1,2026-08-21T23:55:40+00:00
93938,2026-08-05,Yunusobod,4,115000,https://hata.uz/en/listings/object/4h-kom-s-remontom-zhk-euro-house-yunusabad-ulitsa-chinabad-130m2-uspeyte-93938,130.0,9,10,1,2026-08-21T23:55:40+00:00
93940,2026-08-05,Yunusobod,4,115000,https://hata.uz/en/listings/object/uspey-evro-house-upakovana-penthaus-4-10-10-130m2-chinobad-shahristan-93940,130.0,10,11,1,2026-08-21T23:55:40+00:00
93941,2026-08-05,Yunusobod,2,119900,https://hata.uz/en/listings/object/yunusabad-2v3h-komnatnaya-kvartira-podklyuch-rynok-malika-93941,98.0,6,7,1,2026-08-21T23:55:40+00:00
93947,2026-08-05,Yunusobod,3,113999,https://hata.uz/en/listings/object/srochno-metropol-3kom-87m2-malika-nbu-mechetminor-arzon-haqiqiy-93947,87.0,8,12,1,2026-08-21T23:55:40+00:00
93950,2026-08-05,Yunusobod,4,121010,https://hata.uz/en/listings/object/yunusabad-polnotsennaya-4k-kvartira-120m2-sanatoriya-i-ulchinabad-metro-93950,120.0,5,8,1,2026-08-21T23:55:40+00:00
93963,2026-08-05,Yunusobod,4,125000,https://hata.uz/en/listings/object/novostroyka-s-kadastrom-139m2-shikarnyy-vid-zhk-modern-stroy-usta-shirin-93963,139.0,10,12,1,2026-08-21T23:55:40+00:00
94080,2026-08-05,Yunusobod,3,135000,https://hata.uz/en/listings/object/zhk-nur-alayskiy-bazar-3-komnaty-70m2-94080,70.0,4,9,1,2026-08-21T23:55:40+00:00
94083,2026-08-05,Yunusobod,4,132500,https://hata.uz/en/listings/object/srochno-prodaetsya-yunusobod-8-kv-4-2-11-shohsaroy-navastroyka-94083,88.0,2,11,1,2026-08-21T23:55:40+00:00
94089,2026-08-05,Yunusobod,3,134000,https://hata.uz/en/listings/object/zhk-muhtasham-nizkaya-tsena-3h-kom-kv-ry-v-tsentre-goroda-minor-id03-94089,92.0,6,11,1,2026-08-21T23:55:40+00:00
94090,2026-08-05,Yunusobod,3,135000,https://hata.uz/en/listings/object/3komnatnaya-kvartira-v-novostroyke-nur-kadastr-alayskiy-rynok-remont-ks-94090,70.0,4,9,1,2026-08-21T23:55:40+00:00
94095,2026-08-05,Yunusobod,2,129000,https://hata.uz/en/listings/object/2-h-komnatnaya-v-zhk-mujjssam-uylar-id-3699-94095,61.0,7,10,1,2026-08-21T23:55:40+00:00
94097,2026-08-05,Yunusobod,3,128000,https://hata.uz/en/listings/object/prodam-zhk-nyu-layf-ul-mahtumkuli-94097,70.0,9,10,1,2026-08-21T23:55:40+00:00
94098,2026-08-05,Yunusobod,2,135000,https://hata.uz/en/listings/object/prodam-zhk-muhtasham-or-minor-metro-94098,55.0,10,11,1,2026-08-21T23:55:40+00:00
94101,2026-08-05,Yunusobod,3,127000,https://hata.uz/en/listings/object/prodaetsya-kvartira-yunusabad11-novostroyka-kamfort-haus-3-kom-1-etazh-94101,84.0,1,11,1,2026-08-21T23:55:40+00:00
94102,2026-08-05,Yunusobod,2,135000,https://hata.uz/en/listings/object/prodam-zhk-muhtasham-or-minor-metro-94102,55.0,10,11,1,2026-08-21T23:55:40+00:00
94107,2026-08-05,Yunusobod,3,128000,https://hata.uz/en/listings/object/prodam-3-kom-megaplanet-yunusobod-rayon-11-kvartil-metro-yunusobod-bazar-94107,84.0,1,11,1,2026-08-21T23:55:40+00:00
94114,2026-08-05,Yunusobod,5,135000,https://hata.uz/en/listings/object/novostroyka-v-zhk-muhtasham-142m2-11-etazh-3h-4h-5-komnatnaya-94114,145.0,11,11,1,2026-08-21T23:55:40+00:00
94124,2026-08-05,Yunusobod,3,126000,https://hata.uz/en/listings/object/3-komnatnaya-kvartira-novostroyka-yunusabad-5-kvartal-94124,110.0,3,4,1,2026-08-21T23:55:40+00:00
94125,2026-08-05,Yunusobod,4,133000,https://hata.uz/en/listings/object/srochno-4h-kom-yunusobod-8-kvartal-novostroyka-shoh-saroy-4-2-10-94125,88.0,2,10,1,2026-08-21T23:55:40+00:00
94131,2026-08-05,Yunusobod,2,135000,https://hata.uz/en/listings/object/zhk-muhtasham-2-komnatnaya-58-m2-yunusabad-finansovyy-institut-94131,58.0,5,10,1,2026-08-21T23:55:40+00:00
94132,2026-08-05,Yunusobod,4,135000,https://hata.uz/en/listings/object/prodayu-4-7-10-kvartiru-na-yunusabade-94132,129.73,7,10,1,2026-08-21T23:55:40+00:00
94133,2026-08-05,Yunusobod,3,125999,https://hata.uz/en/listings/object/3k-3-12-et-monolit-84-40-m2-terrasa-v-shage-metro-minor-i-uzexpo-94133,124.0,3,12,1,2026-08-21T23:55:40+00:00
94134,2026-08-05,Yunusobod,3,125999,https://hata.uz/en/listings/object/srochnaya-prodazha-metropol-84m2-40-terassa-metro-minor-bodomzornbu-94134,124.0,3,12,1,2026-08-21T23:55:40+00:00
94139,2026-08-05,Yunusobod,2,135000,https://hata.uz/en/listings/object/zhk-kazahstan-eksklyuzivnaya-2h-kom-kv-ra-v-elitnom-novostroyke-id02-94139,57.0,6,10,1,2026-08-21T23:55:40+00:00
94140,2026-08-05,Yunusobod,3,130000,https://hata.uz/en/listings/object/samaya-nizkaya-tsena-umnyy-dom-3-8-10-v-elitnom-zhk-nur-alayskiy-id02-94140,80.0,8,9,1,2026-08-21T23:55:40+00:00
94142,2026-08-05,Yunusobod,2,132500,https://hata.uz/en/listings/object/prodaetsya-2-komnatnaya-50kv2-kvartira-zhk-akay-citydarhanhamid-alimdzha-94142,50.0,17,25,1,2026-08-21T23:55:40+00:00
94143,2026-08-05,Yunusobod,2,137000,https://hata.uz/en/listings/object/zhk-muhtasham-2v3-komnatnaya-evro-lyuks-pod-klyuch-finansovyy-institut-94143,58.0,5,10,1,2026-08-21T23:55:40+00:00
94152,2026-08-05,Yunusobod,3,128000,https://hata.uz/en/listings/object/3-komnatnaya-na-minore-ts6-94152,75.0,3,4,1,2026-08-21T23:55:40+00:00
94157,2026-08-05,Yunusobod,2,127000,https://hata.uz/en/listings/object/barocco-yunusabad-premium-minor-tsentr-ploschad-85-m2-fish-and-bread-94157,85.0,8,11,1,2026-08-21T23:55:40+00:00
94158,2026-08-05,Yunusobod,3,135000,https://hata.uz/en/listings/object/barocco-yunusabad-bezrem-premium-minor-tsentr-ploschad-83-m2-94158,83.0,7,10,1,2026-08-21T23:55:40+00:00
94161,2026-08-05,Yunusobod,2,129000,https://hata.uz/en/listings/object/novostroyka-2-h-komnatnaya-v-zhk-mujjssam-uylar-id-3699-94161,61.0,7,10,1,2026-08-21T23:55:40+00:00
94166,2026-08-05,Yunusobod,3,129000,https://hata.uz/en/listings/object/v1770-prodaetsya-3-8-9-novostroyka-na-alayskiy-ts-2-75m2-94166,75.0,8,9,1,2026-08-21T23:55:40+00:00
94169,2026-08-05,Yunusobod,2,129500,https://hata.uz/en/listings/object/prodazha-2-komnatnoy-kvartiry-vzhk-akay-citydarhanmetro-hamid-alimdzhan-94169,50.0,17,25,1,2026-08-21T23:55:40+00:00
94170,2026-08-05,Yunusobod,2,129000,https://hata.uz/en/listings/object/2komnatnaya-kvartira-zhk-barocco-chernovaya-korobka-kadastr-est-83m2-ks-94170,83.0,7,10,1,2026-08-21T23:55:40+00:00
94178,2026-08-05,Yunusobod,8,130000,https://hata.uz/en/listings/object/prodaetsya-novostroyka-dupleks-yunusabadskiy-rayon-94178,220.0,9,10,1,2026-08-21T23:55:40+00:00
94180,2026-08-05,Yunusobod,3,129000,https://hata.uz/en/listings/object/vtorichka-3-kom-75m2-yunusabad-alayskiy-ts-2-17-shkola-94180,75.0,8,9,1,2026-08-21T23:55:40+00:00
94182,2026-08-05,Yunusobod,3,125500,https://hata.uz/en/listings/object/yunusabad-5-3-3-4-novostroyka-kirpichnyy-100-10m2-or-r-karzinka-94182,100.0,3,4,1,2026-08-21T23:55:40+00:00
94186,2026-08-05,Yunusobod,2,127000,https://hata.uz/en/listings/object/prodam-zhk-muhtasham-or-minor-metro-94186,56.0,10,11,1,2026-08-21T23:55:40+00:00
94191,2026-08-05,Yunusobod,4,135000,https://hata.uz/en/listings/object/kvartira-yunusobod-10-kvartalada-2-kavatdauzimniki-94191,102.0,2,10,1,2026-08-21T23:55:40+00:00
94194,2026-08-05,Yunusobod,2,135000,https://hata.uz/en/listings/object/prodaetsya-2-h-komnatnaya-kvartira-v-zhk-muhtasham-94194,56.0,10,11,1,2026-08-21T23:55:40+00:00
94195,2026-08-05,Yunusobod,2,127000,https://hata.uz/en/listings/object/prodaetsya-2-h-komnatnaya-kvartira-v-zhk-muhtasham-56m2-94195,56.0,10,11,1,2026-08-21T23:55:40+00:00
94198,2026-08-05,Yunusobod,3,130000,https://hata.uz/en/listings/object/prodaetsya-kvartira-na-ts-5-94198,70.0,2,4,1,2026-08-21T23:55:40+00:00
94202,2026-08-05,Yunusobod,2,127000,https://hata.uz/en/listings/object/prodaetsya-2-10-12-minor-94202,56.0,10,12,1,2026-08-21T23:55:40+00:00
94203,2026-08-05,Yunusobod,2,127000,https://hata.uz/en/listings/object/finansovyy-institut-yunus-abadskiy-rayon-zhk-muhtasham-94203,55.0,10,11,1,2026-08-21T23:55:40+00:00
94207,2026-08-05,Yunusobod,2,127000,https://hata.uz/en/listings/object/zhk-muhtasham-2-komn-evroremont-94207,56.0,10,11,1,2026-08-21T23:55:40+00:00
94251,2026-08-05,Shayhontohur,5,132000,https://hata.uz/en/listings/object/5-k-kvartira-120-m2-s-avtorskim-remontom-v-zhk-ibn-sino-beltepa-94251,120.0,8,8,1,2026-08-21T23:55:40+00:00
94252,2026-08-05,Shayhontohur,2,135000,https://hata.uz/en/listings/object/bomba-tsena-shayhantahurskiy-2h-kom-zhk-nest-one-or-r-tashkent-siti-id06-94252,59.0,38,52,1,2026-08-21T23:55:40+00:00
94253,2026-08-05,Shayhontohur,2,130000,https://hata.uz/en/listings/object/bomba-tsena-shayhantahurskiy-2h-kom-zhk-nest-one-or-r-tashkent-siti-id06-94253,59.0,8,51,1,2026-08-21T23:55:40+00:00
94254,2026-08-05,Shayhontohur,3,135000,https://hata.uz/en/listings/object/prodaetsya-shayhantahurskiy-3h-kom-zhk-big-gardens-samarkand-darvaza-id06-94254,84.0,7,10,1,2026-08-21T23:55:40+00:00
94255,2026-08-05,Shayhontohur,4,133000,https://hata.uz/en/listings/object/4-k-dupleks-106-m2-v-novostroyke-shayhantahur-novyy-tashmi-94255,106.0,1,7,1,2026-08-21T23:55:40+00:00
94256,2026-08-05,Shayhontohur,3,125500,https://hata.uz/en/listings/object/nrg-jomiy-bizness-klass-dom-3-8-12-107m2-94256,107.0,8,12,1,2026-08-21T23:55:40+00:00
94257,2026-08-05,Shayhontohur,4,129999,https://hata.uz/en/listings/object/arzon-novostroyka-4kom-korobka-13140m2-trts-riviera-sebzar-94257,131.4,5,11,1,2026-08-21T23:55:40+00:00
94263,2026-08-05,Shayhontohur,2,132000,https://hata.uz/en/listings/object/nrg-u-tower-srochnaya-prodazha-94263,55.0,23,27,1,2026-08-21T23:55:40+00:00
94274,2026-08-05,Shayhontohur,2,135000,https://hata.uz/en/listings/object/mechet-minor-2-10-20-zhk-anhor-residence-94274,80.0,10,20,1,2026-08-21T23:55:40+00:00
94276,2026-08-05,Shayhontohur,2,132000,https://hata.uz/en/listings/object/prodaetsya-2h-kom-kv-ra-zhk-nrg-u-tower-or-r-druzhba-narodov-5491m2-94276,54.91,21,26,1,2026-08-21T23:55:40+00:00
94278,2026-08-05,Shayhontohur,2,132000,https://hata.uz/en/listings/object/zhk-nrg-u-tower-prodaetsya-2h-kom-korobka-94278,54.91,21,26,1,2026-08-21T23:55:40+00:00
94279,2026-08-05,Shayhontohur,3,134900,https://hata.uz/en/listings/object/prodaetsya-kvartira-na-zhk-safiya-tahtapul-94279,90.0,3,9,1,2026-08-21T23:55:40+00:00
94281,2026-08-05,Shayhontohur,2,132500,https://hata.uz/en/listings/object/idealnyy-variant-dlya-investitsiy-nrg-u-tower-2-komn-kvartira-id03-94281,60.0,20,27,1,2026-08-21T23:55:40+00:00
94286,2026-08-05,Yunusobod,3,145000,https://hata.uz/en/listings/object/nur-pod-klyuch-po-srochnoy-tsene-v-tsentre-alayskiy-867m2-94286,86.7,8,9,1,2026-08-21T23:55:40+00:00
94289,2026-08-05,Yunusobod,3,150000,https://hata.uz/en/listings/object/ts6-zhk-kazahstan-3-5-10-korobka-91m2-94289,91.0,5,10,1,2026-08-21T23:55:40+00:00
94294,2026-08-05,Yunusobod,3,145000,https://hata.uz/en/listings/object/kvartira-prodaetsya-3-2-9-na-zhk-minor-94294,77.0,2,9,1,2026-08-21T23:55:40+00:00
94296,2026-08-05,Yunusobod,2,140000,https://hata.uz/en/listings/object/prodaetsya-kvartira-v-tsentre-tashkenta-ts-2-alayskiy-94296,65.0,4,7,1,2026-08-21T23:55:40+00:00
94297,2026-08-05,Yunusobod,3,142000,https://hata.uz/en/listings/object/prodaetsya-kvartira-zhk-shinam-s-loft-dizaynom-i-svezhim-remontom-94297,74.0,6,9,1,2026-08-21T23:55:40+00:00
94299,2026-08-05,Yunusobod,3,140000,https://hata.uz/en/listings/object/kvartira-novostroyka-yunusobod-18kv-94299,95.0,5,7,1,2026-08-21T23:55:40+00:00
94300,2026-08-05,Yunusobod,2,150000,https://hata.uz/en/listings/object/prodaetsya-2-h-komnatnaya-kvartira-v-zhk-muhtasham-94300,56.0,7,10,1,2026-08-21T23:55:40+00:00
94303,2026-08-05,Yunusobod,3,150000,https://hata.uz/en/listings/object/3-h-komnatnaya-v-zhk-kazakstan-na-protiv-zags-id-3503-94303,92.0,5,10,1,2026-08-21T23:55:40+00:00
94308,2026-08-05,Yunusobod,3,150000,https://hata.uz/en/listings/object/ts-6-metro-minor-3-5-10-srochno-w15-ts-6-prospe-94308,92.0,5,10,1,2026-08-21T23:55:40+00:00
94309,2026-08-05,Yunusobod,3,144000,https://hata.uz/en/listings/object/kvartira-prodaetsya-3-5-8-na-shahristanskom-94309,87.0,5,8,1,2026-08-21T23:55:40+00:00
94312,2026-08-05,Yunusobod,2,150000,https://hata.uz/en/listings/object/srochno-sotiladi-zhk-muhtasham-2-komnaty-56m2-94312,56.0,7,10,1,2026-08-21T23:55:40+00:00
94317,2026-08-05,Yunusobod,3,145000,https://hata.uz/en/listings/object/srochno-3kom-98m2-s-kadastrom-novostroyka-zhk-nur-niezbek-yuli-tsentr-94317,98.0,8,9,1,2026-08-21T23:55:40+00:00
94318,2026-08-05,Yunusobod,2,143000,https://hata.uz/en/listings/object/prodaetsya-2-7-9-zhk-yunusabad-residence-amerikanskoe-posolstvo-67-m2-94318,67.0,7,9,1,2026-08-21T23:55:40+00:00
94319,2026-08-05,Yunusobod,3,150000,https://hata.uz/en/listings/object/3-komnatnaya-kvartira-v-zhk-kazakhstan-metro-minor-94319,92.0,5,10,1,2026-08-21T23:55:40+00:00
94320,2026-08-05,Yunusobod,2,150000,https://hata.uz/en/listings/object/srochno-novostroyka-2-7-10-v-zhk-muhtasham-metro-minor-finansovyy-ins-94320,56.0,7,10,1,2026-08-21T23:55:40+00:00
94341,2026-08-05,Yunusobod,2,150000,https://hata.uz/en/listings/object/novostroyka-kvartira-2-h-komnatnaya-muhtasham-94341,56.0,7,10,1,2026-08-21T23:55:40+00:00
94345,2026-08-05,Yunusobod,3,142000,https://hata.uz/en/listings/object/novostroyka-zhk-shinam-3-6-9-74-m2-s-remontom-s-mebelyu-i-tehnikoy-94345,74.0,6,9,1,2026-08-21T23:55:40+00:00
94348,2026-08-05,Yunusobod,3,145000,https://hata.uz/en/listings/object/zhk-nur-3-kom-8-9-ploschad-98m2-ts2-alayskiy-94348,98.0,8,9,1,2026-08-21T23:55:40+00:00
94353,2026-08-05,Yunusobod,3,145000,https://hata.uz/en/listings/object/nur-prodaetsya-3-komnatnaya-kvartira-remont-ulniezbek-yuli-alayskiy-94353,98.0,8,9,1,2026-08-21T23:55:40+00:00
94354,2026-08-05,Yunusobod,3,145000,https://hata.uz/en/listings/object/prodaetsya-3kom-8-9-zhk-nur-98m2-or-r-7-pyatnits-pro-hinkali-94354,98.0,8,9,1,2026-08-21T23:55:40+00:00
94355,2026-08-05,Yunusobod,3,150000,https://hata.uz/en/listings/object/3h-komnatnaya-kvartira-zhk-muhtasham-novostroyka-94355,69.0,8,11,1,2026-08-21T23:55:40+00:00
94359,2026-08-05,Yunusobod,3,150000,https://hata.uz/en/listings/object/nrg-hayot-3-komn-114-m2-korobka-5-6-etazh-super-tsena-94359,114.0,5,6,1,2026-08-21T23:55:40+00:00
94360,2026-08-05,Yunusobod,3,138999,https://hata.uz/en/listings/object/3k-5-10-et-evroremont-58-m2-v-tsentre-yunusabada-metro-minor-94360,58.0,5,10,1,2026-08-21T23:55:40+00:00
94361,2026-08-05,Yunusobod,5,145000,https://hata.uz/en/listings/object/novostroyka-5kom-kvartira-100m2-evro-tts-hightowncity-chinabad-94361,100.0,8,13,1,2026-08-21T23:55:40+00:00
94362,2026-08-05,Yunusobod,2,140000,https://hata.uz/en/listings/object/prodaetsya-2-h-komnatnaya-kvartira-v-zhk-muhtasham-94362,60.0,5,10,1,2026-08-21T23:55:40+00:00
94363,2026-08-05,Yunusobod,3,145000,https://hata.uz/en/listings/object/zhk-barokko-elitnaya-3h-kom-novostroyka-v-tsentre-vozle-minor-id03-94363,84.0,4,10,1,2026-08-21T23:55:40+00:00
94364,2026-08-05,Yunusobod,3,140000,https://hata.uz/en/listings/object/zhk-poytaht-gavhari-prodayu-po-shikarnoy-tsene-3h-kom-na-alayskom-id02-94364,100.0,7,10,1,2026-08-21T23:55:40+00:00
94368,2026-08-05,Yunusobod,3,138000,https://hata.uz/en/listings/object/arzon-haqiqiy-muhtasham-3kom-58m2-finansovyy-institut-podklyuch-94368,58.0,5,10,1,2026-08-21T23:55:40+00:00
94369,2026-08-05,Yunusobod,5,145016,https://hata.uz/en/listings/object/manzara-5k-kvartira-100m2-ulchinabad-torgovyy-tsentr-hight-town-city-94369,100.0,8,13,1,2026-08-21T23:55:40+00:00
94370,2026-08-05,Yunusobod,3,149999,https://hata.uz/en/listings/object/srochno-nrg-hayot-3kom-114m2-korobka-telebashnya-tsentr-plova-94370,114.0,5,6,1,2026-08-21T23:55:40+00:00
94371,2026-08-05,Yunusobod,3,145000,https://hata.uz/en/listings/object/crochno-yunusabadskiy-3h-kom-na-zhk-kazahstan-or-r-minor-meb-teh-id06-94371,100.0,5,10,1,2026-08-21T23:55:40+00:00
94374,2026-08-05,Yunusobod,3,145000,https://hata.uz/en/listings/object/zhk-nur-3-komnatnaya-evroremont-86m2-alayskiy-bazar-srochnaya-prodazha-94374,86.06,8,9,1,2026-08-21T23:55:40+00:00
94375,2026-08-05,Yunusobod,3,145000,https://hata.uz/en/listings/object/novostroyka-3-8-9-zhk-nur-ts-5-metro-minor-98-m2-94375,98.0,8,9,1,2026-08-21T23:55:40+00:00
94377,2026-08-05,Yunusobod,3,145000,https://hata.uz/en/listings/object/zhk-nur-3-komnatnaya-evroremont-podklyuch-bazar-alayskiy-metro-minor-94377,86.0,8,9,1,2026-08-21T23:55:40+00:00
94378,2026-08-05,Yunusobod,3,150000,https://hata.uz/en/listings/object/zhk-nrg-hayot-3-komnatnaya-korobka-114m2-telebashnya-center-plov-94378,114.0,5,6,1,2026-08-21T23:55:40+00:00
94379,2026-08-05,Yunusobod,3,145000,https://hata.uz/en/listings/object/novostroyka-3-h-komnatnaya-v-zhk-nur-bazar-alayskiy-id-3769-94379,98.0,8,9,1,2026-08-21T23:55:40+00:00
94380,2026-08-05,Yunusobod,4,150000,https://hata.uz/en/listings/object/4-h-komnatnaya-v-kamron-palace-novostroyka-v-yunusabade-id-3776-94380,110.0,5,11,1,2026-08-21T23:55:40+00:00
94381,2026-08-05,Yunusobod,4,150000,https://hata.uz/en/listings/object/4-h-komnatnaya-v-zhk-kamron-palace-gde-ul-niezbek-id-3776-94381,110.0,5,11,1,2026-08-21T23:55:40+00:00
94382,2026-08-05,Yunusobod,3,150000,https://hata.uz/en/listings/object/nrg-hayot-3-komnaty-114m2-telebashnya-tsentr-plova-94382,114.0,5,6,1,2026-08-21T23:55:40+00:00
94383,2026-08-05,Yunusobod,3,145000,https://hata.uz/en/listings/object/3-h-komnatnaya-v-zhk-nur-remont-ot-zastroyschika-id-3769-94383,98.0,8,9,1,2026-08-21T23:55:40+00:00
94384,2026-08-05,Yunusobod,3,142000,https://hata.uz/en/listings/object/prodam-v-novostroyke-gidromtsentr-i-kazymahalya-94384,75.0,6,9,1,2026-08-21T23:55:40+00:00
94385,2026-08-05,Yunusobod,3,138999,https://hata.uz/en/listings/object/srochnaya-tsena-muhtasham-3kom-58m2-minor-finansovyy-institut-94385,58.0,5,10,1,2026-08-21T23:55:40+00:00
94387,2026-08-05,Yunusobod,3,140000,https://hata.uz/en/listings/object/2-6-10-zhk-muhtasham-94387,60.0,5,10,1,2026-08-21T23:55:40+00:00
94392,2026-08-05,Yunusobod,3,150000,https://hata.uz/en/listings/object/novostroyka-zhk-muhtasham-ts-5-94392,68.0,8,10,1,2026-08-21T23:55:40+00:00
94393,2026-08-05,Yunusobod,3,150000,https://hata.uz/en/listings/object/zhk-muhtasham-ts-5-minor-metro-94393,69.0,8,10,1,2026-08-21T23:55:40+00:00
94396,2026-08-05,Yunusobod,3,144000,https://hata.uz/en/listings/object/prodaetsya-kvartira-v-novostroyke-3h-komnatnaya-94396,87.0,3,5,1,2026-08-21T23:55:40+00:00
94397,2026-08-05,Yunusobod,3,148500,https://hata.uz/en/listings/object/zhk-kamron-palace-3-7-11-korobka-110m2-yunusabad-alayskiy-94397,110.0,7,11,1,2026-08-21T23:55:40+00:00
94401,2026-08-05,Yunusobod,3,145000,https://hata.uz/en/listings/object/srochno-prodaetsya-zhk-nur-alayskiy-rynok-3-8-9-98m2-evroremont-94401,98.0,8,9,1,2026-08-21T23:55:40+00:00
94405,2026-08-05,Yunusobod,3,150000,https://hata.uz/en/listings/object/yunusobod-19-kv-3-honali-3-2-6-uy-sotiladi-94405,104.0,2,6,1,2026-08-21T23:55:40+00:00
94467,2026-08-05,Shayhontohur,2,150000,https://hata.uz/en/listings/object/srochno-kv-ra-2-kom-zhk-nest-one-59m2-shayhantahurskiy-r-n-tashkent-siti-94467,59.0,19,51,1,2026-08-21T23:55:40+00:00
94468,2026-08-05,Shayhontohur,2,145000,https://hata.uz/en/listings/object/srochno-kv-ra-2-kom-zhk-nest-one-4458m2-shayhantahurskiy-r-n-siti-moll-94468,44.58,8,23,1,2026-08-21T23:55:40+00:00
94469,2026-08-05,Shayhontohur,2,145000,https://hata.uz/en/listings/object/zhk-nest-one-tashkent-city-prodaetsya-kvartira-2h-kom-58m2-94469,58.0,17,51,1,2026-08-21T23:55:40+00:00
94470,2026-08-05,Shayhontohur,2,144500,https://hata.uz/en/listings/object/prodaetsya-2h-kvartira-zhk-nest-one-58m2-shayhantahurskiy-rayon-94470,58.0,17,51,1,2026-08-21T23:55:40+00:00
94473,2026-08-05,Shayhontohur,2,145000,https://hata.uz/en/listings/object/prodayu-2-8-23-kv-premium-klassa-zhk-nest-one-hilton-evro-lyuks-remont-94473,44.0,8,23,1,2026-08-21T23:55:40+00:00
94475,2026-08-05,Shayhontohur,2,147000,https://hata.uz/en/listings/object/nest-one-sotuvda-2-xonalik-korobka-tashkent-city-shayxontohur-94475,54.0,4,51,1,2026-08-21T23:55:40+00:00
94477,2026-08-05,Shayhontohur,2,150000,https://hata.uz/en/listings/object/2-komnatnaya-kvartira-zhk-nest-one-446m2-dizaynerskiy-remont-94477,44.58,8,23,1,2026-08-21T23:55:40+00:00
94478,2026-08-05,Shayhontohur,2,145000,https://hata.uz/en/listings/object/kvartira-prodaetsya-2-17-25-na-zhk-nest-one-94478,58.0,17,51,1,2026-08-21T23:55:40+00:00
94479,2026-08-05,Shayhontohur,2,147000,https://hata.uz/en/listings/object/nest-one-2h-komnatnaya-vid-na-konservatorii-19y-etazh-60-sdelano-94479,59.0,19,51,1,2026-08-21T23:55:40+00:00
94482,2026-08-05,Shayhontohur,2,145000,https://hata.uz/en/listings/object/tashkent-siti-zhk-nest-one-2-8-51-5795kvm-korobka-srochno-94482,57.95,8,51,1,2026-08-21T23:55:40+00:00
94484,2026-08-05,Shayhontohur,2,147000,https://hata.uz/en/listings/object/nest-one-prodaetsya-2-komnatnaya-korobka-tashkent-siti-shayhantahur-94484,60.0,19,51,1,2026-08-21T23:55:40+00:00
94486,2026-08-05,Shayhontohur,6,140000,https://hata.uz/en/listings/object/shikarnyy-dom-s-remont-po-tsene-kvartiry-samarkand-darvoza-94486,140.0,2,2,1,2026-08-21T23:55:40+00:00
94497,2026-08-05,Shayhontohur,2,145000,https://hata.uz/en/listings/object/nizkaya-tsena-shayhantahurskiy-2h-kom-zhk-nest-one-or-r-tashkent-siti-id06-94497,59.0,19,51,1,2026-08-21T23:55:40+00:00
94498,2026-08-05,Shayhontohur,2,145000,https://hata.uz/en/listings/object/srochno-prodaetsya-kvartira-58-m2-v-nest-one-2-17-51-94498,58.0,17,51,1,2026-08-21T23:55:40+00:00
94513,2026-08-05,Yunusobod,3,160000,https://hata.uz/en/listings/object/nrg-hayot-3-5-6-korobka-114m2-kvartira-yunusabad-telebashnya-94513,114.0,5,6,1,2026-08-21T23:55:40+00:00
94518,2026-08-05,Yunusobod,4,159000,https://hata.uz/en/listings/object/prodaetsya-kvartira-yunusabad-15kv-svoya-94518,118.0,4,9,1,2026-08-21T23:55:40+00:00
94520,2026-08-05,Yunusobod,5,172000,https://hata.uz/en/listings/object/novostroyka-zhk-modern-stroy-ul-usta-shirin-5-10-12-ploschad-192-m2-94520,192.0,10,12,1,2026-08-21T23:55:40+00:00
94525,2026-08-05,Yunusobod,3,165000,https://hata.uz/en/listings/object/zhk-kiparis-3-komnaty-evroremont-75m2-94525,75.0,7,9,1,2026-08-21T23:55:40+00:00
94526,2026-08-05,Yunusobod,3,173000,https://hata.uz/en/listings/object/prodazha-zhk-muhtasham-mminor-3-6-10-123m2-predchistovaya-otdelka-94526,123.0,6,10,1,2026-08-21T23:55:40+00:00
94531,2026-08-05,Yunusobod,3,173000,https://hata.uz/en/listings/object/prodazha-kvartiry-3-6-10-v-zhk-muhtasham-yunusabadskiy-rayon-94531,123.0,6,10,1,2026-08-21T23:55:40+00:00
94532,2026-08-05,Yunusobod,3,173000,https://hata.uz/en/listings/object/korobka-novostroyka-123m2-muhtasham-finansovyy-institut-minor-94532,123.0,6,10,1,2026-08-21T23:55:40+00:00
94533,2026-08-05,Yunusobod,2,170000,https://hata.uz/en/listings/object/prodaetsya-2h-kom-78m2-v-muhtasham-metro-minor-finansovyy-institut-94533,78.0,8,10,1,2026-08-21T23:55:40+00:00
94542,2026-08-05,Yunusobod,3,175000,https://hata.uz/en/listings/object/srochno-sotiladi-barokko-3-honali-83m2-evroremont-novomoskovskaya-94542,83.0,5,10,1,2026-08-21T23:55:40+00:00
94544,2026-08-05,Yunusobod,4,163808,https://hata.uz/en/listings/object/kvartira-prodaetsya-4-7-25-na-zhk-venetsiya-94544,126.5,7,25,1,2026-08-21T23:55:40+00:00
94545,2026-08-05,Yunusobod,4,164500,https://hata.uz/en/listings/object/kvartira-prodaetsya-4-7-25-na-zhk-venetsiya-94545,126.5,7,25,1,2026-08-21T23:55:40+00:00
94546,2026-08-05,Yunusobod,4,160000,https://hata.uz/en/listings/object/kvartira-prodaetsya-4-7-25-na-zhk-venetsiya-94546,123.0,7,25,1,2026-08-21T23:55:40+00:00
94547,2026-08-05,Yunusobod,3,155000,https://hata.uz/en/listings/object/prodam-zhk-muhtasham-or-minor-metro-94547,85.0,11,11,1,2026-08-21T23:55:40+00:00
94548,2026-08-05,Yunusobod,2,165000,https://hata.uz/en/listings/object/kvartira-prodaetsya-2-5-10-na-zhk-barocco-94548,83.0,5,10,1,2026-08-21T23:55:40+00:00
94549,2026-08-05,Yunusobod,3,153000,https://hata.uz/en/listings/object/prodaetsya-3h-kom-kvartira-zhk-imperial-club-city-or-r-alayskiy-77m2-94549,77.0,7,13,1,2026-08-21T23:55:40+00:00
94550,2026-08-05,Yunusobod,2,170000,https://hata.uz/en/listings/object/kvartira-prodaetsya-2-2-6-na-nrg-hayot-94550,63.0,2,6,1,2026-08-21T23:55:40+00:00
94558,2026-08-05,Yunusobod,3,155000,https://hata.uz/en/listings/object/prodaetsya-3-komnatnaya-kvartira-v-zhk-nur-ts2-finansovyy-institut-98m2-ks-94558,98.0,8,9,1,2026-08-21T23:55:40+00:00
94561,2026-08-05,Yunusobod,4,175000,https://hata.uz/en/listings/object/prodam-kvartiru-svoyu-badamzar-4-komnaty-s-podzemnoy-parkovkoy-94561,105.0,6,9,1,2026-08-21T23:55:40+00:00
94563,2026-08-05,Yunusobod,3,175000,https://hata.uz/en/listings/object/3-5-10-zhk-barocco-yunusabadskiy-rayon-gidromedtsentr-ts-5-83-m2-94563,83.0,5,10,1,2026-08-21T23:55:40+00:00
94564,2026-08-05,Yunusobod,5,170000,https://hata.uz/en/listings/object/yunusabadskiy-rayon-tsentr-goroda-ts-6-77-seriya-kvartira-5-3-4-94564,93.0,3,4,1,2026-08-21T23:55:40+00:00
94568,2026-08-05,Yunusobod,4,175000,https://hata.uz/en/listings/object/prodam-zhk-bodomzor-terassa-94568,100.0,3,8,1,2026-08-21T23:55:40+00:00
94569,2026-08-05,Yunusobod,3,175000,https://hata.uz/en/listings/object/kvartira-prodaetsya-3-5-10-na-zhk-barocco-94569,83.0,5,10,1,2026-08-21T23:55:40+00:00
94571,2026-08-05,Yunusobod,3,173000,https://hata.uz/en/listings/object/prodaetsya-novostroyka-yunusabadskiy-rayon-or-r-finansovyy-insitut-94571,123.0,6,10,1,2026-08-21T23:55:40+00:00
94577,2026-08-05,Yunusobod,4,175000,https://hata.uz/en/listings/object/yunusobod-4-za-shohsaroy-4-1-9-135m2-94577,135.0,1,9,1,2026-08-21T23:55:40+00:00
94578,2026-08-05,Yunusobod,5,155000,https://hata.uz/en/listings/object/yunusabad-6kvartal-5-5-16-120m2-posolstvo-ssha-94578,120.0,5,16,1,2026-08-21T23:55:40+00:00
94579,2026-08-05,Yunusobod,3,157000,https://hata.uz/en/listings/object/prodaetsya-kvartira-yunusabadskiy-rayon-zhk-muhtasham-metro-minor-p-94579,70.0,10,12,1,2026-08-21T23:55:40+00:00
94583,2026-08-05,Yunusobod,4,175000,https://hata.uz/en/listings/object/prodaetsya-novostroyka-yunusabadskiy-rayon-zh-k-bomodzor-terassa-94583,100.0,3,8,1,2026-08-21T23:55:40+00:00
94587,2026-08-05,Yunusobod,3,175000,https://hata.uz/en/listings/object/ts-2-basri-baba-or-r-alayskiy-rynok-94587,85.0,2,10,1,2026-08-21T23:55:40+00:00
94589,2026-08-05,Yunusobod,4,168000,https://hata.uz/en/listings/object/darhan-zhk-akay-siti-3v4-20-25-120kvm-v-sostoyanii-korobka-srochno-94589,120.0,20,25,1,2026-08-21T23:55:40+00:00
94594,2026-08-05,Yunusobod,3,153000,https://hata.uz/en/listings/object/novostroyka-3-h-komnatnaya-v-zhk-imperial-club-city-zvonite-id-3789-94594,77.0,7,13,1,2026-08-21T23:55:40+00:00
94595,2026-08-05,Yunusobod,3,153000,https://hata.uz/en/listings/object/3-h-komnatnaya-v-zhk-imperial-club-city-vid-na-ulitsu-id-3789-94595,77.0,7,13,1,2026-08-21T23:55:40+00:00
94599,2026-08-05,Yunusobod,3,165000,https://hata.uz/en/listings/object/ochen-srochno-prodaetsya-3h-komnatnaya-kvartira-v-zhk-kiparis-75m2-94599,75.0,7,9,1,2026-08-21T23:55:40+00:00
94600,2026-08-05,Yunusobod,3,155000,https://hata.uz/en/listings/object/prodaetsya-prostornaya-3-komnatnaya-kvartira-korobka-zhk-muhtasham-94600,155.0,11,11,1,2026-08-21T23:55:40+00:00
94607,2026-08-05,Yunusobod,3,153000,https://hata.uz/en/listings/object/prodaetsya-3h-kvartira-zhk-imperial-club-city-77m2-yunusabadskiy-r-n-94607,77.0,7,13,1,2026-08-21T23:55:40+00:00
94610,2026-08-05,Yunusobod,3,175000,https://hata.uz/en/listings/object/prodaetsya-3-h-komnatnaya-kvartira-zhk-poytaxt-gavhari-94610,85.0,2,10,1,2026-08-21T23:55:40+00:00
94611,2026-08-05,Yunusobod,3,173000,https://hata.uz/en/listings/object/prodaetsya-muhtasham-3-komnatnaya-korobka-finansovyy-institut-94611,123.0,6,10,1,2026-08-21T23:55:40+00:00
94613,2026-08-05,Yunusobod,4,165000,https://hata.uz/en/listings/object/kvartira-prodaetsya-4-8-25-na-zhk-venetsiya-94613,126.5,8,25,1,2026-08-21T23:55:40+00:00
94614,2026-08-05,Yunusobod,2,152001,https://hata.uz/en/listings/object/kvartira-prodaetsya-2-7-10-na-zhk-muhtasham-94614,56.0,7,10,1,2026-08-21T23:55:40+00:00
94621,2026-08-05,Yunusobod,3,173000,https://hata.uz/en/listings/object/prodaetsya-3h-kom-kv-ra-zhk-muhtasham-or-r-finansovyy-institut-123-m2-94621,123.0,6,10,1,2026-08-21T23:55:40+00:00
94625,2026-08-05,Yunusobod,3,159999,https://hata.uz/en/listings/object/srochno-nrg-hayot-3kom-korobka-98m2-telebashnya-tsentr-plova-arzon-94625,98.0,2,6,1,2026-08-21T23:55:40+00:00
94626,2026-08-05,Yunusobod,3,155000,https://hata.uz/en/listings/object/srochno-prodaetsya-yunusabadskiy-3h-kom-na-zhk-muhtasham-or-r-minor-id06-94626,102.0,6,10,1,2026-08-21T23:55:40+00:00
94627,2026-08-05,Yunusobod,2,158000,https://hata.uz/en/listings/object/2-kom-zhk-anhor-residens-or-r-rynok-malika-94627,80.0,10,18,1,2026-08-21T23:55:40+00:00
94716,2026-08-05,Yunusobod,4,180000,https://hata.uz/en/listings/object/yunusabad-siti-4-7-14-1002-prodaetsya-novostroyka-94716,100.0,7,14,1,2026-08-21T23:55:40+00:00
94717,2026-08-05,Yunusobod,3,185000,https://hata.uz/en/listings/object/novostroyka-golden-haus-evro-100m2-alayskiy-3-komnatnaya-94717,100.0,6,8,1,2026-08-21T23:55:40+00:00
94718,2026-08-05,Yunusobod,3,200000,https://hata.uz/en/listings/object/golden-house-yunusabad-podklyuch-tsentr-ploschad-120-orientir-alayskiy-94718,120.0,4,7,1,2026-08-21T23:55:40+00:00
94721,2026-08-05,Yunusobod,4,195000,https://hata.uz/en/listings/object/kvartira-prodaetsya-4-8-10-na-zhk-barocco-94721,130.0,8,10,1,2026-08-21T23:55:40+00:00
94722,2026-08-05,Yunusobod,3,185000,https://hata.uz/en/listings/object/prodaetsya-3-5-9-78m2-zhk-kiparis-na-ts-4-shedevr-94722,78.0,5,9,1,2026-08-21T23:55:40+00:00
94728,2026-08-05,Yunusobod,3,200000,https://hata.uz/en/listings/object/zhk-golden-house-3-komnatnaya-evroremont-alayskiy-bazar-tsentr-goroda-94728,120.0,4,7,1,2026-08-21T23:55:40+00:00
94729,2026-08-05,Yunusobod,3,180000,https://hata.uz/en/listings/object/novostroyka-alayskiy-golden-house-vek-3-komnatnaya-118m2-zakrytyy-dvor-94729,118.0,3,7,1,2026-08-21T23:55:40+00:00
94732,2026-08-05,Yunusobod,4,179000,https://hata.uz/en/listings/object/prodayu-elitnyy-novostroyka-4-9-10-darhan-basri-baba-alayskiy-100m2-94732,100.0,9,10,1,2026-08-21T23:55:40+00:00
94734,2026-08-05,Yunusobod,3,180000,https://hata.uz/en/listings/object/3-komnatnaya-kvartira-v-elitnom-muhtasham-ploschad-155-m2-94734,155.0,10,11,1,2026-08-21T23:55:40+00:00
94738,2026-08-05,Yunusobod,3,180000,https://hata.uz/en/listings/object/prodayu-srochno-zhk-barocco-novostroyka-yunusabad-gidromettsentr-94738,83.0,5,10,1,2026-08-21T23:55:40+00:00
94741,2026-08-05,Yunusobod,3,185000,https://hata.uz/en/listings/object/ts-4-shedevr-korzinka-3kom-novostroyka-s-mebelyu-i-tehnikoy-vse-novoe-94741,78.0,5,9,1,2026-08-21T23:55:40+00:00
94743,2026-08-05,Yunusobod,3,190000,https://hata.uz/en/listings/object/zhk-vek-3-3-7-kvartira-podklyuch-118m2-yunusabad-ts2-94743,118.5,3,7,1,2026-08-21T23:55:40+00:00
94748,2026-08-05,Yunusobod,3,198000,https://hata.uz/en/listings/object/prodaetsya-3-8-9-novostroyka-zhk-kiparis-94748,98.0,8,9,1,2026-08-21T23:55:40+00:00
94756,2026-08-05,Yunusobod,3,184999,https://hata.uz/en/listings/object/srochnaya-prodazha-vek-evro-11850m2-alayskiy-rynok-podklyuch-arzon-94756,118.5,3,7,1,2026-08-21T23:55:40+00:00
94757,2026-08-05,Yunusobod,4,199999,https://hata.uz/en/listings/object/srochno-arzon-muhtasham-elitnyy-kompleks-153m2-minor-allayskiy-94757,153.0,10,11,1,2026-08-21T23:55:40+00:00
94758,2026-08-05,Yunusobod,4,185000,https://hata.uz/en/listings/object/prodaetsya-kvartira-zhk-muhtasham-4-komnatnaya-94758,124.0,11,11,1,2026-08-21T23:55:40+00:00
94759,2026-08-05,Yunusobod,3,185000,https://hata.uz/en/listings/object/prodazha-3h-komnatnaya116-kvmzhk-barokko-or-gidromettsentrkorobka-sss-94759,116.0,7,10,1,2026-08-21T23:55:40+00:00
94760,2026-08-05,Yunusobod,4,190000,https://hata.uz/en/listings/object/novostroyka-alayskiy-ts-2-zhk-nur-s-remontom-4h-komnatnaya-123m2-26-94760,126.0,12,16,1,2026-08-21T23:55:40+00:00
94761,2026-08-05,Yunusobod,3,190000,https://hata.uz/en/listings/object/tsentr-ts6-3-5-10-evro-lyuks-w29-94761,102.0,5,10,1,2026-08-21T23:55:40+00:00
94762,2026-08-05,Yunusobod,4,190000,https://hata.uz/en/listings/object/4-h-komnatnaya-v-zhk-kazakhstan-posledniy-etazh-id-3620-94762,90.0,10,10,1,2026-08-21T23:55:40+00:00
94763,2026-08-05,Yunusobod,4,190000,https://hata.uz/en/listings/object/4-h-komnatnaya-s-mebelyu-i-tehnikoy-v-zhk-kazakhstan-id-3620-94763,90.0,10,10,1,2026-08-21T23:55:40+00:00
94764,2026-08-05,Yunusobod,4,185000,https://hata.uz/en/listings/object/prodaetsya-4h-kom-kvartira-zhk-muhtasham-or-r-ts5-instfinansov-124-m2-94764,124.0,11,11,1,2026-08-21T23:55:40+00:00
94766,2026-08-05,Yunusobod,3,184999,https://hata.uz/en/listings/object/srochno-novostroyka-vek-3kom-11850m2-alayskiy-rynok-tsentr-arzon-94766,118.5,3,7,1,2026-08-21T23:55:40+00:00
94767,2026-08-05,Yunusobod,3,177000,https://hata.uz/en/listings/object/prodaetsya-novostroyka-yunusabadskiy-rayon-ts-6-pozharka-3-3-9-94767,110.0,3,9,1,2026-08-21T23:55:40+00:00
94768,2026-08-05,Yunusobod,4,180000,https://hata.uz/en/listings/object/yunusobod-4-7-16-94768,100.0,7,16,1,2026-08-21T23:55:40+00:00
94770,2026-08-05,Yunusobod,4,185000,https://hata.uz/en/listings/object/ts-5-minor-zhk-muhtasham-dupleks-4-11-11-124kvm-evro-remont-s-mebelyu-94770,124.0,11,11,1,2026-08-21T23:55:40+00:00
94772,2026-08-05,Yunusobod,3,180000,https://hata.uz/en/listings/object/srochno-prodaetsya-3h-komnatnaya-kvartira-v-novostroyke-zhk-muhtasham-94772,80.0,10,11,1,2026-08-21T23:55:40+00:00
94773,2026-08-05,Yunusobod,3,188000,https://hata.uz/en/listings/object/kvartira-prodaetsya-3-3-7-na-ts2-94773,118.0,3,7,1,2026-08-21T23:55:40+00:00
94782,2026-08-05,Yunusobod,3,198001,https://hata.uz/en/listings/object/kvartira-prodaetsya-3-8-9-na-zhk-kiparis-94782,98.0,8,9,1,2026-08-21T23:55:40+00:00
94783,2026-08-05,Yunusobod,4,185000,https://hata.uz/en/listings/object/prodaetsya-kvartira-zhk-muhtasham-4-komnatnaya-94783,124.0,11,11,1,2026-08-21T23:55:40+00:00
94786,2026-08-05,Yunusobod,4,185000,https://hata.uz/en/listings/object/prodaetsya-dupleks-kvartira-4h-komnatnaya-kvartira-zhk-muhtasham-94786,124.0,11,11,1,2026-08-21T23:55:40+00:00
94791,2026-08-05,Yunusobod,3,180000,https://hata.uz/en/listings/object/kvartira-prodaetsya-3-3-9-na-ts-6-94791,110.0,3,9,1,2026-08-21T23:55:40+00:00
94793,2026-08-05,Yunusobod,4,180000,https://hata.uz/en/listings/object/zhk-high-town-na-yunusabade-4h-komnatnaya-7y-etazh-17-etazhka-94793,98.12,7,17,1,2026-08-21T23:55:40+00:00
94795,2026-08-05,Yunusobod,5,190000,https://hata.uz/en/listings/object/prodaetsya-5-komnatnaya-kvartira-yunusabad-badamzar-94795,160.0,3,10,1,2026-08-21T23:55:40+00:00
94801,2026-08-05,Yunusobod,3,190000,https://hata.uz/en/listings/object/prodaetsya-3h-komnatnaya-kvartira-94801,84.0,5,10,1,2026-08-21T23:55:40+00:00
94804,2026-08-05,Yunusobod,4,185000,https://hata.uz/en/listings/object/prodam-zhk-muhtasham-dupleks-or-minor-metro-94804,124.0,10,11,1,2026-08-21T23:55:40+00:00
94805,2026-08-05,Yunusobod,3,185000,https://hata.uz/en/listings/object/prodaetsya-3h-kom-kvartira-zhk-kiparis-or-r-ts-4-shedevr-78-m2-94805,78.0,5,9,1,2026-08-21T23:55:40+00:00
94806,2026-08-05,Yunusobod,4,185000,https://hata.uz/en/listings/object/4-11-11-dupleks-zhk-muhtasham-m-minor-ts-5-finansovyy-institut-124-m2-94806,124.0,11,11,1,2026-08-21T23:55:40+00:00
94811,2026-08-05,Yunusobod,4,190000,https://hata.uz/en/listings/object/prodaetsya-4-kom-kvartira-v-yunusabatskom-rayone-140kv-m-94811,140.0,4,4,1,2026-08-21T23:55:40+00:00
94812,2026-08-05,Yunusobod,3,190000,https://hata.uz/en/listings/object/prodaetsya-novostroyka-yunusabadskiy-rayon-zhk-barroko-3-10-10-94812,116.0,10,10,1,2026-08-21T23:55:40+00:00
94815,2026-08-05,Yunusobod,3,199900,https://hata.uz/en/listings/object/prodaetsya-3-10-10-zhk-poytaxt-gavhari-hamid-alimdzhana-darhan-anj737-94815,101.0,10,10,1,2026-08-21T23:55:40+00:00
94816,2026-08-05,Yunusobod,4,185000,https://hata.uz/en/listings/object/novostroyka-4-h-komnatnaya-dupleks-v-zhk-muhtasham-124m2-id-3793-94816,124.0,11,11,1,2026-08-21T23:55:40+00:00
94817,2026-08-05,Yunusobod,4,185000,https://hata.uz/en/listings/object/4-h-komnatnaya-dupleks-s-lestnitsey-v-zhk-muhtasham-id-3793-94817,124.0,11,11,1,2026-08-21T23:55:40+00:00
94818,2026-08-05,Yunusobod,3,195000,https://hata.uz/en/listings/object/zhk-barocco-metro-minor-3-h-komn-korobka-115m2-94818,115.0,3,10,1,2026-08-21T23:55:40+00:00
94820,2026-08-05,Yunusobod,3,190000,https://hata.uz/en/listings/object/zhk-barokko-3-komnaty-116m2-nachatyy-remont-novomoskovskaya-94820,116.0,7,10,1,2026-08-21T23:55:40+00:00
94822,2026-08-05,Yunusobod,2,182000,https://hata.uz/en/listings/object/prodaetsya-novostroyka-yunusabadskiy-rayon-or-r-finansovyy-insitut-94822,91.0,4,10,1,2026-08-21T23:55:40+00:00
94824,2026-08-05,Yunusobod,4,185000,https://hata.uz/en/listings/object/muhtasham-4-komnaty-dupleks-124m2-novyy-remont-94824,124.0,11,11,1,2026-08-21T23:55:40+00:00
94825,2026-08-05,Yunusobod,3,190000,https://hata.uz/en/listings/object/prodaetsya-3-h-komnatnaya-v-zhk-barocco-gidromettsentr-novomoskovskaya-94825,116.0,7,10,1,2026-08-21T23:55:40+00:00
94827,2026-08-05,Yunusobod,3,180000,https://hata.uz/en/listings/object/barocco-biznes-zhk-v-tsentre-novomoskovskaya-85m2-evro-remont-94827,85.0,3,10,1,2026-08-21T23:55:40+00:00
94829,2026-08-05,Yunusobod,3,198000,https://hata.uz/en/listings/object/kiparis-na-ts-4-shedevr-94829,98.0,8,9,1,2026-08-21T23:55:40+00:00
94831,2026-08-05,Yunusobod,3,177000,https://hata.uz/en/listings/object/novostroyka-prodaetsya-3-komnatnaya-kvartira-remont-ts-6-pozharka-94831,110.0,3,9,1,2026-08-21T23:55:40+00:00
94832,2026-08-05,Yunusobod,3,180000,https://hata.uz/en/listings/object/srochno-prodayu-kvartiru-3-5-10-zhk-yunusabadskiy-gidromettsentr-94832,83.0,5,10,1,2026-08-21T23:55:40+00:00
94840,2026-08-05,Yunusobod,5,190000,https://hata.uz/en/listings/object/kvartira-162kv-sotiladi-94840,178.48,7,7,1,2026-08-21T23:55:40+00:00
94846,2026-08-05,Yunusobod,6,200000,https://hata.uz/en/listings/object/sotiladi-180kv-duplekis-7-8-94846,190.0,7,7,1,2026-08-21T23:55:40+00:00
94899,2026-08-05,Shayhontohur,3,180000,https://hata.uz/en/listings/object/srochno-koh-ota-white-box-mechet-koh-ota-sebzar-tts-rivera-3-1-12-94899,176.0,1,12,1,2026-08-21T23:55:40+00:00
94900,2026-08-05,Shayhontohur,2,199999,https://hata.uz/en/listings/object/srochnaya-tsena-u-tower-korobka-6755m2-vid-na-tashkent-siti-uspeyte-94900,67.55,19,27,1,2026-08-21T23:55:40+00:00
94901,2026-08-05,Shayhontohur,3,199999,https://hata.uz/en/listings/object/srochno-arzon-nest-one-3kom-74m2-tashkent-sity-druzhba-narodov-94901,74.0,7,51,1,2026-08-21T23:55:40+00:00
94902,2026-08-05,Shayhontohur,2,182999,https://hata.uz/en/listings/object/srochno-tsentr-u-tower-2kom-57m2-vid-tashkent-sity-podklyuch-94902,57.0,25,27,1,2026-08-21T23:55:40+00:00
94903,2026-08-05,Shayhontohur,3,199999,https://hata.uz/en/listings/object/srochno-premium-abu-dabi-3kom-115m2-huvoydo-mahalla-beruniy-metro-94903,115.0,6,7,1,2026-08-21T23:55:40+00:00
94904,2026-08-05,Shayhontohur,3,189999,https://hata.uz/en/listings/object/arzon-narhda-srochno-abu-dabi-115m2-huvoydo-mahalla-podklyuch-94904,115.0,2,7,1,2026-08-21T23:55:40+00:00
94905,2026-08-05,Shayhontohur,3,179999,https://hata.uz/en/listings/object/srochno-arzon-koh-ota-korobka-3-1-12-mechet-koh-ota-sebzar-106-70m-94905,176.0,1,12,1,2026-08-21T23:55:40+00:00
94908,2026-08-05,Shayhontohur,3,195000,https://hata.uz/en/listings/object/abu-dabi-prodazha-3h-komnatnaya-kvartira-115m2-huvaydo-mahallya-94908,115.0,2,7,1,2026-08-21T23:55:40+00:00
94910,2026-08-05,Shayhontohur,2,180000,https://hata.uz/en/listings/object/kvartira-v-neboskrebe-zhiloy-kompleks-nest-one-94910,40.0,17,25,1,2026-08-21T23:55:40+00:00
94912,2026-08-05,Shayhontohur,2,180000,https://hata.uz/en/listings/object/prodam-zhk-nest-one-tashkent-siti-94912,40.0,17,25,1,2026-08-21T23:55:40+00:00
94916,2026-08-05,Shayhontohur,2,180000,https://hata.uz/en/listings/object/srochno-novostroyka-2-17-51-zhk-nest-one-shayhantahurskiy-rayon-tash-94916,40.0,17,51,1,2026-08-21T23:55:40+00:00
94919,2026-08-05,Shayhontohur,5,179900,https://hata.uz/en/listings/object/golden-haus-200m2-lyuks-kvartira-lyuks-xovli-94919,200.0,1,6,1,2026-08-21T23:55:40+00:00
94922,2026-08-05,Shayhontohur,3,180000,https://hata.uz/en/listings/object/shayhan-tsentr-hadra-109m2-3-komnatnaya-kvartira-v-samom-tsentre-94922,109.0,6,6,1,2026-08-21T23:55:40+00:00
94923,2026-08-05,Shayhontohur,3,180000,https://hata.uz/en/listings/object/anhor-residence-shayhan-mechet-minor-rynok-malika-ploschad131m2-94923,131.0,16,20,1,2026-08-21T23:55:40+00:00
94925,2026-08-05,Shayhontohur,6,180000,https://hata.uz/en/listings/object/supper-kotta-dom-6xona-xovli-golden-haus-94925,200.0,1,7,1,2026-08-21T23:55:40+00:00
94927,2026-08-05,Shayhontohur,3,190000,https://hata.uz/en/listings/object/srochnaya-prodazha-abu-dabi-115m2-huvoydo-mahalla-beruniy-metro-94927,115.0,2,7,1,2026-08-21T23:55:40+00:00
94928,2026-08-05,Shayhontohur,3,199999,https://hata.uz/en/listings/object/srochnaya-prodazha-nest-one-korobka-74m2-tashkent-ity-druzhba-94928,74.0,7,51,1,2026-08-21T23:55:40+00:00
94929,2026-08-05,Shayhontohur,3,195000,https://hata.uz/en/listings/object/premium-zhk-abu-dabi-3-2-7-evro-meb-teh-115m2-or-huvoydo-beruniy-metro-94929,115.0,2,7,1,2026-08-21T23:55:40+00:00
94930,2026-08-05,Shayhontohur,3,185001,https://hata.uz/en/listings/object/kvartira-prodaetsya-3-7-7-po-ulitse-novoiy-94930,109.0,7,7,1,2026-08-21T23:55:40+00:00
94933,2026-08-05,Shayhontohur,3,180000,https://hata.uz/en/listings/object/tsentr-elit-koh-ota-korobka-terrasa-106-70m2-or-tts-rivera-sebzar-94933,176.0,1,12,1,2026-08-21T23:55:40+00:00
94935,2026-08-05,Shayhontohur,2,182999,https://hata.uz/en/listings/object/srochno-uspeyte-boulevard-2kom-53m2-tashkent-siti-druzhba-94935,53.0,4,7,1,2026-08-21T23:55:40+00:00
94936,2026-08-05,Shayhontohur,3,199999,https://hata.uz/en/listings/object/srochno-arzon-nest-one-korobka-3kom74m2-tashkent-sity-druzhba-narodov-94936,74.0,7,51,1,2026-08-21T23:55:40+00:00
94942,2026-08-05,Yunusobod,3,220000,https://hata.uz/en/listings/object/prodam-zhk-real-haus-or-alayskiy-rynok-94942,88.0,8,9,1,2026-08-21T23:55:40+00:00
94946,2026-08-05,Yunusobod,3,215000,https://hata.uz/en/listings/object/prodaetsya-3kom-89m2-v-elitnom-komplekse-kazahstan-mminor-alayskiy-94946,89.0,7,10,1,2026-08-21T23:55:40+00:00
94950,2026-08-05,Yunusobod,3,215000,https://hata.uz/en/listings/object/prodam-po-sebestoimosti-kvartiru-170m2-s-kadastrom-v-zh-k-kamron-palas-94950,170.0,6,11,1,2026-08-21T23:55:40+00:00
94953,2026-08-05,Yunusobod,3,230000,https://hata.uz/en/listings/object/prodaetsya-3-h-komnatnaya-kvartira-v-zhk-muhtasham-94953,106.0,4,10,1,2026-08-21T23:55:40+00:00
94955,2026-08-05,Yunusobod,3,235000,https://hata.uz/en/listings/object/prodam-3-6-9-98m2-v-zhk-kiparis-or-r-shedevr-94955,98.0,6,9,1,2026-08-21T23:55:40+00:00
94957,2026-08-05,Yunusobod,3,250000,https://hata.uz/en/listings/object/prodam-3-2-8-132m2-v-zhk-dostlar-or-r-alayskiy-rynok-94957,132.0,2,8,1,2026-08-21T23:55:40+00:00
94958,2026-08-05,Yunusobod,4,215000,https://hata.uz/en/listings/object/4-komnatnaya-novostroyka-na-parkentskiy-rynok-94958,130.0,4,8,1,2026-08-21T23:55:40+00:00
94967,2026-08-05,Yunusobod,3,215000,https://hata.uz/en/listings/object/zhk-kazahstan-3-7-10-evroremont-89m2-metro-minor-94967,89.0,7,10,1,2026-08-21T23:55:40+00:00
94968,2026-08-05,Yunusobod,3,230000,https://hata.uz/en/listings/object/3-kom-kvartira-v-prestizhnom-komplekse-kazakhstan-zaytun-group-ts-6-94968,88.0,6,10,1,2026-08-21T23:55:40+00:00
94970,2026-08-05,Yunusobod,3,230000,https://hata.uz/en/listings/object/zhk-kazakhstan-3-komnatnaya-avtorskiy-proekt-ts-6-metro-minor-94970,88.0,6,10,1,2026-08-21T23:55:40+00:00
94971,2026-08-05,Yunusobod,3,237000,https://hata.uz/en/listings/object/novostroyka-3-3-10-zhk-kamron-palace-90m2-evro-lyuks-94971,90.0,3,10,1,2026-08-21T23:55:40+00:00
94974,2026-08-05,Yunusobod,3,230000,https://hata.uz/en/listings/object/svoya-3-3-11-zhk-kamron-palace-tsentr-94974,90.0,3,11,1,2026-08-21T23:55:40+00:00
94976,2026-08-05,Yunusobod,3,230000,https://hata.uz/en/listings/object/evro-lyuks-zhk-kazahstan-3-6-10-88m2-avtorskiy-proekt-or-r-metro-minor-94976,88.0,6,10,1,2026-08-21T23:55:40+00:00
94979,2026-08-05,Yunusobod,6,225000,https://hata.uz/en/listings/object/kvartira-prodaetsya-6-7-8-na-zhk-barocco-94979,200.0,7,7,1,2026-08-21T23:55:40+00:00
94981,2026-08-05,Yunusobod,3,235002,https://hata.uz/en/listings/object/yunusabad-kiparis-3k-kvartira-98m2-evro-tsentr-kirpich-ts4-metro-shedevr-94981,98.0,6,9,1,2026-08-21T23:55:40+00:00
94982,2026-08-05,Yunusobod,3,220000,https://hata.uz/en/listings/object/toshkent-modern-stroy-94982,146.88,3,12,1,2026-08-21T23:55:40+00:00
94983,2026-08-05,Yunusobod,3,210000,https://hata.uz/en/listings/object/novostroyka-ploschad-100m2-orientir-alayskiy-akadyri-evro-94983,100.0,5,7,1,2026-08-21T23:55:40+00:00
94984,2026-08-05,Yunusobod,3,215006,https://hata.uz/en/listings/object/muhtasham-3kom-kvartira-100m2-tsentr-evro-podklyuch-minor-metro-ts5-94984,100.0,10,11,1,2026-08-21T23:55:40+00:00
94987,2026-08-05,Yunusobod,3,235000,https://hata.uz/en/listings/object/prodayu-kvartiru-zhk-kiparis-ts-4-yunusabad-shedevr-3-komnatnaya-94987,77.0,4,9,1,2026-08-21T23:55:40+00:00
94989,2026-08-05,Yunusobod,3,235000,https://hata.uz/en/listings/object/3-komnatnaya-kiparis-na-ts-4-shedevr-94989,98.0,6,9,1,2026-08-21T23:55:40+00:00
94990,2026-08-05,Yunusobod,3,230000,https://hata.uz/en/listings/object/kazahstan-3-6-10-podklyuch-evro-kvartira-88m2-ts6-minor-94990,88.0,6,10,1,2026-08-21T23:55:40+00:00
94993,2026-08-05,Yunusobod,4,220000,https://hata.uz/en/listings/object/prodaetsya-3v4-9-10-108m2-zhk-barokko-or-rgidromettsentrnovomoskovaya-94993,108.0,9,10,1,2026-08-21T23:55:40+00:00
94994,2026-08-05,Yunusobod,3,237000,https://hata.uz/en/listings/object/zhk-kamron-palace-finansovyy-institut-ts-5-3-3-10-kirpich-90-m2-94994,90.0,3,9,1,2026-08-21T23:55:40+00:00
94997,2026-08-05,Yunusobod,3,235000,https://hata.uz/en/listings/object/gabus-yunusabad-podklyuch-ts2-tsentr-ploschad-100-m2-evro-94997,100.0,2,8,1,2026-08-21T23:55:40+00:00
94999,2026-08-05,Yunusobod,4,240000,https://hata.uz/en/listings/object/arzon-elit-poytaxt-gavhari-lyuks-or-alayskiy-ts-2-basri-baba-darhan-94999,124.0,3,9,1,2026-08-21T23:55:40+00:00
95000,2026-08-05,Yunusobod,3,230015,https://hata.uz/en/listings/object/kazakhastan-3kom-kvartira-88m2-evro-podklyuch-tsentre-yunusabada-ts5-ts6-95000,88.0,6,10,1,2026-08-21T23:55:40+00:00
95005,2026-08-05,Yunusobod,3,204999,https://hata.uz/en/listings/object/shoshilinch-arzon-narhda-muhtasham-100m2-ts-5-metro-minor-tsentr-95005,100.0,6,10,1,2026-08-21T23:55:40+00:00
95008,2026-08-05,Yunusobod,3,230000,https://hata.uz/en/listings/object/srochno-sotiladi-3-honali-zhk-kazahstan-evroremont-metro-minor-ts6-95008,88.0,6,10,1,2026-08-21T23:55:40+00:00
95009,2026-08-05,Yunusobod,3,237000,https://hata.uz/en/listings/object/novostroyka-3-hona-alayskiy-minor-metro-90m2-yangi-avtorskiy-remont-95009,90.0,3,9,1,2026-08-21T23:55:40+00:00
95013,2026-08-05,Yunusobod,3,215000,https://hata.uz/en/listings/object/prodaetsya-3-7-10-89m2-v-zhk-kazahstan-na-ts-6-or-r-m-minor-95013,89.0,7,10,1,2026-08-21T23:55:40+00:00
95014,2026-08-05,Yunusobod,3,237000,https://hata.uz/en/listings/object/prodaetsya-lyuks-3h-kom-kvartira-na-alayskom-95014,90.0,3,10,1,2026-08-21T23:55:40+00:00
95015,2026-08-05,Yunusobod,3,214999,https://hata.uz/en/listings/object/srochno-arzon-3kom-106m2-podklyuch-ts-5-finansovyy-institut-haqiqiy-95015,106.0,10,11,1,2026-08-21T23:55:40+00:00
95016,2026-08-05,Yunusobod,3,204999,https://hata.uz/en/listings/object/gorit-srochno-muhtasham-3kom-100m2-ts-5-metro-minor-alayskiy-95016,100.0,6,10,1,2026-08-21T23:55:40+00:00
95021,2026-08-05,Yunusobod,4,220000,https://hata.uz/en/listings/object/prodaetsya-3v4-kom-108kv2m-yunusabadskiy-r-on-zhk-borokko-95021,108.0,9,10,1,2026-08-21T23:55:40+00:00
95022,2026-08-05,Yunusobod,3,230000,https://hata.uz/en/listings/object/novostroyka-3-6-10-zhk-kazakhstan-95022,88.0,6,10,1,2026-08-21T23:55:40+00:00
95023,2026-08-05,Yunusobod,3,220000,https://hata.uz/en/listings/object/prodaetsya-3-h-komnatnaya-kvartira-ot-real-house-alayskiy-95023,88.0,8,9,1,2026-08-21T23:55:40+00:00
95026,2026-08-05,Yunusobod,3,230000,https://hata.uz/en/listings/object/prodaetsya-3-h-komnatnaya-kvartira-v-zhk-kazahstan-88m2-95026,88.0,6,10,1,2026-08-21T23:55:40+00:00
95028,2026-08-05,Yunusobod,3,235000,https://hata.uz/en/listings/object/ts-6-novostroyka-prodaetsya-3-komnatnaya-kvartira-remont-gentlemens-pub-95028,133.0,7,10,1,2026-08-21T23:55:40+00:00
95029,2026-08-05,Yunusobod,3,215000,https://hata.uz/en/listings/object/prodaetsya-3h-kom-kvartira-zhk-kazahstan-or-r-alayskiy-rynok-89-m2-95029,89.0,7,10,1,2026-08-21T23:55:40+00:00
95038,2026-08-05,Yunusobod,3,235000,https://hata.uz/en/listings/object/stilnaya-novaya-3komnatnaya-kvartira-v-zhk-minora-ts6-132m2-ks-95038,132.0,7,9,1,2026-08-21T23:55:40+00:00
95043,2026-08-05,Yunusobod,3,235000,https://hata.uz/en/listings/object/ts-6-pozharka-metro-minor-prodam-kvartiru-3h-kom-133m2-zhk-minor-95043,133.0,7,10,1,2026-08-21T23:55:40+00:00
95044,2026-08-05,Yunusobod,3,215000,https://hata.uz/en/listings/object/3-h-komnatnaya-kvartira-v-zhk-muhtasham-okna-na-2-storony-id-3507-95044,100.0,10,11,1,2026-08-21T23:55:40+00:00
95046,2026-08-05,Yunusobod,3,215000,https://hata.uz/en/listings/object/prodaetsya-kvartira-zhk-kazahstan-3-komnatnaya-95046,89.0,7,10,1,2026-08-21T23:55:40+00:00
95051,2026-08-05,Yunusobod,7,225000,https://hata.uz/en/listings/object/prodam-zhk-barakko-or-gidromettsentr-95051,200.0,2,7,1,2026-08-21T23:55:40+00:00
95052,2026-08-05,Yunusobod,4,238000,https://hata.uz/en/listings/object/prodam-zhk-poytaht-gavhari-na-ts-2-95052,100.0,6,10,1,2026-08-21T23:55:40+00:00
95058,2026-08-05,Yunusobod,4,215000,https://hata.uz/en/listings/object/zhk-barokko-prodaetsya-3h-kom-evro-108-kvm-na-ts-6-95058,108.0,9,10,1,2026-08-21T23:55:40+00:00
95061,2026-08-05,Yunusobod,3,233000,https://hata.uz/en/listings/object/ts-2-zhk-poytaxt-gavhari-3-8-10-101m2-95061,101.0,8,10,1,2026-08-21T23:55:40+00:00
95063,2026-08-05,Yunusobod,3,235000,https://hata.uz/en/listings/object/ts-6-or-r-dzhentelmen-pab-3-kom-95063,133.0,7,10,1,2026-08-21T23:55:40+00:00
95078,2026-08-05,Yunusobod,3,237000,https://hata.uz/en/listings/object/zhk-kamron-palace-3-kom-metro-minor-95078,90.0,3,10,1,2026-08-21T23:55:40+00:00
95138,2026-08-05,Shayhontohur,2,230000,https://hata.uz/en/listings/object/prodaetsya-zhk-tashkent-city-boulevard-3-7-7-95138,75.0,7,7,1,2026-08-21T23:55:40+00:00
95140,2026-08-05,Shayhontohur,2,249000,https://hata.uz/en/listings/object/prodaetsya-zhk-tashkent-siti-2-4-8-vid-park-terassa-biznes-klass-95140,68.0,4,8,1,2026-08-21T23:55:40+00:00
95144,2026-08-05,Chilonzor,5,225000,https://hata.uz/en/listings/object/srochno-prodaetsya-novostroyki-chilonzor-rayon-95144,155.0,10,10,1,2026-08-21T23:55:40+00:00
95145,2026-08-05,Shayhontohur,2,210000,https://hata.uz/en/listings/object/tashkent-siti-gardens-residence-s-terassoy-kvartira-95145,52.0,1,8,1,2026-08-21T23:55:40+00:00
95148,2026-08-05,Shayhontohur,2,230000,https://hata.uz/en/listings/object/tashkent-siti-zhk-real-house-2-18-22-89-12kvm-korobka-s-vidom-na-park-95148,105.0,18,22,1,2026-08-21T23:55:40+00:00
95152,2026-08-05,Yakkasaroy,3,250000,https://hata.uz/en/listings/object/novostroyka-zhk-via-port-vid-vo-dvor-95152,110.0,4,5,1,2026-08-21T23:55:40+00:00
95165,2026-08-05,Shayhontohur,2,240000,https://hata.uz/en/listings/object/prodaetsya-2-5-7-zhk-tashkent-city-boulevard-95165,68.0,5,7,1,2026-08-21T23:55:40+00:00
95180,2026-08-05,Yunusobod,3,256000,https://hata.uz/en/listings/object/prodazha-3-2-4-ts-6-radison-95180,125.0,2,4,1,2026-08-21T23:55:40+00:00
95181,2026-08-05,Yunusobod,4,280000,https://hata.uz/en/listings/object/tsentr-ts6-gabus-4-komnatnaya-8-etazh-213m2-orientir-kinoteatr-kazahstan-95181,213.0,8,9,1,2026-08-21T23:55:40+00:00
95189,2026-08-05,Yunusobod,3,280000,https://hata.uz/en/listings/object/kazakhstan-3h-kom-s-remontom-uspeyte-100m2-s-remontom-podklyuch-minor-95189,100.0,5,10,1,2026-08-21T23:55:40+00:00
95204,2026-08-05,Yunusobod,3,290000,https://hata.uz/en/listings/object/kvartira-prodaetsya-3-9-10-na-zhk-poytaht-gavhari-95204,100.0,9,10,1,2026-08-21T23:55:40+00:00
95228,2026-08-05,Yunusobod,3,290000,https://hata.uz/en/listings/object/ts-2-basri-baba-or-r-alayskiy-rynok-95228,100.0,9,10,1,2026-08-21T23:55:40+00:00
95242,2026-08-05,Yunusobod,4,300000,https://hata.uz/en/listings/object/prodaetsya-4h-kom-kvartira-zhk-gabus-or-r-alayskiy-rynok-1875-m2-95242,187.5,1,8,1,2026-08-21T23:55:40+00:00
95260,2026-08-05,Yunusobod,4,390000,https://hata.uz/en/listings/object/srochno-prodaetsya-kvartira-4-9-10-150m2-na-zhk-barocco-gidromettsetr-95260,150.0,9,10,1,2026-08-21T23:55:40+00:00
95262,2026-08-05,Yunusobod,4,330000,https://hata.uz/en/listings/object/prodaetsya-kvartira-na-metro-minor-yunusabadskiy-rayon-zhk-muhtasham-95262,153.0,7,10,1,2026-08-21T23:55:40+00:00
95264,2026-08-05,Yunusobod,4,315000,https://hata.uz/en/listings/object/prodam-zhk-kiparis-na-ts-4-95264,130.0,8,9,1,2026-08-21T23:55:40+00:00
95270,2026-08-05,Yunusobod,3,320000,https://hata.uz/en/listings/object/premium-kvartira-v-tsentre-zhk-shedevr-3-komnaty-lyuks-remont-114m2-95270,114.0,8,10,1,2026-08-21T23:55:40+00:00
95271,2026-08-05,Yunusobod,4,315000,https://hata.uz/en/listings/object/provdetsya-novostroyka-kvartira-v-zhk-kiparis-vid-na-tsentr-95271,130.0,8,9,1,2026-08-21T23:55:40+00:00
95275,2026-08-05,Yunusobod,4,330000,https://hata.uz/en/listings/object/barokko-4-6-10-podklyuch-lyuks-kvartira-128m2-yunusabad-novomoskovskaya-95275,128.0,6,10,1,2026-08-21T23:55:40+00:00
95276,2026-08-05,Yunusobod,5,399000,https://hata.uz/en/listings/object/prodaetsya-5ti-kom-kvartira-zhk-gabus-or-r-ts-2-400-m2-95276,400.0,7,8,1,2026-08-21T23:55:40+00:00
95277,2026-08-05,Yunusobod,4,330000,https://hata.uz/en/listings/object/barocco-4-komnatnaya-evro-lyuks-remont-128m2-novyy-remont-95277,128.0,6,10,1,2026-08-21T23:55:40+00:00
95280,2026-08-05,Yunusobod,3,320000,https://hata.uz/en/listings/object/3-kom-kvartira-v-premialnom-zhk-shedevr-tsentre-yunusabada-ts-4-95280,114.0,8,10,1,2026-08-21T23:55:40+00:00
95286,2026-08-05,Yunusobod,4,310005,https://hata.uz/en/listings/object/gabus-3-4-7-kvartira-korobka-kirpich-164m2-rynok-alayskiy-ts2-metro-95286,164.0,3,7,1,2026-08-21T23:55:40+00:00
95287,2026-08-05,Yunusobod,4,320000,https://hata.uz/en/listings/object/kvartira-prodaetsya-4-10-11-na-zhk-shedevr-95287,144.0,10,11,1,2026-08-21T23:55:40+00:00
95290,2026-08-05,Yunusobod,3,320000,https://hata.uz/en/listings/object/shedevr-yunusabad-podklyuch-ts4-tsentr-premium-ploschad114m2-hyatt-regency-95290,114.0,8,10,1,2026-08-21T23:55:40+00:00
95294,2026-08-05,Yunusobod,4,329900,https://hata.uz/en/listings/object/4-6-10-zhk-barrokko-gidromettsentr-128-m2-s-evro-remontom-i-mebelyu-95294,128.0,6,10,1,2026-08-21T23:55:40+00:00
95304,2026-08-05,Yunusobod,4,350000,https://hata.uz/en/listings/object/novostroyka-4-6-10-v-zhk-barocco-or-r-gidromettsentr-finansinstitut-95304,128.0,6,10,1,2026-08-21T23:55:40+00:00
95308,2026-08-05,Yunusobod,4,315000,https://hata.uz/en/listings/object/prodaetsya-novostroyka-4-8-9-v-zhk-kiparis-na-ts-4-shedevr-mustakillik-95308,130.0,8,9,1,2026-08-21T23:55:40+00:00
95309,2026-08-05,Yunusobod,3,340000,https://hata.uz/en/listings/object/zhk-novomoskovskaya-3-komnaty-evroremont-dupleks-95309,115.0,1,8,1,2026-08-21T23:55:40+00:00
95310,2026-08-05,Yunusobod,3,320000,https://hata.uz/en/listings/object/prodaetsya-3kom-195m2-novostroyka-or-r-ts-5-pozharka-gentlemens-pub-95310,195.0,4,11,1,2026-08-21T23:55:40+00:00
95316,2026-08-05,Yunusobod,4,370000,https://hata.uz/en/listings/object/novostroyka-4-7-10-v-zhk-muhtasham-metro-minor-finansovyy-institut-95316,153.0,7,10,1,2026-08-21T23:55:40+00:00
95318,2026-08-05,Yunusobod,4,390000,https://hata.uz/en/listings/object/prodaetsya-4h-komnatnaya-kvartira-v-zhk-barokko-150m2-novyy-remont-95318,150.0,9,10,1,2026-08-21T23:55:40+00:00
95319,2026-08-05,Yunusobod,4,330000,https://hata.uz/en/listings/object/prodaetsya-4h-kom-v-barokko-novomoskovskaya-128m2-95319,128.0,6,10,1,2026-08-21T23:55:40+00:00
95320,2026-08-05,Yunusobod,8,340000,https://hata.uz/en/listings/object/novostroyka-8-10-11-11-zhk-muhtasham-korobka-s-peregorodkami-308m2-95320,308.0,10,11,1,2026-08-21T23:55:40+00:00
95321,2026-08-05,Yunusobod,3,320000,https://hata.uz/en/listings/object/evro-lyuks-zhk-shedevr-3-8-10-114m2-or-r-ts-4-gostinitsa-hyatt-regency-95321,114.0,8,10,1,2026-08-21T23:55:40+00:00
95326,2026-08-05,Yunusobod,4,360000,https://hata.uz/en/listings/object/4-12-12-zhk-parkwood-s-terassoy-nukusskaya-makro-gospitalka-95326,141.0,12,12,1,2026-08-21T23:55:40+00:00
95400,2026-08-05,Yunusobod,4,420000,https://hata.uz/en/listings/object/prodaetsya-kvartira-4-9-10-zhk-barocco-gidromettsentr-mminor-95400,150.0,9,10,1,2026-08-21T23:55:40+00:00
95413,2026-08-05,Yunusobod,6,850000,https://hata.uz/en/listings/object/novostroyka-6-komnatnyy-gabus-na-ts-2-4-sanuzla-id-3488-95413,328.0,7,7,1,2026-08-21T23:55:40+00:00
95461,2026-08-05,Yunusobod,9,550000,https://hata.uz/en/listings/object/poytaht-gavhari-prodaetsya-kvartira-300-kvadratnyh-metrov-v-tsentre-goro-95461,360.0,3,10,1,2026-08-21T23:55:40+00:00
96665,2026-08-05,Yakkasaroy,4,900,https://hata.uz/en/listings/object/yakkasaroy-prodaetsya-kvartira-v-novostroyke-951-m-kv-96665,95.1,8,9,1,2026-08-21T23:55:40+00:00
96666,2026-08-05,Yunusobod,3,1000,https://hata.uz/en/listings/object/novostroyka-v-yunusabade-96666,104.0,4,10,1,2026-08-21T23:55:40+00:00
97396,2026-08-04,Mirobod,2,40000,https://hata.uz/en/listings/object/prodaetsya-svoya-novostroyka-v-zhk-compass-97396,51.0,1,7,1,2026-08-21T23:55:40+00:00
97534,2026-08-04,Mirobod,2,62500,https://hata.uz/en/listings/object/svoy-dom-2h-komnatnyy-transportnyy-institut-97534,66.0,1,1,1,2026-08-21T23:55:40+00:00
97580,2026-08-04,Sergeli,3,62000,https://hata.uz/en/listings/object/sergili-5-hududdagi-kvartira-sotiladi-97580,72.0,12,16,1,2026-08-21T23:55:40+00:00
97607,2026-08-05,Yakkasaroy,3,62000,https://hata.uz/en/listings/object/yangi-darhon-2-metro-uzgarish-ippodrom-82mkv-3-kom-97607,82.0,13,16,1,2026-08-21T23:55:40+00:00
97648,2026-08-05,Yakkasaroy,2,60000,https://hata.uz/en/listings/object/prodaetsya-kvartira-v-novostroyke-new-port-97648,42.0,11,16,1,2026-08-21T23:55:40+00:00
97658,2026-08-04,Yashnobod,1,52000,https://hata.uz/en/listings/object/toshkent-shahar-yashnobod-tumani-fargona-yuli-97658,27.0,8,9,1,2026-08-21T23:55:40+00:00
97666,2026-08-04,Yashnobod,2,62000,https://hata.uz/en/listings/object/prodam-2-kom-kvartiru-na-yashnabadskom-rayone-40-let-pobedy-97666,60.0,2,3,1,2026-08-21T23:55:40+00:00
97721,2026-08-04,Mirobod,2,65000,https://hata.uz/en/listings/object/novostroyka-uy-sotiladi-srochna-97721,60.0,7,10,1,2026-08-21T23:55:40+00:00
97779,2026-08-04,Yashnobod,2,85000,https://hata.uz/en/listings/object/srochno-group-city-tower-38m2-2-5-16-uzmakon-uzbum-alfragamus-97779,40.0,5,16,1,2026-08-21T23:55:40+00:00
97780,2026-08-04,Mirobod,2,85000,https://hata.uz/en/listings/object/srochno-group-city-tower-40m2-2-5-16-uzmakon-alfraganus-uzbum-97780,40.0,5,16,1,2026-08-21T23:55:40+00:00
97808,2026-08-05,Yakkasaroy,3,72500,https://hata.uz/en/listings/object/salamatina-3-8-10-novostroyka-80m2-yakkasarayskiy-r-n-97808,80.0,8,10,1,2026-08-21T23:55:40+00:00
97874,2026-08-05,Mirobod,3,96000,https://hata.uz/en/listings/object/srochno-svoya-golden-house-ozmakon-76-m2-3-kom-s-kadastrom-97874,75.9,10,16,1,2026-08-21T23:55:40+00:00
98235,2026-08-05,Yakkasaroy,3,120000,https://hata.uz/en/listings/object/uspey-kupit-zhk-fortuna-house-evro-lyuks-3-14-15-ulbobura-aeroport-98235,90.0,14,16,1,2026-08-21T23:55:40+00:00
98238,2026-08-05,Yakkasaroy,3,120000,https://hata.uz/en/listings/object/srochno-prodaetsya-3-komanatnaya-kvartira-zhk-salamatina-98238,86.0,4,9,1,2026-08-21T23:55:40+00:00
98239,2026-08-05,Yakkasaroy,2,115000,https://hata.uz/en/listings/object/zhk-istanbul-2-3-10-70m2-zavodskaya-yakkasaray-98239,70.0,3,10,1,2026-08-21T23:55:40+00:00
98241,2026-08-05,Yakkasaroy,2,110000,https://hata.uz/en/listings/object/prodayu-2-9-14-kv-premium-klassa-novostroyka-zhk-yakkasarayskiy-98241,60.0,9,14,1,2026-08-21T23:55:40+00:00
98242,2026-08-05,Yakkasaroy,2,118000,https://hata.uz/en/listings/object/srochno-prodayu-2-6-14-kvartiru-yakkasaray-ul-nukus-park-bobura-98242,60.0,6,14,1,2026-08-21T23:55:40+00:00
98243,2026-08-05,Yakkasaroy,3,115000,https://hata.uz/en/listings/object/dupleks-kvartira-3-komnatnaya-evro-remont-s-kadastrom-zhk-solaris-98243,105.0,1,10,1,2026-08-21T23:55:40+00:00
98244,2026-08-05,Yakkasaroy,2,125000,https://hata.uz/en/listings/object/istanbul-city-prodaetsya-2-komnatnaya-kvartira-remont-akahhara-98244,70.0,3,9,1,2026-08-21T23:55:40+00:00
98245,2026-08-05,Yakkasaroy,3,115000,https://hata.uz/en/listings/object/yakkasaray-shota-rustaveli-3-8-10-evro-lyuks-70m2-98245,70.0,8,10,1,2026-08-21T23:55:40+00:00
98249,2026-08-05,Yakkasaroy,2,125000,https://hata.uz/en/listings/object/prodaetsya-2-komnatnaya-kvartira-61-m2-zhk-madrod-yakkasaray-98249,61.0,5,9,1,2026-08-21T23:55:40+00:00
98251,2026-08-05,Yakkasaroy,3,120000,https://hata.uz/en/listings/object/2v3-13-14-prestige-gardens-ulitsa-shota-rustaveli-98251,60.0,13,14,1,2026-08-21T23:55:40+00:00
98252,2026-08-05,Yakkasaroy,3,122002,https://hata.uz/en/listings/object/yakkasaray-novostroyka-3kom-kvartira-76m2-s-remont-tsentr-mvd-smart-98252,76.0,11,16,1,2026-08-21T23:55:40+00:00
98255,2026-08-05,Yakkasaroy,2,122000,https://hata.uz/en/listings/object/novostroyka-zhk-prestige-gardens-98255,60.0,6,14,1,2026-08-21T23:55:40+00:00
98256,2026-08-05,Yakkasaroy,2,120000,https://hata.uz/en/listings/object/prodaetsya-kvartira-v-zhk-zarafshon-city-98256,51.0,3,12,1,2026-08-21T23:55:40+00:00
98263,2026-08-05,Yakkasaroy,2,115000,https://hata.uz/en/listings/object/prestige-gardens-shota-rustaveli-ul-yakkasarayskiy-ray-or-r-yuzhnyy-vokzal-98263,60.0,9,14,1,2026-08-21T23:55:40+00:00
98268,2026-08-05,Yakkasaroy,2,115000,https://hata.uz/en/listings/object/prodaetsya-kvartira-2-9-14-novostroyka-60m2-v-zhk-prestige-gardens-98268,60.0,9,14,1,2026-08-21T23:55:40+00:00
98270,2026-08-05,Yakkasaroy,3,120000,https://hata.uz/en/listings/object/prodaetsya-kvartira-zhk-fartuna-hause-3-komnatnaya-98270,90.0,14,17,1,2026-08-21T23:55:40+00:00
98271,2026-08-05,Yakkasaroy,3,120000,https://hata.uz/en/listings/object/prodaetsya-kvartira-3-4-10-novostroyka-80m2-v-zhk-solaris-kushbegi-98271,80.0,4,10,1,2026-08-21T23:55:40+00:00
98272,2026-08-05,Yakkasaroy,2,125000,https://hata.uz/en/listings/object/prodaetsya-kvartira-2-2-10-novostroyka-70m2-v-zhk-istanbul-city-98272,70.0,2,10,1,2026-08-21T23:55:40+00:00
98274,2026-08-05,Yakkasaroy,4,122000,https://hata.uz/en/listings/object/srochno-novostroyka-na-salamatina-havas-4-4-10-obsch-pl-122m-korobka-98274,122.0,4,10,1,2026-08-21T23:55:40+00:00
98278,2026-08-05,Yakkasaroy,3,112000,https://hata.uz/en/listings/object/novostroyka-na-salamatina-3-4-10-obsch-pl-86m-evro-s-obstanovkoy-98278,86.0,4,10,1,2026-08-21T23:55:40+00:00
98283,2026-08-05,Yakkasaroy,3,125000,https://hata.uz/en/listings/object/zhk-fortuna-house-3-14-17-90kvm-evro-remont-s-mebelyu-i-tehnikoy-98283,90.0,14,17,1,2026-08-21T23:55:40+00:00
98286,2026-08-05,Yakkasaroy,2,119900,https://hata.uz/en/listings/object/srochno-prodaetsya-2v3-komnatnaya-kvartira-v-novostroyke-yunusabad-malika-98286,98.0,6,7,1,2026-08-21T23:55:40+00:00
98289,2026-08-05,Yakkasaroy,3,125000,https://hata.uz/en/listings/object/srochnaya-prodazha-eco-house-3-komnatnaya-studiya-evroremont-pod-klyuch-98289,70.0,8,10,1,2026-08-21T23:55:40+00:00
98290,2026-08-05,Yakkasaroy,3,125000,https://hata.uz/en/listings/object/zhk-eco-house-3-komnatnaya-evroremont-pod-klyuch-novyy-yakkasaray-mukimi-98290,70.0,8,10,1,2026-08-21T23:55:40+00:00
98295,2026-08-05,Yakkasaroy,2,115000,https://hata.uz/en/listings/object/prodaetsya-kvartira-zhk-prestige-gardens-2-komnatnaya-98295,60.0,9,14,1,2026-08-21T23:55:40+00:00
98300,2026-08-05,Yakkasaroy,3,115006,https://hata.uz/en/listings/object/yakkasaray-novostroyka-3kom-kvartira-65m2-evro-novyy-lyuks-pod-klyuch-98300,65.0,8,10,1,2026-08-21T23:55:40+00:00
98306,2026-08-05,Yakkasaroy,2,125012,https://hata.uz/en/listings/object/yakkasaray-novostroyka-2kom-kvartira-46m2-korobka-tsentr-sh-rustaveli-98306,46.0,22,25,1,2026-08-21T23:55:40+00:00
98307,2026-08-05,Yakkasaroy,3,120000,https://hata.uz/en/listings/object/zhk-salaris-3-4-10-novostroyka-kushbegi-mebel-i-tehnika-98307,75.0,4,10,1,2026-08-21T23:55:40+00:00
98309,2026-08-05,Yakkasaroy,2,128004,https://hata.uz/en/listings/object/yakkasaray-seul-2kom-kvartira-52m2-evro-studiya-pod-klyuch-novyy-tsentr-98309,52.0,3,11,1,2026-08-21T23:55:40+00:00
98310,2026-08-05,Yakkasaroy,3,120000,https://hata.uz/en/listings/object/yakkasaroy-rayon-zhk-city-moll-98310,90.0,10,10,1,2026-08-21T23:55:40+00:00
98318,2026-08-04,Yashnobod,1,130000,https://hata.uz/en/listings/object/prodaetsya-47m-13-etazh-vid-na-gorod-v-zhk-infiniti-98318,47.0,13,15,1,2026-08-21T23:55:40+00:00
98462,2026-08-05,Yakkasaroy,3,135000,https://hata.uz/en/listings/object/srochna-prodaetsya-komfortnaya-kvartira-yakkasaray-zhk-solaris-3-1-10-93m2-98462,93.0,1,10,1,2026-08-21T23:55:40+00:00
98463,2026-08-05,Yakkasaroy,3,136000,https://hata.uz/en/listings/object/3-h-komnatnaya-v-zhk-via-port-korobka-or-chelsi-pab-id-3468-98463,80.0,7,10,1,2026-08-21T23:55:40+00:00
98468,2026-08-05,Yakkasaroy,3,150000,https://hata.uz/en/listings/object/v1587-prodaetsya-3-3-9-novostroyka-zhk-bobur-elit-70m2-98468,72.0,3,9,1,2026-08-21T23:55:40+00:00
98470,2026-08-05,Yakkasaroy,3,135000,https://hata.uz/en/listings/object/yakkasaroy-shotarustavelli-eko-xaus-98470,101.0,9,10,1,2026-08-21T23:55:40+00:00
98472,2026-08-05,Yakkasaroy,3,137000,https://hata.uz/en/listings/object/prodaetsya-kvartira-98472,75.0,6,9,1,2026-08-21T23:55:40+00:00
98477,2026-08-05,Yakkasaroy,3,130000,https://hata.uz/en/listings/object/v1537-prodaetsya-3-7-12-novostroyka-zhk-askiya-city-127m2-98477,127.0,7,12,1,2026-08-21T23:55:40+00:00
98478,2026-08-05,Yakkasaroy,3,135000,https://hata.uz/en/listings/object/v1532-prodaetsya-3-1-10-novostroyka-zhk-dream-house-98478,80.0,1,10,1,2026-08-21T23:55:40+00:00
98481,2026-08-05,Yakkasaroy,3,150000,https://hata.uz/en/listings/object/v1519-prodaetsya-3-3-9-novostroyka-zhk-bobur-elit-72m2-98481,72.0,3,9,1,2026-08-21T23:55:40+00:00
98482,2026-08-05,Yakkasaroy,3,135000,https://hata.uz/en/listings/object/prodaetsya-3-1-10-80m2-zhk-dream-house-orr-8-roddom-98482,80.0,1,10,1,2026-08-21T23:55:40+00:00
98485,2026-08-05,Yakkasaroy,3,135000,https://hata.uz/en/listings/object/zhk-dream-house-3-kom-98485,80.0,1,10,1,2026-08-21T23:55:40+00:00
98486,2026-08-05,Yakkasaroy,3,137000,https://hata.uz/en/listings/object/3-h-komn-75m2-novostroyka-shrustaveli-98486,75.0,6,9,1,2026-08-21T23:55:40+00:00
98489,2026-08-05,Yakkasaroy,2,138000,https://hata.uz/en/listings/object/v1226-prodaetsya-2-2-16-44m2-zhk-kislorod-na-ul-seul-98489,44.0,2,16,1,2026-08-21T23:55:40+00:00
98490,2026-08-05,Yakkasaroy,2,140000,https://hata.uz/en/listings/object/zhkpiramit-2-39-47-srochnaya-tsena-ne-vpustite-2-39-47-596m2-140-000-98490,60.0,39,47,1,2026-08-21T23:55:40+00:00
98494,2026-08-05,Yakkasaroy,2,148000,https://hata.uz/en/listings/object/v1474-prodaetsya-2-5-8-novostroyka-zhk-parisien-57m2-98494,57.0,5,8,1,2026-08-21T23:55:40+00:00
98497,2026-08-05,Yakkasaroy,3,135000,https://hata.uz/en/listings/object/novostroyka-korobka-zhk-metropol-vid-na-televyshku-id-3012-98497,97.0,8,13,1,2026-08-21T23:55:40+00:00
98512,2026-08-05,Yakkasaroy,3,140000,https://hata.uz/en/listings/object/svoya-prodaetsya-kvartira-novostiroyka-3-4-10-yakkasaroy-zhk-city-mall-98512,92.0,4,10,1,2026-08-21T23:55:40+00:00
98517,2026-08-05,Shayhontohur,3,135000,https://hata.uz/en/listings/object/druzhba-narodov-media-park-zhk-chaqar-pod-klyuch-upakovannaya-3-kom-75-m2-98517,75.0,8,16,1,2026-08-21T23:55:40+00:00
98521,2026-08-05,Yakkasaroy,3,145000,https://hata.uz/en/listings/object/svoya-prodaetsya-kvartira-novostiroyka-3-4-10-yakkasaroy-zhk-sity-mall-98521,92.0,4,10,1,2026-08-21T23:55:40+00:00
98525,2026-08-04,Olmazor,3,140000,https://hata.uz/en/listings/object/nurafshon-kochasi-chigatoy-98525,107.0,5,5,1,2026-08-21T23:55:40+00:00
98530,2026-08-05,Yunusobod,5,137000,https://hata.uz/en/listings/object/ts2-novostroyka-poytaxt-gavhari-real-house-5-komnatnaya-10-etazh-140m2-98530,140.0,10,10,1,2026-08-21T23:55:40+00:00
98541,2026-08-05,Shayhontohur,2,140000,https://hata.uz/en/listings/object/abu-dabi-uy-sottiladi-2-xona-98541,72.0,1,7,1,2026-08-21T23:55:40+00:00
98693,2026-08-05,Yakkasaroy,4,155000,https://hata.uz/en/listings/object/novostroyka-milan-yakkasaray-8-roddom-134m2-korobka-kadastr-est-98693,134.0,7,10,1,2026-08-21T23:55:40+00:00
98694,2026-08-05,Yakkasaroy,3,154000,https://hata.uz/en/listings/object/zarafshon-city-3-5-12-80m2-evro-v-tsentre-srochno-98694,80.0,5,12,1,2026-08-21T23:55:40+00:00
98698,2026-08-05,Yakkasaroy,4,159000,https://hata.uz/en/listings/object/super-start-dlya-remonta-zhk-milano-4-7-10-chernovaya-otdelka-or-8-roddom-98698,153.0,7,10,1,2026-08-21T23:55:40+00:00
98699,2026-08-05,Yakkasaroy,3,165000,https://hata.uz/en/listings/object/kichik-beshyogoch-3-2-9-evro-remont-opsh-110kv-98699,110.0,2,9,1,2026-08-21T23:55:40+00:00
98701,2026-08-05,Yakkasaroy,3,157000,https://hata.uz/en/listings/object/zhk-dream-house-3-kom-98701,75.0,4,9,1,2026-08-21T23:55:40+00:00
98702,2026-08-05,Yakkasaroy,4,168000,https://hata.uz/en/listings/object/zhk-zarafshon-city-ulitsa-babura-yakkasaray-ryadom-piramir-tower-98702,104.0,2,14,1,2026-08-21T23:55:40+00:00
98703,2026-08-05,Yakkasaroy,2,170000,https://hata.uz/en/listings/object/v1637-prodaetsya-2-8-9-novostroyka-zhk-dream-house-96m2-98703,96.0,8,9,1,2026-08-21T23:55:40+00:00
98706,2026-08-05,Yakkasaroy,4,156000,https://hata.uz/en/listings/object/prodaetsya-novostroyka-yakkasaroy-massiv-kushbegi-4-12-14-98706,130.0,12,14,1,2026-08-21T23:55:40+00:00
98707,2026-08-05,Yakkasaroy,3,165000,https://hata.uz/en/listings/object/srochno-gorit-white-house-upakovana-3-kom-82m2-frigat-shrustaveli-98707,82.0,6,8,1,2026-08-21T23:55:40+00:00
98710,2026-08-05,Yakkasaroy,3,155000,https://hata.uz/en/listings/object/dream-house-xonsaroy-yakkasaray-tsentr-podklyuch-8roddom-aktiv-86m2evro-98710,86.0,8,10,1,2026-08-21T23:55:40+00:00
98711,2026-08-05,Yakkasaroy,3,158000,https://hata.uz/en/listings/object/milano-yakkasaray-tsentr-akahhara-ploschad-153m2-8-roddom-98711,153.0,7,10,1,2026-08-21T23:55:40+00:00
98712,2026-08-05,Yakkasaroy,3,165000,https://hata.uz/en/listings/object/zhk-istanbul-siti-3-8-9-98712,95.0,8,9,1,2026-08-21T23:55:40+00:00
98713,2026-08-05,Yakkasaroy,3,153000,https://hata.uz/en/listings/object/dream-house-xonsaroy-yakkasaray-tsentr-8roddom-evro-srochno-98713,86.0,8,10,1,2026-08-21T23:55:40+00:00
98716,2026-08-05,Yakkasaroy,3,164999,https://hata.uz/en/listings/object/zhk-white-house-lyuks-pod-klyuch-3-6-8-82m2-or-shrustaveli-karadeniz-98716,82.0,6,8,1,2026-08-21T23:55:40+00:00
98717,2026-08-05,Yakkasaroy,3,165000,https://hata.uz/en/listings/object/white-house-3-komnatnaya-shrustaveli-evro-remont-lyuks-kadastr-est-98717,82.0,6,8,1,2026-08-21T23:55:40+00:00
98718,2026-08-05,Yakkasaroy,3,165000,https://hata.uz/en/listings/object/v1624-prodaetsya-3-3-10-novostroyka-zhk-xon-saroy-83m2-98718,83.0,3,10,1,2026-08-21T23:55:40+00:00
98722,2026-08-05,Yakkasaroy,2,155003,https://hata.uz/en/listings/object/yakkasaray-piramit-tower-2k-kvartira-korobka-tsentr-aeroport-ulbabura-98722,65.0,35,48,1,2026-08-21T23:55:40+00:00
98724,2026-08-05,Yakkasaroy,4,162999,https://hata.uz/en/listings/object/eklyuziv-zhk-milano-klassa-lyuks-4-10-10-163m2-or-akahhara-8-roddom-98724,163.0,10,10,1,2026-08-21T23:55:40+00:00
98725,2026-08-05,Yakkasaroy,4,157000,https://hata.uz/en/listings/object/novostroyka-yakkasaray-milano-dream-house-153m2-white-box-kadastr-est-98725,153.0,7,10,1,2026-08-21T23:55:40+00:00
98727,2026-08-05,Yakkasaroy,4,168000,https://hata.uz/en/listings/object/yakasarayskom-rayone-prodaetsya-4-komnatnaya-kv-orientir-ul-bobura-98727,86.0,2,14,1,2026-08-21T23:55:40+00:00
98731,2026-08-05,Yakkasaroy,4,168000,https://hata.uz/en/listings/object/v1588-prodaetsya-4-2-14-novostroyka-104m2-98731,104.0,2,14,1,2026-08-21T23:55:40+00:00
98732,2026-08-05,Yakkasaroy,3,160000,https://hata.uz/en/listings/object/v1586-prodaetsya-3-1-10-novostroyka-80m2-98732,80.0,1,10,1,2026-08-21T23:55:40+00:00
98930,2026-08-04,Mirobod,3,280000,https://hata.uz/en/listings/object/ot-sobstvennika-prodaetsya-svezhaya-gabus-3-h-140m-loft-na-s-azimova-ts1-98930,145.0,6,7,1,2026-08-21T23:55:40+00:00
99042,2026-08-04,Shayhontohur,3,325000,https://hata.uz/en/listings/object/prodayutsya-sotiladi-nest-one-nest-van-34-etazh-v-51-et-s-kadastorom-99042,68.0,34,51,1,2026-08-21T23:55:40+00:00
99159,2026-08-05,Shayhontohur,3,280000,https://hata.uz/en/listings/object/nest-one-3-10-51-avtorskiy-proekt-99159,61.0,10,51,1,2026-08-21T23:55:40+00:00
99162,2026-08-05,Shayhontohur,2,330000,https://hata.uz/en/listings/object/zhk-u-tower-2-6-27-73m2-vid-na-tashkent-siti-99162,73.0,6,27,1,2026-08-21T23:55:40+00:00
99163,2026-08-05,Shayhontohur,3,288000,https://hata.uz/en/listings/object/prodaetsya-kvartira-shayhontahurskom-rayone-adres-zh-k-tashkent-siti-99163,91.0,6,7,1,2026-08-21T23:55:40+00:00
99164,2026-08-05,Shayhontohur,3,270000,https://hata.uz/en/listings/object/prodaetsya-3-h-kom-kv-zhk-mirabad-avenue-b-blok-3-liniya-vid-na-aleyu-99164,64.0,2,12,1,2026-08-21T23:55:40+00:00
99217,2026-08-04,Mirobod,5,2499970,https://hata.uz/en/listings/object/mirabad-avenue-s-vidom-vo-dvor-2-kvartiry-5-komnat-323m2-lyuks-remont-99217,323.0,10,11,1,2026-08-21T23:55:40+00:00
100686,2026-08-05,Shayhontohur,2,1200,https://hata.uz/en/listings/object/kvartira-2-komn-71-kvm-7-etazh-v-kukcha-koshona-est-kadastr-100686,71.0,7,9,1,2026-08-21T23:55:40+00:00
100729,2026-08-05,Shayhontohur,3,2500,https://hata.uz/en/listings/object/tashkent-citi-gardens-90-kvm-korobka-120kvm-100729,90.0,2,7,1,2026-08-21T23:55:40+00:00
100934,2026-08-05,Shayhontohur,2,2900,https://hata.uz/en/listings/object/srochnaya-prodazha-nest-one-korobka-5871m2-tashkent-sity-druzhba-100934,58.71,27,51,1,2026-08-21T23:55:40+00:00
101079,2026-08-05,Shayhontohur,1,17000,https://hata.uz/en/listings/object/prodaetsya-kvartira-studiya-101079,21.4,10,11,1,2026-08-21T23:55:40+00:00
101128,2026-08-05,Shayhontohur,3,15000,https://hata.uz/en/listings/object/oxangaron-eyvalik-3-xona-726-kv-4-etaj-balokoni-kotta-variantla-bols-101128,72.6,4,4,1,2026-08-21T23:55:40+00:00
101140,2026-08-05,Shayhontohur,2,24000,https://hata.uz/en/listings/object/zangiota-tumaninazarbekturkistonda-kvartira-sotiladi-101140,39.0,2,2,1,2026-08-21T23:55:40+00:00
101143,2026-08-05,Shayhontohur,2,35400,https://hata.uz/en/listings/object/novostroyki-na-etape-kotlovana-ot-zastroyschika-shayhontohurskiy-rayon-101143,47.0,5,16,1,2026-08-21T23:55:40+00:00
101147,2026-08-05,Shayhontohur,1,44500,https://hata.uz/en/listings/object/gulzor-kukcha-maszhid-1-1-5-novastroyka-37m2-urta-remontli-srochno-101147,37.0,1,5,1,2026-08-21T23:55:40+00:00
101171,2026-08-05,Shayhontohur,1,38700,https://hata.uz/en/listings/object/o-rikzor-residence-45-kvm-1-xonali-kvartira-sotiladi-101171,45.0,13,16,1,2026-08-21T23:55:40+00:00
101174,2026-08-05,Shayhontohur,2,44700,https://hata.uz/en/listings/object/sokin-makon-1-da-2-xonali-50km-16-qavatli-domni-6-qavati-pad-klyuch-101174,50.0,6,16,1,2026-08-21T23:55:40+00:00
101176,2026-08-05,Shayhontohur,1,40000,https://hata.uz/en/listings/object/prodaetsya-1-na-komnatnaya-kvartira-v-zhk-bm-group-101176,31.0,7,12,1,2026-08-21T23:55:40+00:00
101177,2026-08-05,Shayhontohur,1,38500,https://hata.uz/en/listings/object/navastroyka-1etaj-1xona-37kv-qoraqamish-1-4da-ozimiki-101177,37.0,1,16,1,2026-08-21T23:55:40+00:00
101182,2026-08-05,Shayhontohur,2,34000,https://hata.uz/en/listings/object/komfort-2-etazh-zhoy-sotiladi-101182,35.0,2,2,1,2026-08-21T23:55:40+00:00
101187,2026-08-05,Shayhontohur,1,39000,https://hata.uz/en/listings/object/1-komnatnaya-kvartira-korobka-31m2-kadastr-est-shayhontohur-rovd-101187,31.0,4,12,1,2026-08-21T23:55:40+00:00
101206,2026-08-05,Shayhontohur,2,45500,https://hata.uz/en/listings/object/novostroyka-sotiladi-sputnik-5-roddom-kuchasida-101206,55.0,7,10,1,2026-08-21T23:55:40+00:00
101223,2026-08-05,Shayhontohur,1,45000,https://hata.uz/en/listings/object/oqtepada-bm-group-1-xonali-novostroyka-101223,30.0,5,12,1,2026-08-21T23:55:40+00:00
101246,2026-08-05,Shayhontohur,1,45000,https://hata.uz/en/listings/object/korasuv-6da-1-1-4-uy-sotiladi-101246,30.0,1,4,1,2026-08-21T23:55:40+00:00
101257,2026-08-05,Shayhontohur,2,39850,https://hata.uz/en/listings/object/novostroyka-50-kv-zamona-to-yxonasi-srochna-39900-ue-101257,500.0,2,4,1,2026-08-21T23:55:40+00:00
101264,2026-08-05,Shayhontohur,1,38200,https://hata.uz/en/listings/object/sotilad-oq-tepa-1hona-2-etaj-38200-101264,31.0,2,2,1,2026-08-21T23:55:40+00:00
101266,2026-08-05,Shayhontohur,1,42000,https://hata.uz/en/listings/object/prodaetsya-novostroyka-samarkand-darvoza-1-4-9-zhk-charh-novza-101266,31.0,4,9,1,2026-08-21T23:55:40+00:00
101290,2026-08-05,Shayhontohur,2,66500,https://hata.uz/en/listings/object/sebzorda-masjidga-yaqin-joyda-2-9-9-65m2-li-kvartira-sotiladi-lift-bor-101290,65.0,9,9,1,2026-08-21T23:55:40+00:00
101293,2026-08-05,Shayhontohur,1,65000,https://hata.uz/en/listings/object/1k-12-12-et-evrore-studiya-31-m2-u-metro-milliy-bog-i-magic-city-101293,31.0,12,12,1,2026-08-21T23:55:40+00:00
101302,2026-08-05,Shayhontohur,1,60000,https://hata.uz/en/listings/object/aktepe-1v2-9-12-novostroyka-101302,34.0,9,12,1,2026-08-21T23:55:40+00:00
101304,2026-08-05,Shayhontohur,2,60000,https://hata.uz/en/listings/object/shayhantahurskiy-rayon-samarkand-darvaza-rovd-101304,34.0,9,12,1,2026-08-21T23:55:40+00:00
101309,2026-08-05,Shayhontohur,1,65000,https://hata.uz/en/listings/object/kamolon-novostroyka-metro-milliy-bog-31m2-studiya-idealno-pod-sdachu-101309,31.0,12,12,1,2026-08-21T23:55:40+00:00
101314,2026-08-05,Shayhontohur,1,60000,https://hata.uz/en/listings/object/srochno-prodaetsya-1-kom-novostroyka-shayhonthur-ruvd-101314,34.0,9,12,1,2026-08-21T23:55:40+00:00
101331,2026-08-05,Shayhontohur,2,61000,https://hata.uz/en/listings/object/shayhontohir-samarkand-darvozada-2-7-12-kvartira-sotiladinarhi-61000-101331,46.0,7,12,1,2026-08-21T23:55:40+00:00
101332,2026-08-05,Shayhontohur,2,65000,https://hata.uz/en/listings/object/prodaetsya-kvartira-s-remontom-beltepa-101332,52.0,6,9,1,2026-08-21T23:55:40+00:00
101333,2026-08-05,Shayhontohur,1,65000,https://hata.uz/en/listings/object/1-komnatnaya-idealno-pod-sdachu-31m2-evro-remont-panorama-vid-101333,31.0,12,12,1,2026-08-21T23:55:40+00:00
101340,2026-08-05,Shayhontohur,2,60000,https://hata.uz/en/listings/object/kukcha-tarafda-arzon-narhga-novostroykada-uy-sotiladi-gulzor-p-101340,50.0,3,5,1,2026-08-21T23:55:40+00:00
101342,2026-08-05,Shayhontohur,1,60000,https://hata.uz/en/listings/object/prodaetsya-1v2-kom-kvartira-v-novostroyke-or-rsamarkand-darvoza-32m2-101342,32.0,9,12,1,2026-08-21T23:55:40+00:00
101346,2026-08-05,Shayhontohur,1,59999,https://hata.uz/en/listings/object/uspey-pervym-zhk-charx-novza-1v2-9-12-34m2-evro-or-oktepa-metro-novza-101346,34.0,9,12,1,2026-08-21T23:55:40+00:00
101351,2026-08-05,Shayhontohur,1,68000,https://hata.uz/en/listings/object/prodaetsya-1-7-12-shayhantahur-101351,29.0,7,12,1,2026-08-21T23:55:40+00:00
101353,2026-08-05,Shayhontohur,1,65000,https://hata.uz/en/listings/object/zhk-kamolon-1-12-12-prodazha-evro-kvartiry-metro-milliy-bog-101353,31.0,12,12,1,2026-08-21T23:55:40+00:00
101362,2026-08-05,Shayhontohur,1,68000,https://hata.uz/en/listings/object/na-druzhba-narodov-orr-kamolon-milliy-bog-prodaetsya-1-7-12-29m2-101362,29.0,7,12,1,2026-08-21T23:55:40+00:00
101368,2026-08-05,Shayhontohur,1,65000,https://hata.uz/en/listings/object/srochno-zhk-kamolon-1-12-12-evro-rem-31m2-or-druzhba-metro-milliy-bog-101368,31.0,12,12,1,2026-08-21T23:55:40+00:00
101381,2026-08-05,Shayhontohur,1,55000,https://hata.uz/en/listings/object/prodaetsya-s-mebelyu-v-foto-net-novostroyka-v-aktepa-kukcha-uy-bozor-101381,47.0,4,7,1,2026-08-21T23:55:40+00:00
101383,2026-08-05,Shayhontohur,2,57000,https://hata.uz/en/listings/object/prodaetsya-kvartira-101383,56.8,9,12,1,2026-08-21T23:55:40+00:00
101384,2026-08-05,Shayhontohur,4,65000,https://hata.uz/en/listings/object/ulitsa-shafoiz-4-6-6-korobka-122-m2-lift-est-65-000-ue-101384,122.0,6,6,1,2026-08-21T23:55:40+00:00
101392,2026-08-05,Shayhontohur,1,65000,https://hata.uz/en/listings/object/idealno-pod-sdachu-1-komnatnaya-studiya-31m-evro-remont-or-r-druzhba-101392,31.0,12,12,1,2026-08-21T23:55:40+00:00
101393,2026-08-05,Shayhontohur,1,68000,https://hata.uz/en/listings/object/druzhba-narodov-milliy-bog-novostroyka-sotiladi-1-7-12-vid-shahar-markaz-101393,29.0,7,12,1,2026-08-21T23:55:40+00:00
101399,2026-08-05,Shayhontohur,1,65000,https://hata.uz/en/listings/object/1-komn-kvartira-kamolon-studiya-31-m2-evro-remont-druzhba-narodov-101399,31.0,12,12,1,2026-08-21T23:55:40+00:00
101409,2026-08-05,Shayhontohur,1,55500,https://hata.uz/en/listings/object/shayhontohir-tumani-litraturny-zhk-art-house-novostroyka-litiraturniy-101409,41.0,4,10,1,2026-08-21T23:55:40+00:00
101416,2026-08-05,Shayhontohur,2,64000,https://hata.uz/en/listings/object/beltepada-novastroyka-kvartira-sotiladi-101416,75.0,2,8,1,2026-08-21T23:55:40+00:00
101437,2026-08-05,Uchtepa,2,46000,https://hata.uz/en/listings/object/yangi-qurilgan-uy-101437,70.0,9,11,1,2026-08-21T23:55:40+00:00
101455,2026-08-05,Uchtepa,2,58000,https://hata.uz/en/listings/object/uzimni-uyimni-sotaman-101455,42.0,3,7,1,2026-08-21T23:55:40+00:00
101506,2026-08-05,Shayhontohur,1,72000,https://hata.uz/en/listings/object/srochno-kvartira-sotiladi-uzbegim-chakar-kvartira-sotiladi-101506,42.0,2,16,1,2026-08-21T23:55:40+00:00
101571,2026-08-05,Shayhontohur,3,78250,https://hata.uz/en/listings/object/3-honalik-uy-yunsobod-zenit-101571,74.86,6,6,1,2026-08-21T23:55:40+00:00
101584,2026-08-05,Shayhontohur,3,70000,https://hata.uz/en/listings/object/ganga-zhangoh-3h-komnatnaya-101584,88.0,9,9,1,2026-08-21T23:55:40+00:00
101594,2026-08-05,Shayhontohur,2,87000,https://hata.uz/en/listings/object/srochno-prodaetsya-2-kom-ul-nurafshan-101594,44.0,5,11,1,2026-08-21T23:55:40+00:00
101601,2026-08-05,Shayhontohur,3,89999,https://hata.uz/en/listings/object/uspey-zhk-charx-novza-3-8-12-60m2-evro-or-oktepa-metro-novza-chilanzar-101601,60.0,8,12,1,2026-08-21T23:55:40+00:00
101616,2026-08-05,Shayhontohur,2,87000,https://hata.uz/en/listings/object/koh-ota-2-6-12-s-remontom-50m2-kadastr-est-101616,50.0,6,12,1,2026-08-21T23:55:40+00:00
101623,2026-08-05,Shayhontohur,3,89500,https://hata.uz/en/listings/object/charx-novza-3-komnatnaya-evro-remont-kadastr-est-60m2-orientir-rovd-101623,60.0,8,12,1,2026-08-21T23:55:40+00:00
101627,2026-08-05,Shayhontohur,2,87000,https://hata.uz/en/listings/object/novostroyka-sotiladi-zhk-kohota-2-6-12-s-mebelyu-i-tehnikasi-bn-101627,51.0,6,12,1,2026-08-21T23:55:40+00:00
101645,2026-08-05,Shayhontohur,3,80000,https://hata.uz/en/listings/object/navastroyka-sotiladi-srochna-101645,67.0,4,12,1,2026-08-21T23:55:40+00:00
101658,2026-08-05,Shayhontohur,1,89900,https://hata.uz/en/listings/object/u-tower-38m2-white-box-20-etazh-vid-na-oliy-mazhlis-101658,38.0,20,26,1,2026-08-21T23:55:40+00:00
101659,2026-08-05,Shayhontohur,1,89900,https://hata.uz/en/listings/object/super-tsena-zhk-nrg-u-tower-1-21-27-korobka-38m2-or-druzhba-tashkent-siti-101659,38.0,21,27,1,2026-08-21T23:55:40+00:00
101661,2026-08-05,Shayhontohur,1,89900,https://hata.uz/en/listings/object/super-start-nrg-u-tower-1-20-27-korobka-38m2-or-druzhba-tashkent-siti-101661,38.0,20,27,1,2026-08-21T23:55:40+00:00
101663,2026-08-05,Shayhontohur,4,89000,https://hata.uz/en/listings/object/srochnaya-prodazha-4-k-kvartiry-v-tsentre-shayhantahur-r-n-o-r-sebzar-101663,90.0,7,9,1,2026-08-21T23:55:40+00:00
101666,2026-08-05,Shayhontohur,3,90500,https://hata.uz/en/listings/object/srochno-3-komnatnaya-kvartira-novyy-evro-remont-shayhantahur-rovd-101666,60.0,8,12,1,2026-08-21T23:55:40+00:00
101672,2026-08-05,Shayhontohur,2,87000,https://hata.uz/en/listings/object/novostroyka-koh-ota-2-6-12-evro-remont-51m2-101672,51.0,6,12,1,2026-08-21T23:55:40+00:00
101674,2026-08-05,Shayhontohur,3,90500,https://hata.uz/en/listings/object/evro-kvartira-zhk-charx-novza-3-8-12-60m2-or-r-rovd-samarkand-darvoza-101674,60.0,8,12,1,2026-08-21T23:55:40+00:00
101679,2026-08-05,Shayhontohur,2,87000,https://hata.uz/en/listings/object/nrg-u-tower-40kvm-2-6-27-srochno-101679,40.0,6,27,1,2026-08-21T23:55:40+00:00
101690,2026-08-05,Shayhontohur,1,90000,https://hata.uz/en/listings/object/nrg-u-tower-prodaetsya-1-komnatnaya-korobka-druzhba-narodov-101690,37.0,20,26,1,2026-08-21T23:55:40+00:00
101695,2026-08-05,Shayhontohur,3,90500,https://hata.uz/en/listings/object/srochno-zhk-charx-novza-3-8-12-evro-60m2-or-r-rovd-samarkand-darvoza-101695,60.0,8,12,1,2026-08-21T23:55:40+00:00
101801,2026-08-05,Shayhontohur,3,92000,https://hata.uz/en/listings/object/sergeli-2-metro-bekatda-4-etaj-3-xona-93-kv-uy-sotiladi-101801,93.0,4,5,1,2026-08-21T23:55:40+00:00
101803,2026-08-05,Shayhontohur,2,97000,https://hata.uz/en/listings/object/big-garden-prodazha-evro-kvartiry-2-8-10-63m2-samarkand-darvoza-101803,63.0,8,10,1,2026-08-21T23:55:40+00:00
101805,2026-08-05,Shayhontohur,1,110000,https://hata.uz/en/listings/object/srochnaya-prodazha-zhk-nest-one-tashkent-city-1-8-51-33m2-korobka-101805,33.0,8,51,1,2026-08-21T23:55:40+00:00
101818,2026-08-05,Shayhontohur,1,112000,https://hata.uz/en/listings/object/u-tower-1-komnatnaya-38m2-evro-remont-pod-klyuch-orientir-druzhba-101818,38.0,15,27,1,2026-08-21T23:55:40+00:00
101819,2026-08-05,Shayhontohur,1,112000,https://hata.uz/en/listings/object/premium-zhk-u-tower-1-15-27-evro-38m2-orientir-druzhba-tashkent-siti-101819,38.0,15,27,1,2026-08-21T23:55:40+00:00
101820,2026-08-05,Shayhontohur,1,98000,https://hata.uz/en/listings/object/ochen-srochno-realnyy-obekt-v-nrg-u-tower-1-14-27-id07-101820,39.0,14,27,1,2026-08-21T23:55:40+00:00
101821,2026-08-05,Shayhontohur,3,105000,https://hata.uz/en/listings/object/korobka-prodayu-svoyu-kvartiru-v-nrg-u-tower-s-vidom-na-siti-id03-101821,92.0,17,17,1,2026-08-21T23:55:40+00:00
101822,2026-08-05,Shayhontohur,3,114000,https://hata.uz/en/listings/object/koh-ota-3-komn-korobka-87-m2-12-etazh-riviera-minor-101822,87.0,12,12,1,2026-08-21T23:55:40+00:00
101823,2026-08-05,Shayhontohur,1,103999,https://hata.uz/en/listings/object/srochno-nest-one-1kom-33m2-druzhba-tashkent-siti-korobka-tsentr-101823,33.0,8,51,1,2026-08-21T23:55:40+00:00
101824,2026-08-05,Shayhontohur,1,103999,https://hata.uz/en/listings/object/srochno-nest-one-korobka-33m2-druzhba-tashkent-siti-premium-101824,33.0,8,51,1,2026-08-21T23:55:40+00:00
101825,2026-08-05,Shayhontohur,1,108999,https://hata.uz/en/listings/object/super-tsena-nest-one-kommercheskoe-21m2-tashkent-sity-arzon-101825,21.0,1,51,1,2026-08-21T23:55:40+00:00
101829,2026-08-05,Shayhontohur,1,103999,https://hata.uz/en/listings/object/srochnaya-prodazha-premium-nest-one-33m2-druzhba-tashkent-siti-101829,33.0,8,51,1,2026-08-21T23:55:40+00:00
101834,2026-08-05,Shayhontohur,4,99000,https://hata.uz/en/listings/object/ibn-sino-3-hona-2-holl-120-kv-dubleks-1-etaj-tayyor-remont-101834,120.0,1,3,1,2026-08-21T23:55:40+00:00
101836,2026-08-05,Shayhontohur,2,95000,https://hata.uz/en/listings/object/srochno-prodazha-2h-kom-kvartira-v-elitnom-rayone-nrg-u-tower-id07-101836,52.0,20,27,1,2026-08-21T23:55:40+00:00
101839,2026-08-05,Shayhontohur,3,113999,https://hata.uz/en/listings/object/srochnaya-prodazha-korobka-koh-ota-87m2-sebzar-koh-ota-maszhiti-101839,87.0,12,12,1,2026-08-21T23:55:40+00:00
101867,2026-08-05,Shayhontohur,1,113000,https://hata.uz/en/listings/object/zhk-u-tower-1-komnatnaya-studiya-evroremont-pod-klyuch-druzhba-narodov-101867,38.0,15,27,1,2026-08-21T23:55:40+00:00
101872,2026-08-05,Shayhontohur,1,103999,https://hata.uz/en/listings/object/srochno-nest-one-nrg-premium-1kom-korobka-33m2-druzhba-tashkent-sity-101872,33.0,8,51,1,2026-08-21T23:55:40+00:00
101890,2026-08-05,Shayhontohur,2,120000,https://hata.uz/en/listings/object/prodaetsya-2h-kom-kvartira-v-zhk-nest-one-101890,40.0,17,23,1,2026-08-21T23:55:40+00:00
101894,2026-08-05,Shayhontohur,4,124999,https://hata.uz/en/listings/object/srochno-vtorichka-4kom-91m2-metro-gafura-gulyama-ganga-podklyuch-101894,91.0,5,9,1,2026-08-21T23:55:40+00:00
101895,2026-08-05,Shayhontohur,4,125000,https://hata.uz/en/listings/object/novostroyka-4-11-12-94m2-orientir-samarkand-darvaza-pod-klyuch-101895,94.0,11,12,1,2026-08-21T23:55:40+00:00
101897,2026-08-05,Shayhontohur,3,125500,https://hata.uz/en/listings/object/biznes-klass-nrg-jomiy-kadastorli-tayor-dom-101897,107.0,8,12,1,2026-08-21T23:55:40+00:00
101899,2026-08-05,Shayhontohur,3,120000,https://hata.uz/en/listings/object/3-komn-kvartira-98-m2-evro-3-etazh-chorsu-gulzor-101899,98.0,3,3,1,2026-08-21T23:55:40+00:00
101901,2026-08-05,Shayhontohur,2,120000,https://hata.uz/en/listings/object/uyutnaya-kvartira-s-remontom-po-otlichnoy-tsene-zhk-nrg-u-tower-id008-101901,75.0,5,27,1,2026-08-21T23:55:40+00:00
101902,2026-08-05,Shayhontohur,3,120000,https://hata.uz/en/listings/object/v-tsentre-goroda-idealnaya-kvartira-2-komn-kv-chaqar-id008-101902,88.0,6,7,1,2026-08-21T23:55:40+00:00
101903,2026-08-05,Shayhontohur,1,125000,https://hata.uz/en/listings/object/novostroyka-1-komnatnaya-v-zhk-nest-one-blok-v-id-3785-101903,40.0,18,23,1,2026-08-21T23:55:40+00:00
101904,2026-08-05,Shayhontohur,1,118000,https://hata.uz/en/listings/object/prodaetsya-kvartira-1-4-26-zhk-nrg-u-tower-k-101904,42.0,4,26,1,2026-08-21T23:55:40+00:00
101905,2026-08-05,Shayhontohur,4,129999,https://hata.uz/en/listings/object/novostroyka-4kom-korobka-13140m2-ryadom-s-trts-riviera-sebzar-arzon-101905,131.4,5,11,1,2026-08-21T23:55:40+00:00
101906,2026-08-05,Shayhontohur,1,125000,https://hata.uz/en/listings/object/1-komnatnaya-v-zhk-nest-one-svobodnaya-planirovka-id-3785-101906,40.0,18,23,1,2026-08-21T23:55:40+00:00
101909,2026-08-05,Shayhontohur,2,130000,https://hata.uz/en/listings/object/bomba-tsena-shayhantahurskiy-2h-kom-nrg-u-tower-vid-na-tashkent-siti-id06-101909,60.0,18,27,1,2026-08-21T23:55:40+00:00
101913,2026-08-05,Shayhontohur,2,115000,https://hata.uz/en/listings/object/nedorogo-kvartira-v-tsentre-goroda-luchshee-predlozhenie-nedeli-id008-101913,55.0,4,9,1,2026-08-21T23:55:40+00:00
101914,2026-08-05,Shayhontohur,3,125000,https://hata.uz/en/listings/object/evroremont-zahodi-i-zhivi-zhk-minor-residence-shayhantahurskiy-r-n-id008-101914,70.0,7,8,1,2026-08-21T23:55:40+00:00
101916,2026-08-05,Shayhontohur,1,120000,https://hata.uz/en/listings/object/u-tower-1v2-komnatnaya-evro-lyuks-pod-klyuch-35m2-druzhba-narodov-vid-city-101916,35.0,9,27,1,2026-08-21T23:55:40+00:00
101917,2026-08-05,Shayhontohur,2,120000,https://hata.uz/en/listings/object/srochno-prodaetsya-2kom-kvartira-na-zhk-nest-one-vid-na-hilton-13-etazh-101917,40.04,15,23,1,2026-08-21T23:55:40+00:00
101921,2026-08-05,Shayhontohur,3,134900,https://hata.uz/en/listings/object/kvartira-prodaetsya-3-3-9-na-zhk-safiya-101921,90.0,3,9,1,2026-08-21T23:55:40+00:00
101923,2026-08-05,Shayhontohur,2,130000,https://hata.uz/en/listings/object/prodaetsya-2h-kom-evro-73kv-tashkent-siti-druzhba-101923,73.0,6,9,1,2026-08-21T23:55:40+00:00
101927,2026-08-05,Shayhontohur,2,132000,https://hata.uz/en/listings/object/2-h-komnatnaya-v-zhk-nrg-u-tower-remonta-net-sovsem-id-3535-101927,54.0,21,26,1,2026-08-21T23:55:40+00:00
101937,2026-08-05,Shayhontohur,2,120000,https://hata.uz/en/listings/object/prldaetsya-2-kom-40kv2m-nest-one-shayhantaurskiy-r-on-2-kom-101937,40.0,17,23,1,2026-08-21T23:55:40+00:00
101939,2026-08-05,Shayhontohur,2,120000,https://hata.uz/en/listings/object/zhk-nrg-u-tower-1v2-komnatnaya-shayhantahur-rayon-vid-na-tashkent-city-101939,35.0,9,27,1,2026-08-21T23:55:40+00:00
101941,2026-08-05,Shayhontohur,1,119999,https://hata.uz/en/listings/object/srochnaya-prodazha-nest-one-korobka-38m2-vid-hilton-tashkent-city-101941,38.0,21,51,1,2026-08-21T23:55:40+00:00
101942,2026-08-05,Shayhontohur,3,128999,https://hata.uz/en/listings/object/srochno-gorit-labzak-korobka-130m2-sebzar-rivera-makro-arzon-101942,130.0,3,9,1,2026-08-21T23:55:40+00:00
101944,2026-08-05,Shayhontohur,3,114900,https://hata.uz/en/listings/object/sebzor-supper-lyuks-3-xona-srochnoo-101944,78.0,10,12,1,2026-08-21T23:55:40+00:00
101945,2026-08-05,Shayhontohur,3,114900,https://hata.uz/en/listings/object/sebzor-premium-kvartira-novostroyka-lyuks-101945,78.0,10,11,1,2026-08-21T23:55:40+00:00
101946,2026-08-05,Shayhontohur,1,125000,https://hata.uz/en/listings/object/zhk-nest-one-1-6-21-40m2-korobka-101946,40.0,6,21,1,2026-08-21T23:55:40+00:00
101949,2026-08-05,Shayhontohur,2,130000,https://hata.uz/en/listings/object/prodam-2h-komnatnuyu-novostroyka-zhk-gulobod-ot-dream-house-101949,76.0,3,9,1,2026-08-21T23:55:40+00:00
101953,2026-08-05,Shayhontohur,1,120000,https://hata.uz/en/listings/object/nrg-u-tower-kvartira-podklyuch-prodazha-1-4-27-47m2-101953,27.0,4,27,1,2026-08-21T23:55:40+00:00
101954,2026-08-05,Shayhontohur,3,125000,https://hata.uz/en/listings/object/srochno-prodaetsya-novostroyka-3kom-101954,86.0,8,9,1,2026-08-21T23:55:40+00:00
101956,2026-08-05,Shayhontohur,1,120000,https://hata.uz/en/listings/object/srochno-zhk-nrg-u-tower-1-9-27-evro-lyuks-35m2-or-r-druzhba-tashkent-siti-101956,35.0,9,27,1,2026-08-21T23:55:40+00:00
101958,2026-08-05,Shayhontohur,2,120000,https://hata.uz/en/listings/object/zhk-nest-one-tashkent-city-prodaetsya-kvartira-2h-kom-40m2-101958,40.0,17,23,1,2026-08-21T23:55:40+00:00
101960,2026-08-05,Shayhontohur,3,114800,https://hata.uz/en/listings/object/sebzor-lyuks-remont-supper-kvartira-101960,78.0,10,11,1,2026-08-21T23:55:40+00:00
101961,2026-08-05,Shayhontohur,1,120000,https://hata.uz/en/listings/object/idealno-pod-arendu-nrg-u-tower-1-9-27-evro-or-druzhba-tashkent-siti-101961,27.0,9,27,1,2026-08-21T23:55:40+00:00
101964,2026-08-05,Shayhontohur,1,120000,https://hata.uz/en/listings/object/nrg-u-tower-na-metro-druzhba-narodov-or-tashkent-sitii-101964,38.0,9,27,1,2026-08-21T23:55:40+00:00
101965,2026-08-05,Shayhontohur,1,119900,https://hata.uz/en/listings/object/nrg-u-tower-1v2-komnatnaya-evrolyuks-pod-klyuch-vid-na-tashkent-city-101965,43.0,2,16,1,2026-08-21T23:55:40+00:00
101966,2026-08-05,Shayhontohur,3,134900,https://hata.uz/en/listings/object/v3-prodaetsya-3-3-9-novostroyka-zhk-safiya-90m2-101966,90.0,3,9,1,2026-08-21T23:55:40+00:00
101967,2026-08-05,Shayhontohur,3,120000,https://hata.uz/en/listings/object/3-xonali-3-3-yevro-tamirlangan-gulzor-kia-avtosalon-101967,98.0,3,3,1,2026-08-21T23:55:40+00:00
101968,2026-08-05,Shayhontohur,1,120000,https://hata.uz/en/listings/object/prodaetsya-novostroyka-shayhantahurskaya-rayon-zh-k-nrg-u-tower-1-9-27-101968,35.0,9,27,1,2026-08-21T23:55:40+00:00
101970,2026-08-05,Shayhontohur,3,124999,https://hata.uz/en/listings/object/srochno-zhk-koh-ota-3kom-87m2-kohota-maszhidi-tts-rivera-101970,87.0,4,12,1,2026-08-21T23:55:40+00:00
101971,2026-08-05,Shayhontohur,1,117999,https://hata.uz/en/listings/object/srochno-podklyuch-u-tower-42m2-tashkent-siti-premium-druzhba-101971,42.0,4,27,1,2026-08-21T23:55:40+00:00
101973,2026-08-05,Shayhontohur,1,125000,https://hata.uz/en/listings/object/nest-one-prodazha-kvartir-1-18-23-korobka-40m2-b-blok-vid-na-hilton-101973,40.0,18,23,1,2026-08-21T23:55:40+00:00
101976,2026-08-05,Shayhontohur,1,116000,https://hata.uz/en/listings/object/elitnaya-kvarira-v-zhk-nrg-u-tower-101976,35.0,9,27,1,2026-08-21T23:55:40+00:00
101977,2026-08-05,Shayhontohur,1,115000,https://hata.uz/en/listings/object/1-komnatnaya-kvartira-v-zhk-nrg-u-tower-39m2-evro-remont-101977,33.0,15,27,1,2026-08-21T23:55:40+00:00
101985,2026-08-05,Shayhontohur,2,118000,https://hata.uz/en/listings/object/prodaetsya-2h-kom-kvartira-zhk-nest-one-or-r-tashkent-city-40-m2-101985,40.0,17,23,1,2026-08-21T23:55:40+00:00
101986,2026-08-05,Shayhontohur,1,122000,https://hata.uz/en/listings/object/nest-one-1-18-51-40m2-whitebox-blok-b-vid-na-hilton-srochno-101986,40.0,18,51,1,2026-08-21T23:55:40+00:00
101987,2026-08-05,Shayhontohur,1,120000,https://hata.uz/en/listings/object/zhk-nrg-u-tower-1-komnatnaya-evro-lyuks-pod-klyuch-35m2-tashkent-city-vid-101987,35.0,9,27,1,2026-08-21T23:55:40+00:00
101989,2026-08-05,Shayhontohur,3,116000,https://hata.uz/en/listings/object/novostroyka-prodaetsya-3-komnatnaya-kvartira-remont-samarkand-darvoza-101989,70.0,5,12,1,2026-08-21T23:55:40+00:00
101992,2026-08-05,Shayhontohur,4,124999,https://hata.uz/en/listings/object/sale-novostroyka-evro-lyuks-4-kom-94m2-or-shayhantahur-rovd-druzhba-101992,94.0,11,12,1,2026-08-21T23:55:40+00:00
101996,2026-08-05,Shayhontohur,1,119900,https://hata.uz/en/listings/object/u-tower-1-komnatnaya-38m2-evro-remont-pryamoy-vid-na-tashkent-city-101996,38.0,9,27,1,2026-08-21T23:55:40+00:00
101998,2026-08-05,Shayhontohur,1,125000,https://hata.uz/en/listings/object/prodaetsya-1komnatnaya-kvartira-v-zhk-nest-one-tashkent-city-101998,40.0,18,23,1,2026-08-21T23:55:40+00:00
102005,2026-08-05,Shayhontohur,2,132000,https://hata.uz/en/listings/object/zhk-u-tower-2-kom-102005,55.0,23,27,1,2026-08-21T23:55:40+00:00
102018,2026-08-05,Shayhontohur,1,120000,https://hata.uz/en/listings/object/v1343-prodaetsya-1-9-27-35m2-zhk-nrg-u-tower-na-druzhba-narodov-102018,35.0,9,27,1,2026-08-21T23:55:40+00:00
102019,2026-08-05,Shayhontohur,1,116000,https://hata.uz/en/listings/object/v1342-zhk-nrg-u-tower-na-druzhba-narodov-1-11-27-36m2-102019,36.0,11,27,1,2026-08-21T23:55:40+00:00
102021,2026-08-05,Shayhontohur,3,115000,https://hata.uz/en/listings/object/3-kom-novostroyka-korobka-102021,87.0,12,12,1,2026-08-21T23:55:40+00:00
102022,2026-08-05,Shayhontohur,3,120000,https://hata.uz/en/listings/object/novostroyka-baynalminal-seul-3-h-kom-lyuks-102022,65.0,2,10,1,2026-08-21T23:55:40+00:00
102023,2026-08-05,Shayhontohur,1,115000,https://hata.uz/en/listings/object/nrg-u-tower-s-vidom-na-tashkent-siti-id-3320-102023,36.0,11,27,1,2026-08-21T23:55:40+00:00
102032,2026-08-05,Yakkasaroy,3,115000,https://hata.uz/en/listings/object/yakkasaray-ecohouse-3k-kvartira-65m2-kirpich-mukumi-tekstilnyy-most-102032,65.0,8,10,1,2026-08-21T23:55:40+00:00
102033,2026-08-05,Yakkasaroy,3,135000,https://hata.uz/en/listings/object/dream-house-3-kom-80m2-evroremont-yakkasaray-8-y-roddom-102033,80.0,1,9,1,2026-08-21T23:55:40+00:00
102034,2026-08-05,Yakkasaroy,3,125000,https://hata.uz/en/listings/object/madrid-3-kom-59m2-evrorem-zhk-pirami-yakkasaray-102034,59.0,4,8,1,2026-08-21T23:55:40+00:00
102035,2026-08-05,Yakkasaroy,3,125000,https://hata.uz/en/listings/object/3-komn-kvartira-studiya-evro-pod-klyuch-eco-house-8-10-et-102035,70.0,8,10,1,2026-08-21T23:55:40+00:00
102036,2026-08-05,Yakkasaroy,3,115000,https://hata.uz/en/listings/object/eco-house-70m2-obschaya-ploschad-novyy-evro-remont-vysokie-potolki-102036,70.0,8,10,1,2026-08-21T23:55:40+00:00
102038,2026-08-05,Yakkasaroy,3,128700,https://hata.uz/en/listings/object/premier-house-3-kom-82m2-novza-metro-yakkasaray-102038,82.0,5,8,1,2026-08-21T23:55:40+00:00
102042,2026-08-05,Yakkasaroy,2,125000,https://hata.uz/en/listings/object/zhk-istambul-city-2-2-10-70kvm-evro-remont-s-mebelyu-i-tehnikoy-sroch-102042,70.0,2,10,1,2026-08-21T23:55:40+00:00
102044,2026-08-05,Yakkasaroy,3,120000,https://hata.uz/en/listings/object/srochno-zhk-fartuna-house-3-14-17-yakkasarayskiy-rayon-102044,90.0,14,17,1,2026-08-21T23:55:40+00:00
102045,2026-08-05,Yakkasaroy,2,124000,https://hata.uz/en/listings/object/novostroyka-2-8-10-zhk-dream-house-75-m2-102045,75.0,8,10,1,2026-08-21T23:55:40+00:00
102048,2026-08-05,Yakkasaroy,3,124999,https://hata.uz/en/listings/object/srochnaya-prodazha-arzon-mvd-novostroyka-3kom-76m2-szadi-mvd-102048,76.0,11,16,1,2026-08-21T23:55:40+00:00
102053,2026-08-05,Yakkasaroy,3,136000,https://hata.uz/en/listings/object/3-h-komnatnaya-v-zhk-via-port-ul-mahmuda-id-3468-102053,80.0,7,10,1,2026-08-21T23:55:40+00:00
102055,2026-08-05,Yakkasaroy,1,115000,https://hata.uz/en/listings/object/prodazha-korobka-kvartira-v-zhk-modera-towers-or-ul-shota-rustaveli-102055,46.0,8,24,1,2026-08-21T23:55:40+00:00
102056,2026-08-05,Yakkasaroy,2,132000,https://hata.uz/en/listings/object/prodaetsya-2h-komnatnaya-kvartira-luminar-house-yakkasarayskiy-r-n-102056,60.0,4,8,1,2026-08-21T23:55:40+00:00
102060,2026-08-05,Yakkasaroy,3,135000,https://hata.uz/en/listings/object/prodaetsya-3-h-komnatnaya-kvartira-v-zhk-eco-house-83m2-102060,83.0,9,10,1,2026-08-21T23:55:40+00:00
102063,2026-08-05,Yakkasaroy,3,125000,https://hata.uz/en/listings/object/eco-hausshota-rustavelli-mukimi-most-3-kom-70m2-vid-na-gorod-102063,70.0,8,10,1,2026-08-21T23:55:40+00:00
102066,2026-08-05,Yakkasaroy,2,115000,https://hata.uz/en/listings/object/srochno-prodaetsya-2-kom-zhk-zarafshon-city-102066,51.0,5,14,1,2026-08-21T23:55:40+00:00
102068,2026-08-05,Yakkasaroy,2,125000,https://hata.uz/en/listings/object/novostroyka-2-2-10-zhk-istanbul-city-102068,76.0,2,10,1,2026-08-21T23:55:40+00:00
102074,2026-08-05,Yakkasaroy,3,125000,https://hata.uz/en/listings/object/pod-klyuch-honadon-3-hona-yangi-remont-novostroyka-eko-house-102074,70.0,8,10,1,2026-08-21T23:55:40+00:00
102076,2026-08-05,Yakkasaroy,2,117000,https://hata.uz/en/listings/object/2-9-14-v-zhk-prestige-gardens-id-3629-102076,59.0,9,14,1,2026-08-21T23:55:40+00:00
102077,2026-08-05,Yakkasaroy,2,117000,https://hata.uz/en/listings/object/2-h-komnatnaya-v-zhk-prestige-gardens-na-yuzhnom-id-3629-102077,59.0,9,14,1,2026-08-21T23:55:40+00:00
102079,2026-08-05,Yakkasaroy,4,130000,https://hata.uz/en/listings/object/prodaetsya-4h-kom-kvartira-zhk-moderno-or-r-bratskie-mogily-141m2-102079,141.0,11,12,1,2026-08-21T23:55:40+00:00
102084,2026-08-05,Yakkasaroy,3,120000,https://hata.uz/en/listings/object/srochno-zhk-fartuna-house-3-14-17-or-r-zavodskaya-korzinka-aeroport-102084,90.0,14,17,1,2026-08-21T23:55:40+00:00
102085,2026-08-05,Yakkasaroy,2,115000,https://hata.uz/en/listings/object/novostroyka-zhk-prestige-gardens-shota-rustaveli-ul-yakkasarayskiy-rayon-102085,60.0,9,14,1,2026-08-21T23:55:40+00:00
102087,2026-08-05,Yakkasaroy,3,124999,https://hata.uz/en/listings/object/srochno-mvd-novostroyka-3kom-76m2-szadi-mvd-restoran-mono-arzon-102087,76.0,11,16,1,2026-08-21T23:55:40+00:00
102088,2026-08-05,Yakkasaroy,2,133003,https://hata.uz/en/listings/object/yakkasaray-novostroyka-2kom-kvartira-evro-moscow-pizza-mvd-korzinka-102088,75.0,2,10,1,2026-08-21T23:55:40+00:00
102091,2026-08-05,Yakkasaroy,3,122000,https://hata.uz/en/listings/object/super-tsena-mvd-novostroyka-evro-3-11-16-76m2-or-restoran-mono-102091,76.0,11,16,1,2026-08-21T23:55:40+00:00
102092,2026-08-05,Yakkasaroy,3,120000,https://hata.uz/en/listings/object/fortuna-house-3-14-16-yakkasaray-korzinka-malaya-koltsevaya-90-m2-102092,90.0,3,14,1,2026-08-21T23:55:40+00:00
102093,2026-08-05,Yakkasaroy,3,124999,https://hata.uz/en/listings/object/srochno-madrid-3kom-59m2-most-mukimiy-yalpiz-kafe-zhk-piramid-podklyuch-102093,59.0,4,8,1,2026-08-21T23:55:40+00:00
102095,2026-08-05,Yakkasaroy,3,115000,https://hata.uz/en/listings/object/eco-house-3-8-10-yakkasaray-shota-rustaveli-65-m2-5-balkon-102095,70.0,8,10,1,2026-08-21T23:55:40+00:00
102096,2026-08-05,Yakkasaroy,3,125000,https://hata.uz/en/listings/object/novostroyka-eco-house-3-komnatnaya-evroremont-pod-klyuch-70m2-tekstilnaya-102096,70.0,8,10,1,2026-08-21T23:55:40+00:00
102097,2026-08-05,Yakkasaroy,3,125000,https://hata.uz/en/listings/object/madrid-3-kom-59m2-yakkasaray-most-mukimiy-yalpiz-kafe-zhk-pirami-102097,59.0,4,8,1,2026-08-21T23:55:40+00:00
102098,2026-08-05,Yakkasaroy,3,128700,https://hata.uz/en/listings/object/premier-house-3-kom-82m2-yakkasaray-seul-mun-novza-metro-102098,82.0,5,8,1,2026-08-21T23:55:40+00:00
102099,2026-08-05,Yakkasaroy,4,135000,https://hata.uz/en/listings/object/moderno-yakkasaray-bezrem-shrustavelli-ploschad-141-m2-80-terassa-102099,220.0,11,12,1,2026-08-21T23:55:40+00:00
102100,2026-08-05,Yakkasaroy,2,115000,https://hata.uz/en/listings/object/zhk-prestige-gardens-shota-rustaveli-ulitsa-102100,60.0,9,14,1,2026-08-21T23:55:40+00:00
102102,2026-08-05,Yakkasaroy,3,122000,https://hata.uz/en/listings/object/centr-turar-joy-3-kv-11-16-qavat-markaz-kosmonavtlar-metro-102102,76.0,11,16,1,2026-08-21T23:55:40+00:00
102103,2026-08-05,Yakkasaroy,3,135000,https://hata.uz/en/listings/object/novostroyka-dupleks-zhk-solaris-s-avtorskim-remontom-i-umnym-domom-102103,90.0,9,10,1,2026-08-21T23:55:40+00:00
102104,2026-08-05,Yakkasaroy,3,125000,https://hata.uz/en/listings/object/3-kom-70-m2-v-zhk-eco-house-evro-remont-prestizhnyy-rayon-102104,70.0,8,10,1,2026-08-21T23:55:40+00:00
102106,2026-08-05,Yakkasaroy,3,119000,https://hata.uz/en/listings/object/prodaetsya-3-komnatnaya-kvartira-zhk-siti-moll-102106,80.0,8,10,1,2026-08-21T23:55:40+00:00
102107,2026-08-05,Yakkasaroy,2,123000,https://hata.uz/en/listings/object/srochno-zhk-istanbul-city-2-1-9-65m2-evro-rem-or-r-yakkasaray-glinka-102107,65.0,1,9,1,2026-08-21T23:55:40+00:00
102108,2026-08-05,Yakkasaroy,3,115000,https://hata.uz/en/listings/object/prodaetsya-3-komnatnaya-na-zhk-salamatina-102108,86.0,4,9,1,2026-08-21T23:55:40+00:00
102112,2026-08-05,Shayhontohur,5,140000,https://hata.uz/en/listings/object/katej-qoyliq-masjid-orqasida-102112,140.0,3,3,1,2026-08-21T23:55:40+00:00
102114,2026-08-05,Shayhontohur,2,158000,https://hata.uz/en/listings/object/nrg-u-tower-sotuvda-2-xonalik-uy-remont-xalqlar-dostligi-ikarimov-102114,45.0,16,27,1,2026-08-21T23:55:40+00:00
102116,2026-08-05,Shayhontohur,3,155000,https://hata.uz/en/listings/object/srochno-prodaetsya-novostroyka-3-19-51-zhk-nest-one-shayhantaurskiy-rayo-102116,60.0,19,51,1,2026-08-21T23:55:40+00:00
102117,2026-08-05,Shayhontohur,2,155000,https://hata.uz/en/listings/object/nrg-u-tower-2-23-27-prodazha-evro-kvartiry-51m2-druzhba-metro-102117,51.0,23,27,1,2026-08-21T23:55:40+00:00
102118,2026-08-05,Shayhontohur,3,155000,https://hata.uz/en/listings/object/zhk-labzak-9767-m2-102118,97.67,9,10,1,2026-08-21T23:55:40+00:00
102119,2026-08-05,Shayhontohur,7,159000,https://hata.uz/en/listings/object/kokcha-oktepa-7hona-266m2-sarochnoo-arzonn-102119,260.0,1,9,1,2026-08-21T23:55:40+00:00
102122,2026-08-05,Shayhontohur,2,147000,https://hata.uz/en/listings/object/zhk-nest-one-tashkent-siti-102122,59.0,19,51,1,2026-08-21T23:55:40+00:00
102125,2026-08-05,Shayhontohur,2,149000,https://hata.uz/en/listings/object/prodaetsya-2h-kom-kvartira-zhk-nest-one-or-r-tashkent-city-mall-60m2-102125,60.0,19,51,1,2026-08-21T23:55:40+00:00
102126,2026-08-05,Shayhontohur,2,155500,https://hata.uz/en/listings/object/shikarnya-2h-kom-kvartira-v-tsentre-goroda-tashkent-city-bouleward-id03-102126,60.0,4,8,1,2026-08-21T23:55:40+00:00
102127,2026-08-05,Shayhontohur,2,150000,https://hata.uz/en/listings/object/tolko-seychas-shayhantahurskiy-nrg-u-tower-2-komn-kvartira-id008-102127,75.0,14,27,1,2026-08-21T23:55:40+00:00
102128,2026-08-05,Shayhontohur,2,155000,https://hata.uz/en/listings/object/elitnaya-nedvizhimost-v-serdtse-goroda-zhknrg-u-tower-id008-102128,60.0,12,27,1,2026-08-21T23:55:40+00:00
102129,2026-08-05,Shayhontohur,2,140000,https://hata.uz/en/listings/object/srochnaya-prordazha-tsena-nizhe-rynka-2-komn-kvartira-nrg-u-tower-id008-102129,60.0,22,27,1,2026-08-21T23:55:40+00:00
102130,2026-08-05,Shayhontohur,2,150000,https://hata.uz/en/listings/object/zhit-u-metro-i-parka-luchshaya-ideya-2-komn-kv-zhk-nrg-u-tower-id008-102130,52.0,15,27,1,2026-08-21T23:55:40+00:00
102131,2026-08-05,Shayhontohur,2,154999,https://hata.uz/en/listings/object/srochno-korobka-piramit-tower-6582m2-tekstilnyy-most-bobura-102131,65.82,35,47,1,2026-08-21T23:55:40+00:00
102132,2026-08-05,Shayhontohur,2,140000,https://hata.uz/en/listings/object/bomba-tsena-shayhantahurskiy-2h-kom-nrg-u-tower-vid-na-tashkent-siti-id06-102132,55.0,22,27,1,2026-08-21T23:55:40+00:00
102133,2026-08-05,Shayhontohur,3,145000,https://hata.uz/en/listings/object/nizkaya-tsena-yunusabadskiy-3h-kom-zhk-poytaht-gavhari-or-r-alayskiy-id06-102133,100.0,6,10,1,2026-08-21T23:55:40+00:00
102134,2026-08-05,Shayhontohur,3,140000,https://hata.uz/en/listings/object/tsena-snizhena-samarkand-darvoza-shayhantahur-5komn-kv-id04-102134,100.0,6,9,1,2026-08-21T23:55:40+00:00
102141,2026-08-05,Shayhontohur,2,155000,https://hata.uz/en/listings/object/prodaetsya-2h-kom-kvartira-zhk-nest-one-or-r-tashkent-siti-54-m2-102141,54.0,4,51,1,2026-08-21T23:55:40+00:00
102148,2026-08-05,Shayhontohur,3,152000,https://hata.uz/en/listings/object/srochno-prodazha-zhk-abu-dabi-3-6-7-evro-kvartira-116m2-102148,116.0,6,7,1,2026-08-21T23:55:40+00:00
102149,2026-08-05,Shayhontohur,2,154999,https://hata.uz/en/listings/object/arzon-srochno-zhk-u-tower-2kom-51m2-tashkent-city-tsentr-podklyuch-102149,51.0,23,27,1,2026-08-21T23:55:40+00:00
102152,2026-08-05,Shayhontohur,5,155000,https://hata.uz/en/listings/object/srochno-prodaetsya-kvartira-novostiroyka-5-7-10-zhk-samarkand-darvoza-102152,125.0,7,10,1,2026-08-21T23:55:40+00:00
102155,2026-08-05,Shayhontohur,2,155000,https://hata.uz/en/listings/object/nrg-u-tower-prodazha-evro-kvartiry-2-23-27-51m2-druzhba-metro-102155,51.0,23,27,1,2026-08-21T23:55:40+00:00
102156,2026-08-05,Shayhontohur,3,152000,https://hata.uz/en/listings/object/116-m2-3-6-7-shayhantahur-zhk-abu-dabi-huvoydo-mahallya-102156,116.0,6,7,1,2026-08-21T23:55:40+00:00
102158,2026-08-05,Shayhontohur,3,158000,https://hata.uz/en/listings/object/v1795-prodaetsya-3-5-6-novostroyka-zhk-abu-dabi-115m2-102158,115.0,5,6,1,2026-08-21T23:55:40+00:00
102162,2026-08-05,Shayhontohur,2,150000,https://hata.uz/en/listings/object/prodam-zhk-nest-one-tashkent-siti-102162,40.0,10,23,1,2026-08-21T23:55:40+00:00
102163,2026-08-05,Shayhontohur,2,150000,https://hata.uz/en/listings/object/srochno-prodaetsya-novostroyka-2-4-51-zhk-nest-one-shayhantaurskiy-rayo-102163,69.0,4,51,1,2026-08-21T23:55:40+00:00
102165,2026-08-05,Shayhontohur,3,155000,https://hata.uz/en/listings/object/nest-one-3-8-51-vid-na-park-52m2-korobka-102165,52.0,8,51,1,2026-08-21T23:55:40+00:00
102168,2026-08-05,Shayhontohur,2,145000,https://hata.uz/en/listings/object/tashkent-city-novostroyka-zhk-nest-one-102168,58.0,17,51,1,2026-08-21T23:55:40+00:00
102169,2026-08-05,Shayhontohur,2,147000,https://hata.uz/en/listings/object/prodam-zhk-nest-one-tashkent-siti-102169,60.0,19,51,1,2026-08-21T23:55:40+00:00
102176,2026-08-05,Shayhontohur,2,155000,https://hata.uz/en/listings/object/prodaetsya-2h-kom-evro-v-elitnoy-novostroyke-zhk-nrg-u-tower-102176,45.0,16,26,1,2026-08-21T23:55:40+00:00
102177,2026-08-05,Shayhontohur,3,155000,https://hata.uz/en/listings/object/abu-dabi-novostroyka-prodazha-3-komnatnaya-116m2-evro-remont-102177,116.0,6,7,1,2026-08-21T23:55:40+00:00
102178,2026-08-05,Shayhontohur,3,155000,https://hata.uz/en/listings/object/abu-dabi-shayhan-podklyuch-tinchlik-pl116m2-3-komnatnaya-kvartira-s-evro-102178,116.0,6,7,1,2026-08-21T23:55:40+00:00
102181,2026-08-05,Shayhontohur,2,158000,https://hata.uz/en/listings/object/prodam-2h-komn-16-27-kv-premium-klassa-zhk-nrg-u-tower-druzhba-narodov-102181,56.0,16,27,1,2026-08-21T23:55:40+00:00
102183,2026-08-05,Shayhontohur,2,154999,https://hata.uz/en/listings/object/srochno-arzon-u-tower-nrg-evro-2kom-51m2-tashkent-siti-druzhba-podklyuch-102183,51.0,23,27,1,2026-08-21T23:55:40+00:00
102189,2026-08-05,Shayhontohur,3,158000,https://hata.uz/en/listings/object/v1795-prodaetsya-3-5-6-novostroyka-zhk-abu-dabi-115m2-102189,115.0,5,6,1,2026-08-21T23:55:40+00:00
102200,2026-08-05,Shayhontohur,3,153000,https://hata.uz/en/listings/object/zhk-abu-dabi-3-6-7-podklyuch-evro-kvartira-116m2-shayhantahur-huvaydo-102200,116.0,6,7,1,2026-08-21T23:55:40+00:00
102204,2026-08-05,Shayhontohur,3,155000,https://hata.uz/en/listings/object/zhk-abu-dabi-3-6-7-116m2-prodaetsya-raskoshnaya-kvartira-102204,116.0,6,7,1,2026-08-21T23:55:40+00:00
102206,2026-08-05,Shayhontohur,3,155000,https://hata.uz/en/listings/object/novostroyka-penthaus-korobka-na-labzak-102206,99.0,14,15,1,2026-08-21T23:55:40+00:00
102218,2026-08-05,Shayhontohur,2,155000,https://hata.uz/en/listings/object/prodaetsya-2kom-45m2-zhk-nrg-u-tower-or-druzhba-narodov-102218,45.0,16,27,1,2026-08-21T23:55:40+00:00
102220,2026-08-05,Shayhontohur,2,155000,https://hata.uz/en/listings/object/1v2-8-23-zhk-nest-one-blok-b-premium-klass-102220,45.0,8,23,1,2026-08-21T23:55:40+00:00
102231,2026-08-05,Shayhontohur,3,145000,https://hata.uz/en/listings/object/kvartira-sotilad-3-hona-106-kv-102231,106.0,5,1,1,2026-08-21T23:55:40+00:00
102232,2026-08-05,Shayhontohur,3,140000,https://hata.uz/en/listings/object/prodam-novostroyka-s-remontom-zhk-sebzar-zastroyschik-golden-house-102232,96.6,7,7,1,2026-08-21T23:55:40+00:00
102236,2026-08-05,Shayhontohur,2,145000,https://hata.uz/en/listings/object/prodaetsya-kvartira-neboskreb-nest-one-tashkent-siti-102236,58.0,8,51,1,2026-08-21T23:55:40+00:00
102239,2026-08-05,Shayhontohur,2,145000,https://hata.uz/en/listings/object/zhk-nest-one-2-kom-102239,58.0,8,51,1,2026-08-21T23:55:40+00:00
102243,2026-08-05,Shayhontohur,4,140000,https://hata.uz/en/listings/object/nedvizhimost-kvartira-102243,88.6,4,1,1,2026-08-21T23:55:40+00:00
102244,2026-08-05,Shayhontohur,2,145000,https://hata.uz/en/listings/object/nest-one-2-8-51-korobka-kadastr-est-102244,58.0,8,51,1,2026-08-21T23:55:40+00:00
102247,2026-08-05,Shayhontohur,2,145000,https://hata.uz/en/listings/object/v1356-prodaetsya-2-8-51-58m2-zhk-nest-one-na-tashkent-city-102247,58.0,8,51,1,2026-08-21T23:55:40+00:00
102260,2026-08-05,Shayhontohur,2,145000,https://hata.uz/en/listings/object/prodaetsya-2-8-23-tashkent-siti-102260,45.0,8,23,1,2026-08-21T23:55:40+00:00
102267,2026-08-05,Yakkasaroy,2,149000,https://hata.uz/en/listings/object/2-h-komnatnaya-v-zhk-parisien-sanuzel-sovmeschen-id-3186-102267,57.0,5,8,1,2026-08-21T23:55:40+00:00
102274,2026-08-05,Yakkasaroy,4,159500,https://hata.uz/en/listings/object/prodaetsya-4h-kom-kvartira-90m2-zhk-madrid-yakkasarayskiy-rayon-102274,90.0,4,10,1,2026-08-21T23:55:40+00:00
102275,2026-08-05,Yakkasaroy,2,144999,https://hata.uz/en/listings/object/srochno-gorit-modera-towers-korobka-47m2-shota-rustaveli-okean-102275,47.0,14,24,1,2026-08-21T23:55:40+00:00
102277,2026-08-05,Yakkasaroy,2,147000,https://hata.uz/en/listings/object/kvartira-prodaetsya-2-18-23-na-zhk-modera-towers-102277,56.0,18,23,1,2026-08-21T23:55:40+00:00
102278,2026-08-05,Yakkasaroy,2,144999,https://hata.uz/en/listings/object/srochnaya-prodazha-modera-towers-4640m2-vid-tashkent-siti-i-mahallya-102278,46.4,8,25,1,2026-08-21T23:55:40+00:00
102279,2026-08-05,Yakkasaroy,3,150000,https://hata.uz/en/listings/object/prodaetsya-kvartira-zh-k-bobur-elit-3-3-9-102279,72.0,3,9,1,2026-08-21T23:55:40+00:00
102280,2026-08-05,Yakkasaroy,3,150000,https://hata.uz/en/listings/object/novostroyka-3-3-9-zhk-bobur-elit-evro-remont-s-mebelyu-i-tehnikoy-102280,72.0,3,9,1,2026-08-21T23:55:40+00:00
102281,2026-08-05,Yakkasaroy,3,137000,https://hata.uz/en/listings/object/3-h-komnatnaya-zhk-navruz-102281,75.0,6,9,1,2026-08-21T23:55:40+00:00
102286,2026-08-05,Yakkasaroy,4,153000,https://hata.uz/en/listings/object/milano-8-roddom-134m2-bez-remonta-4-komnaty-est-gotovyy-proekt-102286,134.0,7,10,1,2026-08-21T23:55:40+00:00
102289,2026-08-05,Yakkasaroy,4,158000,https://hata.uz/en/listings/object/prodaetsya-4h-komnatnaya-kvartira-v-zhk-city-life-114m2-102289,114.0,2,11,1,2026-08-21T23:55:40+00:00
102290,2026-08-05,Yakkasaroy,2,155000,https://hata.uz/en/listings/object/piramit-2-35-47-korobka-66m2-yakkasaray-ulitsa-nukuskaya-102290,65.8,35,47,1,2026-08-21T23:55:40+00:00
102292,2026-08-05,Yakkasaroy,3,158000,https://hata.uz/en/listings/object/prodaetsya-3h-kom-kvartira-zhk-dream-house-or-r-rest-yakkasaray-80m2-102292,80.0,3,8,1,2026-08-21T23:55:40+00:00
102294,2026-08-05,Yakkasaroy,3,157000,https://hata.uz/en/listings/object/madrid-3-9-9-podklyuch-evro-kvartira-90m2-yakkasaray-ulitsa-mukumiy-102294,90.0,9,9,1,2026-08-21T23:55:40+00:00
102295,2026-08-05,Yakkasaroy,3,150000,https://hata.uz/en/listings/object/zhk-bobur-elit-3-3-9-72kvm-evro-remont-s-mebelyu-i-tehnikoy-102295,72.0,3,9,1,2026-08-21T23:55:40+00:00
102296,2026-08-05,Yakkasaroy,3,150000,https://hata.uz/en/listings/object/prodaetsya-3h-kom-kvartira-zhk-bobur-elit-or-r-ul-nukus-72-m2-102296,72.0,3,9,1,2026-08-21T23:55:40+00:00
102299,2026-08-05,Yakkasaroy,3,147000,https://hata.uz/en/listings/object/srochno-prodaetsya-yakkasaroy-shota-rustaveli-zhk-solaris-w25-102299,95.0,1,9,1,2026-08-21T23:55:40+00:00
102302,2026-08-05,Yakkasaroy,3,145000,https://hata.uz/en/listings/object/prodaetsya-kvartira-zhk-salaris-3-komnatnaya-102302,120.0,9,10,1,2026-08-21T23:55:40+00:00
102303,2026-08-05,Yakkasaroy,3,145000,https://hata.uz/en/listings/object/shota-rustaveli-3-1-9-mebel-i-tehnika-102303,95.0,1,9,1,2026-08-21T23:55:40+00:00
102307,2026-08-05,Yakkasaroy,3,150000,https://hata.uz/en/listings/object/zhk-hilmar-3-kom-or-r-mechet-bashlik-102307,120.0,9,13,1,2026-08-21T23:55:40+00:00
102310,2026-08-05,Yakkasaroy,3,145000,https://hata.uz/en/listings/object/zhk-solaris-3-kom-102310,95.0,1,9,1,2026-08-21T23:55:40+00:00
102313,2026-08-05,Yakkasaroy,3,147000,https://hata.uz/en/listings/object/v1346-prodaetsya-3-1-9-95m2-zhk-solaris-shotarustaveli-102313,95.0,1,9,1,2026-08-21T23:55:40+00:00
102314,2026-08-05,Yakkasaroy,3,137000,https://hata.uz/en/listings/object/novostroyka-3hona-75m2-zhk-navruz-yakkasaray-novyy-remont-mebel-tehnika-102314,75.0,6,9,1,2026-08-21T23:55:40+00:00
102318,2026-08-05,Yakkasaroy,2,145000,https://hata.uz/en/listings/object/v1337-prodaetsya-2-2-12-60m2-na-ulnukusskaya-zhk-nukus-avenue-102318,60.0,2,12,1,2026-08-21T23:55:40+00:00
102319,2026-08-05,Yakkasaroy,2,148000,https://hata.uz/en/listings/object/v1336-prodaetsya-2-5-8-57m2-zhk-parisien-golden-house-na-ul-mukumiy-102319,57.0,5,8,1,2026-08-21T23:55:40+00:00
102321,2026-08-05,Yakkasaroy,2,138000,https://hata.uz/en/listings/object/zhk-kislorod-2-2-16-49m2-or-r-magic-city-102321,49.0,2,16,1,2026-08-21T23:55:40+00:00
102322,2026-08-05,Yakkasaroy,2,147940,https://hata.uz/en/listings/object/modera-towers-2-21-24-shota-rustavelli-mirabad-avenyu-yakkasaray-102322,56.9,21,24,1,2026-08-21T23:55:40+00:00
102324,2026-08-05,Yakkasaroy,1,140000,https://hata.uz/en/listings/object/kvartira-v-tsentre-darhan-102324,39.0,7,7,1,2026-08-21T23:55:40+00:00
102344,2026-08-05,Shayhontohur,2,167000,https://hata.uz/en/listings/object/prodaetsya-nest-one-po-2850-167000-5871m2-102344,58.71,27,52,1,2026-08-21T23:55:40+00:00
102346,2026-08-05,Shayhontohur,2,180001,https://hata.uz/en/listings/object/lyuksovaya-kvartira-zhk-nest-one-tashkent-siti-2-17-25-40m2-102346,40.0,23,25,1,2026-08-21T23:55:40+00:00
102347,2026-08-05,Shayhontohur,2,170001,https://hata.uz/en/listings/object/prodaetsya-2-h-evro-kvartira-v-zhk-gardens-tashkent-siti-2-8-8-47m2-102347,47.0,8,8,1,2026-08-21T23:55:40+00:00
102350,2026-08-05,Shayhontohur,2,180000,https://hata.uz/en/listings/object/prodaetsya-kvartira-v-neboskrebe-zhk-nest-one-102350,40.0,17,25,1,2026-08-21T23:55:40+00:00
102351,2026-08-05,Shayhontohur,3,175000,https://hata.uz/en/listings/object/zhk-jangoh-prodazha-evro-kvartiry-3-4-8-s-arendatorom-1200ue-sebzar-102351,93.0,4,8,1,2026-08-21T23:55:40+00:00
102352,2026-08-05,Shayhontohur,2,180000,https://hata.uz/en/listings/object/srochno-prodaetsya-novostroyka-2-17-25-zhk-nest-one-shayhantaurskiy-rayon-102352,40.0,17,25,1,2026-08-21T23:55:40+00:00
102353,2026-08-05,Shayhontohur,2,175000,https://hata.uz/en/listings/object/nest-one-prodazha-evro-kvartiry-2-14-23-40m2-8m2-balkon-102353,40.0,14,23,1,2026-08-21T23:55:40+00:00
102355,2026-08-05,Shayhontohur,2,170000,https://hata.uz/en/listings/object/prodaetsya-2-8-8-tashkent-siti-102355,47.0,8,8,1,2026-08-21T23:55:40+00:00
102357,2026-08-05,Shayhontohur,2,180000,https://hata.uz/en/listings/object/prodam-zhk-nest-one-tashkent-siti-102357,40.0,17,25,1,2026-08-21T23:55:40+00:00
102359,2026-08-05,Shayhontohur,2,175000,https://hata.uz/en/listings/object/nest-one-2-komn-studiya-43m2-terrasa-8m2-avtorskiy-remont-102359,51.0,14,23,1,2026-08-21T23:55:40+00:00
102361,2026-08-05,Shayhontohur,3,160000,https://hata.uz/en/listings/object/3-xonali-ayvonli-xonadon-yevro-117-m2-dostlik-samarqand-d-102361,125.0,8,12,1,2026-08-21T23:55:40+00:00
102365,2026-08-05,Shayhontohur,2,175000,https://hata.uz/en/listings/object/nest-one-premium-klassa-kvartira-s-terrasoy-novyy-lyuks-remont-48m2-102365,48.0,14,23,1,2026-08-21T23:55:40+00:00
102366,2026-08-05,Shayhontohur,2,175000,https://hata.uz/en/listings/object/kvartira-nest-one-46m2-novaya-lyuks-remont-shikarnyy-vid-102366,46.0,14,23,1,2026-08-21T23:55:40+00:00
102367,2026-08-05,Shayhontohur,2,174000,https://hata.uz/en/listings/object/srochno-zhiloy-kompleks-v-tashkent-siti-arendator-parkovka-id03-102367,69.0,3,7,1,2026-08-21T23:55:40+00:00
102368,2026-08-05,Shayhontohur,2,180000,https://hata.uz/en/listings/object/kvartira-v-neboskrebe-zhk-nest-one-102368,40.0,17,25,1,2026-08-21T23:55:40+00:00
102369,2026-08-05,Shayhontohur,3,180005,https://hata.uz/en/listings/object/shayhantohur-3kom-kvartira-109m2-kirpich-tsentr-ulnavai-tashkent-city-102369,109.0,6,6,1,2026-08-21T23:55:40+00:00
102370,2026-08-05,Shayhontohur,2,174999,https://hata.uz/en/listings/object/srochno-arzon-nrg-u-tower-57m2-tashkent-sity-druzhba-narodov-podklyuch-102370,57.0,25,27,1,2026-08-21T23:55:40+00:00
102371,2026-08-05,Shayhontohur,2,159999,https://hata.uz/en/listings/object/srochnaya-tsena-tashkent-sity-voulevard-45m2-druzhba-haqiqiy-102371,45.0,5,7,1,2026-08-21T23:55:40+00:00
102372,2026-08-05,Shayhontohur,2,169999,https://hata.uz/en/listings/object/srochno-tashkent-city-gardens-46m2-druzhba-tsentr-tash-siti-arzon-102372,46.0,4,8,1,2026-08-21T23:55:40+00:00
102374,2026-08-05,Shayhontohur,1,175000,https://hata.uz/en/listings/object/premium-nest-one-1v2-14-23-evro-40-8-balkon-or-r-druzhba-tashkent-siti-102374,48.0,14,23,1,2026-08-21T23:55:40+00:00
102378,2026-08-05,Shayhontohur,2,165000,https://hata.uz/en/listings/object/2h-kom-54m2-nrg-u-tower-druzhba-narodov-prodam-kvartiru-102378,54.0,24,27,1,2026-08-21T23:55:40+00:00
102381,2026-08-05,Shayhontohur,5,170000,https://hata.uz/en/listings/object/golden-haus-dom-6hona-200m2-lyuks-hovli-100m2-102381,200.0,1,6,1,2026-08-21T23:55:40+00:00
102383,2026-08-05,Shayhontohur,2,165000,https://hata.uz/en/listings/object/prodaetsya-karobka-zh-k-nrg-u-tower-2-19-27-102383,59.0,19,27,1,2026-08-21T23:55:40+00:00
102384,2026-08-05,Shayhontohur,5,160000,https://hata.uz/en/listings/object/prodaetsya-kvartira-samarkand-darvoza-novostroyka-5-komnatnaya-102384,117.0,8,12,1,2026-08-21T23:55:40+00:00
102387,2026-08-05,Shayhontohur,2,170000,https://hata.uz/en/listings/object/prodaetsya-2h-kom-kvartira-zhk-nest-one-or-r-druzhba-narodov-5871-m2-102387,58.71,27,51,1,2026-08-21T23:55:40+00:00
102388,2026-08-05,Shayhontohur,1,173000,https://hata.uz/en/listings/object/prodaetsya-3h-komnatnaya-kvartira-v-zhk-gardens-or-tashkent-siti-102388,46.0,8,8,1,2026-08-21T23:55:40+00:00
102391,2026-08-05,Shayhontohur,2,165000,https://hata.uz/en/listings/object/tashkent-siti-bulvar-2-komnatnaya-55m2-102391,55.0,5,7,1,2026-08-21T23:55:40+00:00
102395,2026-08-05,Shayhontohur,5,160000,https://hata.uz/en/listings/object/v1774-prodaetsya-5-8-12-novostroyka-na-samarkand-darvoza-117m2-102395,117.0,8,12,1,2026-08-21T23:55:40+00:00
102402,2026-08-05,Shayhontohur,2,170000,https://hata.uz/en/listings/object/prodaetsya-2-17-51-zhk-nest-one-tashkent-siti-biznes-klass-102402,53.0,17,51,1,2026-08-21T23:55:40+00:00
102404,2026-08-05,Shayhontohur,2,174999,https://hata.uz/en/listings/object/srochno-arzon-u-tower-2kom-57m2-tashkent-sity-druzhba-narodov-102404,57.0,25,28,1,2026-08-21T23:55:40+00:00
102405,2026-08-05,Shayhontohur,4,165000,https://hata.uz/en/listings/object/prodaetsya-4-8-10-samarkand-darvoza-novostroyka-102405,117.0,8,10,1,2026-08-21T23:55:40+00:00
102410,2026-08-05,Shayhontohur,1,173000,https://hata.uz/en/listings/object/1h-komnatnaya-avtorskiy-remont-tashkent-city-gardens-46m2-ukomplektovan-102410,46.0,8,8,1,2026-08-21T23:55:40+00:00
102411,2026-08-05,Shayhontohur,2,170000,https://hata.uz/en/listings/object/2-h-komnatnaya-v-zhk-nest-one-27-etazh-id-3597-102411,58.0,27,51,1,2026-08-21T23:55:40+00:00
102412,2026-08-05,Shayhontohur,2,170000,https://hata.uz/en/listings/object/2-h-komnatnaya-v-zhk-nest-one-korobka-po-1700-za-1m2-id-3597-102412,58.0,27,51,1,2026-08-21T23:55:40+00:00
102415,2026-08-05,Shayhontohur,1,170000,https://hata.uz/en/listings/object/kvartira-prodaetsya-1-8-8-na-zhk-gardens-102415,46.0,8,8,1,2026-08-21T23:55:40+00:00
102416,2026-08-05,Shayhontohur,1,173000,https://hata.uz/en/listings/object/prodaetsya-1-8-8-46m2-v-zhk-gardens-tashkent-siti-102416,46.0,8,8,1,2026-08-21T23:55:40+00:00
102419,2026-08-05,Shayhontohur,1,170000,https://hata.uz/en/listings/object/prodaetsya-1-komnatnaya-kvartira-zhk-gardens-residencetashkent-cityssha-102419,46.0,8,8,1,2026-08-21T23:55:40+00:00
102423,2026-08-05,Shayhontohur,2,175000,https://hata.uz/en/listings/object/2-komn-studiya-43m2-terrasa-8m2-nest-one-avtorskiy-remont-102423,51.0,14,23,1,2026-08-21T23:55:40+00:00
102430,2026-08-05,Shayhontohur,2,172000,https://hata.uz/en/listings/object/prodartsya-novostroyka-2-24-27-zhk-u-tower-korobkashayhantahurskiy-102430,64.0,24,27,1,2026-08-21T23:55:40+00:00
102436,2026-08-05,Shayhontohur,5,165000,https://hata.uz/en/listings/object/5-komnatnaya-novostroyka-shayhantahur-102436,118.0,8,12,1,2026-08-21T23:55:40+00:00
102437,2026-08-05,Shayhontohur,2,175000,https://hata.uz/en/listings/object/nest-one-2-14-23-pod-klyuch-v-tsentre-goroda-100-investitsiya-102437,48.0,14,23,1,2026-08-21T23:55:40+00:00
102440,2026-08-05,Shayhontohur,1,170000,https://hata.uz/en/listings/object/v1800-prodaetsya-1-8-8-novostroyka-zhk-gardens-46m2-102440,46.0,8,8,1,2026-08-21T23:55:40+00:00
102441,2026-08-05,Shayhontohur,2,167000,https://hata.uz/en/listings/object/srochno-prodaetsya-2-4-51-83-m2-kvartira-s-terrassoy-v-nest-one-102441,83.0,4,51,1,2026-08-21T23:55:40+00:00
102442,2026-08-05,Shayhontohur,3,168000,https://hata.uz/en/listings/object/srochno-prodaetsya-3-5-51-65-m2-kvartira-zhk-nest-one-102442,65.12,5,51,1,2026-08-21T23:55:40+00:00
102443,2026-08-05,Shayhontohur,1,175000,https://hata.uz/en/listings/object/tashkent-city-gardens-1-8-9-prodazha-evro-kvartiry-47m2-srochno-102443,47.0,8,9,1,2026-08-21T23:55:40+00:00
102444,2026-08-05,Shayhontohur,3,173000,https://hata.uz/en/listings/object/jangoh-residence-shayhantahur-tsentr-zhangoh-premium-ploschad-93-m2-102444,93.0,4,8,1,2026-08-21T23:55:40+00:00
102448,2026-08-05,Shayhontohur,2,167999,https://hata.uz/en/listings/object/srochnaya-tsena-gardens-2kom-46m2-druzhba-podklyuch-arzon-102448,46.0,4,8,1,2026-08-21T23:55:40+00:00
102452,2026-08-05,Shayhontohur,5,160000,https://hata.uz/en/listings/object/novostroyka-prodaetsya-5-komnatnaya-kvartira-remont-samarkand-darvoza-102452,117.0,8,12,1,2026-08-21T23:55:40+00:00
102453,2026-08-05,Shayhontohur,5,160000,https://hata.uz/en/listings/object/srochno-prodaetsya-5-kom-novostroyka-samarkand-darvaza-102453,117.0,8,12,1,2026-08-21T23:55:40+00:00
102454,2026-08-05,Shayhontohur,5,160000,https://hata.uz/en/listings/object/samarkand-darvoza-novostroyka-5-8-12-117-8kvm-evro-s-mebelyu-i-tehnik-102454,125.0,8,12,1,2026-08-21T23:55:40+00:00
102455,2026-08-05,Shayhontohur,5,160001,https://hata.uz/en/listings/object/shayhantohur-5kom-kvartira-117m2-samarkand-darvaza-rynok-chorsu-metro-102455,117.0,8,12,1,2026-08-21T23:55:40+00:00
102456,2026-08-05,Shayhontohur,1,173000,https://hata.uz/en/listings/object/prodaetsya-1-kom-kvartira-zhk-gardens-or-r-tashkent-city-46-m2-102456,46.0,8,8,1,2026-08-21T23:55:40+00:00
102460,2026-08-05,Shayhontohur,2,175000,https://hata.uz/en/listings/object/tashkent-siti-zhk-bulvar-2-5-7-50kvm-evro-remont-s-mebelyu-i-tehniko-102460,50.0,5,7,1,2026-08-21T23:55:40+00:00
102461,2026-08-05,Shayhontohur,2,167999,https://hata.uz/en/listings/object/srochno-arzon-tashkent-city-gardens-2kom-46m2-tashkent-siti-druzhba-102461,46.0,4,8,1,2026-08-21T23:55:40+00:00
102462,2026-08-05,Shayhontohur,2,174999,https://hata.uz/en/listings/object/haqiqiy-tsetr-uspey-zhk-nest-one-upakovana-lyuks-1v2-14-23-40-8m2-102462,48.0,14,23,1,2026-08-21T23:55:40+00:00
102465,2026-08-05,Shayhontohur,2,175000,https://hata.uz/en/listings/object/prodazha-kvartiry-novostroyke-nest-one-vysotka-2-11-51-102465,60.0,11,51,1,2026-08-21T23:55:40+00:00
102466,2026-08-05,Shayhontohur,2,175000,https://hata.uz/en/listings/object/prodaetsya-kvartira-na-tashkent-siti-zhk-boulvard-2-5-7-102466,50.0,5,7,1,2026-08-21T23:55:40+00:00
102472,2026-08-05,Shayhontohur,4,182000,https://hata.uz/en/listings/object/novostroyka-zhk-modern-stroy-orientir-usta-shirin-102472,140.0,5,12,1,2026-08-21T23:55:40+00:00
102479,2026-08-05,Shayhontohur,2,175000,https://hata.uz/en/listings/object/prodaetsya-2-5-7-tashkent-siti-102479,50.0,5,7,1,2026-08-21T23:55:40+00:00
102480,2026-08-05,Shayhontohur,2,175000,https://hata.uz/en/listings/object/zhk-tashkent-siti-bulvar-2-kom-102480,50.0,5,7,1,2026-08-21T23:55:40+00:00
102484,2026-08-05,Shayhontohur,5,182000,https://hata.uz/en/listings/object/ul-nuravshan-5-kom-102484,135.0,8,11,1,2026-08-21T23:55:40+00:00
102492,2026-08-05,Shayhontohur,2,182000,https://hata.uz/en/listings/object/prodaetsya-2-5-7-tashkent-siti-102492,50.0,5,7,1,2026-08-21T23:55:40+00:00
102493,2026-08-05,Shayhontohur,3,182000,https://hata.uz/en/listings/object/kvartira-v-ochen-elitnom-dome-hilmar-102493,106.0,8,12,1,2026-08-21T23:55:40+00:00
102495,2026-08-05,Yakkasaroy,4,163000,https://hata.uz/en/listings/object/4-komnatnaya-163-m2-v-zhk-milano-yakkasaray-glinka-8-roddom-102495,163.0,10,14,1,2026-08-21T23:55:40+00:00
102496,2026-08-05,Yakkasaroy,4,163000,https://hata.uz/en/listings/object/milano-4-10-10-kvartira-korobka-163m2-yakkasaray-glinka-8-roddom-102496,163.0,10,10,1,2026-08-21T23:55:40+00:00
102498,2026-08-05,Yakkasaroy,4,163000,https://hata.uz/en/listings/object/milano-4-10-10-korobka-kvartira-163m2-yakkasaray-abdulla-kahhara-102498,163.0,10,10,1,2026-08-21T23:55:40+00:00
102500,2026-08-05,Yakkasaroy,4,172000,https://hata.uz/en/listings/object/4-komnatnaya-kvartira-120-m2-s-evro-remontom-zhk-city-mall-yakkasaray-102500,120.0,4,10,1,2026-08-21T23:55:40+00:00
102503,2026-08-05,Yakkasaroy,3,165000,https://hata.uz/en/listings/object/3-komnatnaya-kvartira-s-remontom-family-house-yakkasaray-102503,80.0,8,10,1,2026-08-21T23:55:40+00:00
102504,2026-08-05,Yakkasaroy,3,178500,https://hata.uz/en/listings/object/nizhe-chem-u-zastroyschika-glinka-premium-4h-1275m2-kom-kv-za-178500-102504,127.5,10,12,1,2026-08-21T23:55:40+00:00
102506,2026-08-05,Yakkasaroy,4,167000,https://hata.uz/en/listings/object/parisien-ot-golden-house-105m2-s-remontom-4-8-8-dupleks-102506,105.0,8,8,1,2026-08-21T23:55:40+00:00
102507,2026-08-05,Yakkasaroy,2,180000,https://hata.uz/en/listings/object/zhk-piramit-tower-novostroyka-korobka-69kvm-102507,69.08,31,48,1,2026-08-21T23:55:40+00:00
102509,2026-08-05,Yakkasaroy,3,160000,https://hata.uz/en/listings/object/prodaetsya-novostroyka-zhk-nest-one-ul-nukkusskaya-3-5-12-102509,100.0,5,12,1,2026-08-21T23:55:40+00:00
102510,2026-08-05,Yakkasaroy,3,180000,https://hata.uz/en/listings/object/prodaetsya-kvartira-yakkasarayskaya-rayon-ul-babura-3-10-14-102510,120.0,10,14,1,2026-08-21T23:55:40+00:00
102515,2026-08-05,Yakkasaroy,3,168000,https://hata.uz/en/listings/object/zhk-city-lyfe-garden-korobka-s-shikarnym-vidom-na-piramit-tower-id12-102515,120.0,5,10,1,2026-08-21T23:55:40+00:00
102517,2026-08-05,Yakkasaroy,4,166000,https://hata.uz/en/listings/object/yakkasaroy-rayon-zhk-city-moll-4-hona-102517,115.0,4,10,1,2026-08-21T23:55:40+00:00
102518,2026-08-05,Yakkasaroy,3,165000,https://hata.uz/en/listings/object/zhk-xon-saroy-na-glinka-8-roddom-yakkasarayskiy-rayon-102518,82.0,3,10,1,2026-08-21T23:55:40+00:00
102519,2026-08-05,Yakkasaroy,3,163600,https://hata.uz/en/listings/object/srochno-yakkasaray-zarafshon-city-3kom-83m2-bobura-piramid-arzon-102519,83.0,11,11,1,2026-08-21T23:55:40+00:00
102520,2026-08-05,Yakkasaroy,4,160000,https://hata.uz/en/listings/object/novostroyka-yakkasaray-or-piramit-4-honali-90m2-102520,90.0,4,10,1,2026-08-21T23:55:40+00:00
102521,2026-08-05,Yakkasaroy,3,165000,https://hata.uz/en/listings/object/zhk-istanbul-siti-3-komnaty-95m2-evroremont-102521,95.0,8,9,1,2026-08-21T23:55:40+00:00
102525,2026-08-05,Yakkasaroy,3,165000,https://hata.uz/en/listings/object/novostroyka-3-8-9-zhk-istanbul-city-orientir-yakkasaroy-tuyhona-akahh-102525,95.0,8,9,1,2026-08-21T23:55:40+00:00
102526,2026-08-05,Yakkasaroy,3,180000,https://hata.uz/en/listings/object/prodaetsya-3h-kom-kvartira-zhk-uzbegim-or-r-aeroport-120-m2-102526,120.0,10,14,1,2026-08-21T23:55:40+00:00
102527,2026-08-05,Yakkasaroy,3,175000,https://hata.uz/en/listings/object/srochno-novostroyka-3-10-24-zhk-modera-towers-ul-shota-rustaveli-102527,74.0,10,24,1,2026-08-21T23:55:40+00:00
102529,2026-08-05,Yakkasaroy,4,160000,https://hata.uz/en/listings/object/kvartira-yakkasaray-4-4-10-130m2-zhk-solaris-or-r-rechka-solar-102529,130.0,4,10,1,2026-08-21T23:55:40+00:00
102530,2026-08-05,Yakkasaroy,4,166999,https://hata.uz/en/listings/object/srochno-arzon-zarafshan-sity-4kom-87m2-trts-pyramit-kafe-bon-podklyuch-102530,87.0,2,14,1,2026-08-21T23:55:40+00:00
102531,2026-08-05,Yakkasaroy,2,174999,https://hata.uz/en/listings/object/srochno-zhk-piramit-tower-2kom-70m2-1-notarialnaya-tekstilnyy-most-102531,70.0,40,48,1,2026-08-21T23:55:40+00:00
102532,2026-08-05,Yakkasaroy,4,163000,https://hata.uz/en/listings/object/tsentr-shota-rustaveli-4-4-10-zh-k-city-mall-srochno-w7-102532,115.0,4,10,1,2026-08-21T23:55:40+00:00
102533,2026-08-05,Yakkasaroy,3,160000,https://hata.uz/en/listings/object/kvartira-tsentr-novostroyka-3-9-9-90m2-zhk-madrid-102533,90.0,9,9,1,2026-08-21T23:55:40+00:00
102534,2026-08-05,Yakkasaroy,3,160000,https://hata.uz/en/listings/object/kvartira-novostroyka-ul-babura-3-5-9-105m2-or-aeroport-102534,105.0,5,9,1,2026-08-21T23:55:40+00:00
102550,2026-08-05,Chilonzor,6,175000,https://hata.uz/en/listings/object/chilonzor-jk-uchtepa-garden-7-hona-1-7-182-kv-dubleks-102550,182.0,1,7,1,2026-08-21T23:55:40+00:00
102557,2026-08-05,Chilonzor,4,180000,https://hata.uz/en/listings/object/novostroyka-115m2razdelkachilanzar-9-kvartal4-3-7-prodaetsya-kvart-102557,115.0,3,7,1,2026-08-21T23:55:40+00:00
102564,2026-08-05,Chilonzor,5,179000,https://hata.uz/en/listings/object/srochno-prodaetsya-chilanzar-14-kv-5-1-9-102564,218.0,1,9,1,2026-08-21T23:55:40+00:00
102577,2026-08-05,Shayhontohur,2,215000,https://hata.uz/en/listings/object/tashkent-city-gardens-2-komnatnaya-evro-remont-pod-klyuch-vid-vo-dvor-102577,45.0,7,8,1,2026-08-21T23:55:40+00:00
102578,2026-08-05,Shayhontohur,3,215000,https://hata.uz/en/listings/object/3-komnatnaya-zhk-nest-one-tashkent-city-102578,74.0,27,51,1,2026-08-21T23:55:40+00:00
102579,2026-08-05,Shayhontohur,2,208000,https://hata.uz/en/listings/object/u-tower-prodazha-evro-kvartiry-2-19-27-srochno-metro-druzhba-102579,57.0,19,27,1,2026-08-21T23:55:40+00:00
102581,2026-08-05,Shayhontohur,2,185000,https://hata.uz/en/listings/object/prodaetsya-kvartira-2-5-7-v-tashkent-siti-boulevard-residence-shayhant-102581,50.0,5,7,1,2026-08-21T23:55:40+00:00
102585,2026-08-05,Shayhontohur,3,190000,https://hata.uz/en/listings/object/kvartira-3-kom-v-novostroyke-109m2-shayhantahurskiy-r-n-tashkent-siti-102585,109.0,7,7,1,2026-08-21T23:55:40+00:00
102586,2026-08-05,Shayhontohur,3,205000,https://hata.uz/en/listings/object/tashkent-city-boulevard-102586,68.0,3,7,1,2026-08-21T23:55:40+00:00
102587,2026-08-05,Shayhontohur,2,215000,https://hata.uz/en/listings/object/gardens-sotuvda-2-xonalik-uy-remont-tashkent-city-shayxontohur-102587,45.0,7,9,1,2026-08-21T23:55:40+00:00
102591,2026-08-05,Shayhontohur,3,209000,https://hata.uz/en/listings/object/prodazha-na-tashkent-siti-zhk-boulevard-s-vidom-na-central-park-id03-102591,77.0,4,7,1,2026-08-21T23:55:40+00:00
102592,2026-08-05,Shayhontohur,2,187000,https://hata.uz/en/listings/object/luchshiy-variant-dlya-investitsii-tashkent-siti-zhk-boulevard-id03-102592,69.0,4,7,1,2026-08-21T23:55:40+00:00
102593,2026-08-05,Shayhontohur,4,228000,https://hata.uz/en/listings/object/new-jangoh-evro-dupleks-4-kom-205m2-or-ganga-metro-gafura-gulyama-102593,205.31,7,8,1,2026-08-21T23:55:40+00:00
102594,2026-08-05,Shayhontohur,2,215000,https://hata.uz/en/listings/object/tashkent-city-gardens-2-komn-studiya-evro-7-etazh-vid-na-park-102594,45.0,7,8,1,2026-08-21T23:55:40+00:00
102595,2026-08-05,Shayhontohur,2,205000,https://hata.uz/en/listings/object/tashkent-siti-bulyuvard-2-4-7-58m2-bulyuvard-vid-fontan-102595,58.0,4,7,1,2026-08-21T23:55:40+00:00
102596,2026-08-05,Shayhontohur,3,225000,https://hata.uz/en/listings/object/premium-zhk-nest-one-a-blok-3-19-51-korobka-74m2-or-r-tashkent-siti-102596,74.0,19,51,1,2026-08-21T23:55:40+00:00
102598,2026-08-05,Shayhontohur,2,227999,https://hata.uz/en/listings/object/srochno-arzon-zhk-boulevard-55m2-druzhba-tashkent-siti-vid-na-fontan-102598,55.0,5,7,1,2026-08-21T23:55:40+00:00
102599,2026-08-05,Shayhontohur,2,204999,https://hata.uz/en/listings/object/srochno-tsentr-u-tower-nrg-korobka-6626m2-1612m2-druzhba-arzon-102599,82.0,23,27,1,2026-08-21T23:55:40+00:00
102600,2026-08-05,Shayhontohur,3,195000,https://hata.uz/en/listings/object/2-h-komnatnaya-v-zhk-gardens-eto-novostroyka-id-3528-102600,45.0,7,9,1,2026-08-21T23:55:40+00:00
102601,2026-08-05,Shayhontohur,2,215000,https://hata.uz/en/listings/object/evro-lyuks-srochno-tashkent-city-gardens-2-7-8-45m2-or-druzhba-narodov-102601,45.0,7,8,1,2026-08-21T23:55:40+00:00
102604,2026-08-05,Shayhontohur,2,195000,https://hata.uz/en/listings/object/zhk-gardens-residence-stil-zhizni-v-tsentre-tashkenta-id008-102604,80.0,9,9,1,2026-08-21T23:55:40+00:00
102605,2026-08-05,Shayhontohur,2,183200,https://hata.uz/en/listings/object/prodaetsya-2h-kvartira-zhk-nrg-u-tower-57m2-shayhantahurskiy-rayon-102605,57.0,25,28,1,2026-08-21T23:55:40+00:00
102609,2026-08-05,Shayhontohur,3,225000,https://hata.uz/en/listings/object/korobka-94-125-kvm-tashkent-city-gardens-102609,215.0,2,7,1,2026-08-21T23:55:40+00:00
102610,2026-08-05,Shayhontohur,2,214999,https://hata.uz/en/listings/object/srochnaya-prodazha-gardens-residence-45m2-druzhba-tashkent-siti-102610,45.0,7,9,1,2026-08-21T23:55:40+00:00
102614,2026-08-05,Shayhontohur,2,199999,https://hata.uz/en/listings/object/srochno-u-tower-2kom-6755m2-1044m2-vid-na-tashkent-siti-korobka-102614,78.0,19,27,1,2026-08-21T23:55:40+00:00
102617,2026-08-05,Shayhontohur,3,219950,https://hata.uz/en/listings/object/srochno-srochno-prodaetsya-3-h-kom-kv-v-zhk-nest-one-102617,72.0,17,51,1,2026-08-21T23:55:40+00:00
102619,2026-08-05,Shayhontohur,3,206000,https://hata.uz/en/listings/object/prodaetsya-zhk-nest-one-tashkent-city-102619,74.0,27,51,1,2026-08-21T23:55:40+00:00
102621,2026-08-05,Shayhontohur,2,205000,https://hata.uz/en/listings/object/prodazha-nest-van-27-etazh-a-blok-102621,74.21,27,51,1,2026-08-21T23:55:40+00:00
102623,2026-08-05,Shayhontohur,3,215000,https://hata.uz/en/listings/object/srochno-tashkent-city-nest-one-3-27-51-74m2-chastichno-vid-na-park-102623,74.0,27,51,1,2026-08-21T23:55:40+00:00
102628,2026-08-05,Shayhontohur,3,220000,https://hata.uz/en/listings/object/nest-one-prodaetsya-3h-komnatnaya-kvartira-s-vidom-na-park-102628,72.0,17,51,1,2026-08-21T23:55:40+00:00
102633,2026-08-05,Shayhontohur,2,215000,https://hata.uz/en/listings/object/gardens-tashkent-city-2-komnatnaya-evro-remont-vid-na-park-102633,45.0,7,8,1,2026-08-21T23:55:40+00:00
102635,2026-08-05,Shayhontohur,2,214900,https://hata.uz/en/listings/object/gardens-residence-tashkent-city-2-7-8-podklyuch-evro-kvartira-45m2-102635,45.0,7,8,1,2026-08-21T23:55:40+00:00
102636,2026-08-05,Shayhontohur,2,210000,https://hata.uz/en/listings/object/prodaetsya-kvartira-2-19-51-na-tashkent-city-novostroyka-zhk-nest-on-102636,58.0,19,51,1,2026-08-21T23:55:40+00:00
102638,2026-08-05,Shayhontohur,2,227999,https://hata.uz/en/listings/object/srochno-boulevard-2kom-55m2-druzhba-ryadom-s-tashkent-city-podklyuch-102638,55.0,5,7,1,2026-08-21T23:55:40+00:00
102639,2026-08-05,Shayhontohur,4,227999,https://hata.uz/en/listings/object/srochno-jangoh-4kom-20531m2-ts-15-abay-magazin-korzinka-arzon-102639,205.31,7,8,1,2026-08-21T23:55:40+00:00
102644,2026-08-05,Shayhontohur,2,206000,https://hata.uz/en/listings/object/srochno-prodaetsya-kvartira-45-m2-v-nest-one-2-22-23-102644,45.44,22,23,1,2026-08-21T23:55:40+00:00
102645,2026-08-05,Shayhontohur,2,210000,https://hata.uz/en/listings/object/prodaetsya-kvartira-2-6-7-tashkent-siti-boulevard-residence-102645,68.0,6,7,1,2026-08-21T23:55:40+00:00
102646,2026-08-05,Shayhontohur,2,204999,https://hata.uz/en/listings/object/srochna-tsena-u-tower-6626m2-1612m2-druzhba-tashkent-sity-arzon-102646,82.0,23,27,1,2026-08-21T23:55:40+00:00
102648,2026-08-05,Shayhontohur,3,209999,https://hata.uz/en/listings/object/srochnaya-prodazha-nest-one-korobka-3kom-74m2-vid-na-tashkent-siti-102648,74.0,27,51,1,2026-08-21T23:55:40+00:00
102650,2026-08-05,Shayhontohur,2,214999,https://hata.uz/en/listings/object/nrg-u-tower-whitebox-2-23-27-67m2-16m2-terasa-druzhba-tashkent-citi-102650,82.0,23,27,1,2026-08-21T23:55:40+00:00
102651,2026-08-05,Shayhontohur,2,205000,https://hata.uz/en/listings/object/srochno-prodaetsya-kvartira-58-m2-v-nest-one-2-24-51-102651,58.0,24,51,1,2026-08-21T23:55:40+00:00
102660,2026-08-05,Shayhontohur,2,225000,https://hata.uz/en/listings/object/prodaetsya-kvartira-2-5-26-druzhba-nrg-u-tower-102660,70.0,5,26,1,2026-08-21T23:55:40+00:00
102661,2026-08-05,Shayhontohur,2,215000,https://hata.uz/en/listings/object/gardens-tashkent-city-prodazha-2-komnaty-evro-remont-vid-na-park-102661,45.0,7,9,1,2026-08-21T23:55:40+00:00
102662,2026-08-05,Shayhontohur,3,215000,https://hata.uz/en/listings/object/3h-komnatnaya-elitnyy-zhk-nest-one-tashkent-city-68m2-vid-na-hilton-102662,68.0,31,51,1,2026-08-21T23:55:40+00:00
102665,2026-08-05,Shayhontohur,2,205000,https://hata.uz/en/listings/object/prodaetsya-2-23-27-kvartira-v-zhk-u-tower-by-nrg-korobka-82m2-102665,82.0,23,27,1,2026-08-21T23:55:40+00:00
102668,2026-08-05,Shayhontohur,3,222524,https://hata.uz/en/listings/object/3-4-51-kvartiry-v-nestone-tashkent-siti-park-tashkent-city-mall-102668,86.0,4,51,1,2026-08-21T23:55:40+00:00
102669,2026-08-05,Shayhontohur,3,200663,https://hata.uz/en/listings/object/3-3-51-zhk-nest-one-tashkent-siti-park-tashkent-city-mall-102669,78.0,3,51,1,2026-08-21T23:55:40+00:00
102672,2026-08-05,Shayhontohur,3,215000,https://hata.uz/en/listings/object/nest-one-prodaetsya-3-komnatnaya-korobka-tashkent-city-shayhantahur-102672,74.0,27,51,1,2026-08-21T23:55:40+00:00
102673,2026-08-05,Shayhontohur,3,220000,https://hata.uz/en/listings/object/nest-one-prodaetsya-3-komnatnaya-korobka-tashkent-city-102673,72.0,17,51,1,2026-08-21T23:55:40+00:00
102677,2026-08-05,Shayhontohur,3,225000,https://hata.uz/en/listings/object/nest-one-a-block-razreshenie-na-remont-est-74m2-vid-na-park-102677,74.0,19,51,1,2026-08-21T23:55:40+00:00
102681,2026-08-05,Shayhontohur,2,215000,https://hata.uz/en/listings/object/1v2-7-9-zhk-gardens-residence-tashkent-city-vid-na-park-45-m2-102681,45.0,7,9,1,2026-08-21T23:55:40+00:00
102685,2026-08-05,Shayhontohur,2,220000,https://hata.uz/en/listings/object/prodazha-kvartira-2h-komnat-zhk-nest-one-or-tashkent-siti-torg-est-102685,58.0,9,51,1,2026-08-21T23:55:40+00:00
102687,2026-08-05,Shayhontohur,2,204000,https://hata.uz/en/listings/object/tashkent-city-boulevard-102687,53.0,4,7,1,2026-08-21T23:55:40+00:00
102694,2026-08-05,Shayhontohur,2,227999,https://hata.uz/en/listings/object/srochno-zhk-boulevard-2kom-55m2-druzhba-tashkent-siti-arzon-102694,55.0,5,7,1,2026-08-21T23:55:40+00:00
102698,2026-08-05,Shayhontohur,3,210000,https://hata.uz/en/listings/object/3-27-51-tashkent-city-nest-one-102698,74.0,27,55,1,2026-08-21T23:55:40+00:00
102701,2026-08-05,Shayhontohur,2,195000,https://hata.uz/en/listings/object/2-7-8-zhk-gardens-residence-102701,45.0,7,9,1,2026-08-21T23:55:40+00:00
102710,2026-08-05,Shayhontohur,3,225000,https://hata.uz/en/listings/object/ko-kcha-murad-building-3-2-srochna-dom-sotiladi-102710,107.0,2,9,1,2026-08-21T23:55:40+00:00
102711,2026-08-05,Shayhontohur,2,190000,https://hata.uz/en/listings/object/v1334-prodaetsya-2-5-7-50m2-zhk-boulevard-tashkent-city-102711,50.0,5,7,1,2026-08-21T23:55:40+00:00
102716,2026-08-05,Yakkasaroy,4,200000,https://hata.uz/en/listings/object/svaya-srochno-prodaetsya-kvartira-yakkasaroyskiy-rayon-novostroyka-4-komna-102716,120.0,7,10,1,2026-08-21T23:55:40+00:00
102720,2026-08-05,Yakkasaroy,4,220000,https://hata.uz/en/listings/object/parisien-golden-house-muqimiy-4-xonali-dupleks-102720,140.0,8,9,1,2026-08-21T23:55:40+00:00
102721,2026-08-05,Yakkasaroy,4,195000,https://hata.uz/en/listings/object/prodaetsya-4h-kom-kvartira-zhk-hausmeister-or-rul-shrustaveli-122m2-102721,122.0,7,9,1,2026-08-21T23:55:40+00:00
102723,2026-08-05,Yakkasaroy,6,190000,https://hata.uz/en/listings/object/6-komnatnaya-v-zhk-solaris-id-3724-102723,153.0,9,10,1,2026-08-21T23:55:40+00:00
102724,2026-08-05,Yakkasaroy,6,190000,https://hata.uz/en/listings/object/prodaetsya-bolshaya-6-komnatnaya-v-zhk-solaris-id-3724-102724,153.0,9,10,1,2026-08-21T23:55:40+00:00
102727,2026-08-05,Yakkasaroy,4,205000,https://hata.uz/en/listings/object/dream-house-yakkasaray-8-roddom-4-komnatnaya-evro-remont-pod-klyuch-102727,110.0,6,10,1,2026-08-21T23:55:40+00:00
102728,2026-08-05,Yakkasaroy,3,228000,https://hata.uz/en/listings/object/prodazha-3-6-15-kvartira-v-zhk-uzbegim-ozbegim-102728,102.0,6,15,1,2026-08-21T23:55:40+00:00
102729,2026-08-05,Yakkasaroy,4,205000,https://hata.uz/en/listings/object/4-kom-120-m2-v-zhk-yakkasaroy-city-mall-yakkasarayskiy-rayon-102729,120.0,7,10,1,2026-08-21T23:55:40+00:00
102730,2026-08-05,Yakkasaroy,3,190000,https://hata.uz/en/listings/object/prodaetsya-novostroyka-kvartira-3h-komnatnaya-orientir-zhk-via-port-102730,100.0,5,10,1,2026-08-21T23:55:40+00:00
102731,2026-08-05,Yakkasaroy,3,200000,https://hata.uz/en/listings/object/srochno-prodayu-novostroyka-3-4-10-zhk-city-life-yakkasaray-piramit-84m2-102731,84.0,4,10,1,2026-08-21T23:55:40+00:00
102732,2026-08-05,Yakkasaroy,4,205000,https://hata.uz/en/listings/object/premium-zhk-dream-house-dream-house-4-6-10-evro-110m2-or-glinka-8rodom-102732,110.0,6,10,1,2026-08-21T23:55:40+00:00
102733,2026-08-05,Yakkasaroy,5,189000,https://hata.uz/en/listings/object/5-komnatnyy-dupleks-s-mebelyu-i-tehnikoy-solaris-yakkasaray-102733,152.0,9,10,1,2026-08-21T23:55:40+00:00
102734,2026-08-05,Yakkasaroy,3,202000,https://hata.uz/en/listings/object/piramit-tower-vykupnaya-tsena-srochnaya-prodazha-kvartiry-3h-kom-100m2-102734,100.0,39,49,1,2026-08-21T23:55:40+00:00
102736,2026-08-05,Yakkasaroy,2,218000,https://hata.uz/en/listings/object/prodaetsya-kvartira-2-10-23-v-zhk-modera-towers-102736,58.0,10,23,1,2026-08-21T23:55:40+00:00
102737,2026-08-05,Yakkasaroy,4,200000,https://hata.uz/en/listings/object/4-h-komnatnaya-zal-yakkasaroy-dve-parkovki-v-podarok-id-3716-102737,149.0,3,5,1,2026-08-21T23:55:40+00:00
102739,2026-08-05,Yakkasaroy,4,200000,https://hata.uz/en/listings/object/4-h-komnatnaya-v-novostroyke-zal-yakkasaroy-s-liftom-id-3716-102739,149.0,3,5,1,2026-08-21T23:55:40+00:00
102740,2026-08-05,Yakkasaroy,4,200000,https://hata.uz/en/listings/object/zhk-yakkasaray-city-mall-4-7-10-120kvm-evro-lyuks-s-mebelyu-i-teh-102740,120.0,7,10,1,2026-08-21T23:55:40+00:00
102744,2026-08-05,Yakkasaroy,3,189999,https://hata.uz/en/listings/object/ul-nukuskaya-zhk-milano-3-3-10-evrolyuks-101m2-or-r-glinka-8-roddom-102744,101.0,3,10,1,2026-08-21T23:55:40+00:00
102753,2026-08-05,Yakkasaroy,4,220000,https://hata.uz/en/listings/object/novostroyka-zhk-parisien-4h-komn-obschaya-ploschad-140kvm-102753,143.0,8,9,1,2026-08-21T23:55:40+00:00
102754,2026-08-05,Yakkasaroy,3,225002,https://hata.uz/en/listings/object/kvartira-prodaetsya-3-9-12-na-zhk-uzbegim-102754,95.0,9,12,1,2026-08-21T23:55:40+00:00
102755,2026-08-05,Yakkasaroy,3,210000,https://hata.uz/en/listings/object/3h-kom-kvartira-s-dizaynerskom-remontom-ukomplektovano-zhk-parisien-102755,96.0,5,8,1,2026-08-21T23:55:40+00:00
102756,2026-08-05,Yakkasaroy,3,225000,https://hata.uz/en/listings/object/lyuks-kvartira-ozbegim-3-komnatnaya-102m2-polnostyu-pod-klyuch-yakkasaray-102756,102.0,11,14,1,2026-08-21T23:55:40+00:00
102759,2026-08-05,Yakkasaroy,4,220000,https://hata.uz/en/listings/object/prodaetsya-4-8-9-9-dupleks-zhk-parisien-140m2-or-r-most-mukimi-102759,140.0,8,9,1,2026-08-21T23:55:40+00:00
102760,2026-08-05,Yakkasaroy,4,220000,https://hata.uz/en/listings/object/kvartira-prodaetsya-4-8-9-na-zhk-parisien-102760,140.0,8,9,1,2026-08-21T23:55:40+00:00
102761,2026-08-05,Yakkasaroy,3,190000,https://hata.uz/en/listings/object/seoul-mun-3h-komnatnaya-evro-kvartira-78m2-yakkasaray-tts-nekst-102761,78.0,2,10,1,2026-08-21T23:55:40+00:00
102762,2026-08-05,Yakkasaroy,2,200000,https://hata.uz/en/listings/object/2-4-8-nrg-oybek-evroremont-nukuskaya-107m2-3846-m1-200000-102762,107.0,4,8,1,2026-08-21T23:55:40+00:00
102765,2026-08-05,Yakkasaroy,6,190000,https://hata.uz/en/listings/object/v1651-prodaetsya-6-9-10-novostroyka-zhk-solaris-153m2-102765,153.0,9,10,1,2026-08-21T23:55:40+00:00
102771,2026-08-05,Yakkasaroy,4,220000,https://hata.uz/en/listings/object/prodam-kvartira-mukimiy-most-4h-komnatnaya-novostroyka-zhk-parisien-102771,140.0,8,9,1,2026-08-21T23:55:40+00:00
102772,2026-08-05,Yakkasaroy,4,220000,https://hata.uz/en/listings/object/prodaetsya-4-komnatnaya-v-zhk-parisien-novostroyka-dupleks-102772,140.0,8,9,1,2026-08-21T23:55:40+00:00
102774,2026-08-05,Yakkasaroy,4,220000,https://hata.uz/en/listings/object/4-h-komnatnaya-dvuhurovnevaya-v-zhk-parisien-id-3500-102774,140.0,8,9,1,2026-08-21T23:55:40+00:00
102775,2026-08-05,Yakkasaroy,2,185000,https://hata.uz/en/listings/object/2-h-komnatnaya-v-zhk-piramit-tower-korobka-potolok-3m-id-3499-102775,69.0,30,48,1,2026-08-21T23:55:40+00:00
102776,2026-08-05,Yakkasaroy,2,185000,https://hata.uz/en/listings/object/2-h-komnatnaya-v-zhk-piramit-tower-potolki-4-metra-id-3498-102776,66.0,19,48,1,2026-08-21T23:55:40+00:00
102778,2026-08-05,Yakkasaroy,3,210000,https://hata.uz/en/listings/object/zhk-istanbul-siti-102778,96.0,5,9,1,2026-08-21T23:55:40+00:00
102779,2026-08-05,Yakkasaroy,3,210000,https://hata.uz/en/listings/object/zhk-parisen-golden-house-ul-mukumiy-102779,96.0,5,8,1,2026-08-21T23:55:40+00:00
102788,2026-08-05,Yakkasaroy,3,220000,https://hata.uz/en/listings/object/nest-one-xonadon-102788,74.0,27,30,1,2026-08-21T23:55:40+00:00
102796,2026-08-05,Shayhontohur,4,230000,https://hata.uz/en/listings/object/novostroyka-dzhangoh-4-komnatnaya-kvartira-svoya-102796,145.0,4,8,1,2026-08-21T23:55:40+00:00
102797,2026-08-05,Shayhontohur,2,270000,https://hata.uz/en/listings/object/novostroyka-2-20-51-zhk-nest-one-vid-na-tashkent-city-102797,59.0,20,51,1,2026-08-21T23:55:40+00:00
102798,2026-08-05,Shayhontohur,2,229900,https://hata.uz/en/listings/object/gardens-residence-tashkent-city-2-komnatnaya-70m2-korobka-vid-na-park-102798,70.0,5,9,1,2026-08-21T23:55:40+00:00
102800,2026-08-05,Shayhontohur,2,270000,https://hata.uz/en/listings/object/zhk-nest-one-2-20-51-novyy-remont-59m2-vid-na-park-tashkent-siti-102800,59.0,20,51,1,2026-08-21T23:55:40+00:00
102801,2026-08-05,Shayhontohur,3,255000,https://hata.uz/en/listings/object/prodaetsya-2v3h-kom-s-remontom-tashkent-siti-zhk-bulvar-102801,68.0,7,7,1,2026-08-21T23:55:40+00:00
102802,2026-08-05,Shayhontohur,4,230000,https://hata.uz/en/listings/object/4-h-komnatnaya-v-zhk-nest-one-est-mini-terrasa-id-3859-102802,93.0,34,51,1,2026-08-21T23:55:40+00:00
102803,2026-08-05,Shayhontohur,2,270000,https://hata.uz/en/listings/object/nest-one-prodaetsya-2-komnatnaya-kvartira-remont-tashkent-city-102803,59.0,20,51,1,2026-08-21T23:55:40+00:00
102804,2026-08-05,Shayhontohur,3,265000,https://hata.uz/en/listings/object/prodaetsya-3-23-26-novostroyka-zhk-u-tower-nrg-102804,84.0,23,26,1,2026-08-21T23:55:40+00:00
102805,2026-08-05,Shayhontohur,3,235000,https://hata.uz/en/listings/object/prodaetsya-3-h-komnatnaya-kvartira-v-zhk-minora-ts6-pozharka-102805,133.0,7,10,1,2026-08-21T23:55:40+00:00
102806,2026-08-05,Shayhontohur,3,250000,https://hata.uz/en/listings/object/novostroyka-3-4-7-zhk-tashkent-siti-102806,72.0,4,7,1,2026-08-21T23:55:40+00:00
102808,2026-08-05,Shayhontohur,3,265000,https://hata.uz/en/listings/object/prodaetsya-3h-kom-kvartiru-zhk-nrg-u-tower-or-r-druzhba-narodov-84-m2-102808,84.0,23,26,1,2026-08-21T23:55:40+00:00
102809,2026-08-05,Shayhontohur,3,237000,https://hata.uz/en/listings/object/tashkent-siti-zhk-bulvar-s-vidom-parkovka-samaya-nizkaya-tsena-id03-102809,86.0,5,7,1,2026-08-21T23:55:40+00:00
102810,2026-08-05,Shayhontohur,3,265000,https://hata.uz/en/listings/object/tashkent-city-boulevard-92-m2-evro-3-komn-tsentr-stolitsy-102810,92.0,3,7,1,2026-08-21T23:55:40+00:00
102811,2026-08-05,Shayhontohur,3,269999,https://hata.uz/en/listings/object/srochno-boulevard-tashkent-city-85m2-druzhba-tashkent-siti-podklyuch-102811,85.0,3,7,1,2026-08-21T23:55:40+00:00
102812,2026-08-05,Shayhontohur,3,270000,https://hata.uz/en/listings/object/prostornaya-3-komn-kv-zahodi-i-zhivi-boulevard-residence-id008-102812,110.0,7,7,1,2026-08-21T23:55:40+00:00
102813,2026-08-05,Shayhontohur,2,270000,https://hata.uz/en/listings/object/prostornaya-kv-s-panorannym-vidom-2-komn-gardens-residence-id008-102813,68.0,4,8,1,2026-08-21T23:55:40+00:00
102815,2026-08-05,Shayhontohur,3,265000,https://hata.uz/en/listings/object/bomba-tsena-tashkent-siti-3h-kom-vid-na-fontan-zhk-bulvar-srochno-id06-102815,100.0,4,7,1,2026-08-21T23:55:40+00:00
102816,2026-08-05,Shayhontohur,3,265000,https://hata.uz/en/listings/object/3-h-komnatnaya-v-zhk-nrg-u-tower-23-etazh-id-3606-102816,85.0,23,26,1,2026-08-21T23:55:40+00:00
102817,2026-08-05,Shayhontohur,3,265000,https://hata.uz/en/listings/object/3-h-komnatnaya-v-zhk-nrg-u-tower-parkovka-v-stoimosti-id-3606-102817,85.0,23,26,1,2026-08-21T23:55:40+00:00
102819,2026-08-05,Shayhontohur,2,254999,https://hata.uz/en/listings/object/srochnaya-prodazha-boulevard-2kom-68m2-druzhba-tashkent-siti-arzon-102819,68.0,6,7,1,2026-08-21T23:55:40+00:00
102821,2026-08-05,Shayhontohur,3,260999,https://hata.uz/en/listings/object/srochno-u-tower-korobka-3kom-8553m2-vid-na-tashkent-siti-haqiqiy-102821,85.53,21,27,1,2026-08-21T23:55:40+00:00
102822,2026-08-05,Shayhontohur,3,230000,https://hata.uz/en/listings/object/3-10-10-novostroyka-terrasa-170m2-102822,170.0,10,10,1,2026-08-21T23:55:40+00:00
102823,2026-08-05,Shayhontohur,2,230000,https://hata.uz/en/listings/object/prodam-zhk-gardens-tashkent-siti-102823,68.0,5,9,1,2026-08-21T23:55:40+00:00
102825,2026-08-05,Shayhontohur,3,255000,https://hata.uz/en/listings/object/3-7-7-komnatnaya-v-zhk-boulevard-id-3615-102825,68.0,7,7,1,2026-08-21T23:55:40+00:00
102826,2026-08-05,Shayhontohur,3,255000,https://hata.uz/en/listings/object/3-h-komnatnaya-v-zhk-boulevard-s-remontom-potolki-42m-id-3615-102826,68.0,7,7,1,2026-08-21T23:55:40+00:00
102828,2026-08-05,Shayhontohur,3,260999,https://hata.uz/en/listings/object/srochnaya-prodazha-korobka-u-tower-8553m2-vid-na-tashkent-siti-arzon-102828,85.53,22,27,1,2026-08-21T23:55:40+00:00
102832,2026-08-05,Shayhontohur,2,230000,https://hata.uz/en/listings/object/prodaetsya-kvartira-2-6-8-zhk-tashkent-siti-gardens-s-parkovkoy-vnutri-102832,70.0,6,8,1,2026-08-21T23:55:40+00:00
102833,2026-08-05,Shayhontohur,3,258999,https://hata.uz/en/listings/object/srochno-korobka-nest-one-6958m2-1342m2-druzhba-tashkent-siti-102833,83.0,3,51,1,2026-08-21T23:55:40+00:00
102834,2026-08-05,Shayhontohur,4,255999,https://hata.uz/en/listings/object/srochno-jangoh-4kom-160m2-ts-15-massiv-zhangoh-kazahskoe-posolstvo-102834,160.0,7,8,1,2026-08-21T23:55:40+00:00
102835,2026-08-05,Shayhontohur,2,240000,https://hata.uz/en/listings/object/prodaetsya-kvartira-v-novostroyke-2-6-7-tashkent-siti-bulvar-102835,58.0,6,7,1,2026-08-21T23:55:40+00:00
102836,2026-08-05,Shayhontohur,2,235000,https://hata.uz/en/listings/object/prodaetsya-novostroyka-2-3-8-zhk-tashkent-siti-gardens-102836,68.0,3,8,1,2026-08-21T23:55:40+00:00
102838,2026-08-05,Shayhontohur,2,270000,https://hata.uz/en/listings/object/kvartira-prodaetsya-2-20-51-na-zhk-nest-one-102838,59.0,20,51,1,2026-08-21T23:55:40+00:00
102840,2026-08-05,Shayhontohur,4,230000,https://hata.uz/en/listings/object/prodaetsya-4-komnatnaya-kvartira-v-shayhantahurskom-rayone-zhangoh-ts-15-102840,145.0,8,9,1,2026-08-21T23:55:40+00:00
102843,2026-08-05,Shayhontohur,3,255000,https://hata.uz/en/listings/object/srochno-s-vidom-vo-dvor-tashkent-city-boulevard-3h-komnatnaya-evroremont-102843,68.0,7,7,1,2026-08-21T23:55:40+00:00
102844,2026-08-05,Shayhontohur,3,260000,https://hata.uz/en/listings/object/zhk-u-tower-86m2-vid-na-tashkent-siti-3-22-26-nrg-102844,86.0,22,26,1,2026-08-21T23:55:40+00:00
102845,2026-08-05,Shayhontohur,3,255000,https://hata.uz/en/listings/object/prodaetsya-kvartira-3h-komnatnaya65-kvm-zhk-nest-onetashkent-city-bks-102845,65.0,13,51,1,2026-08-21T23:55:40+00:00
102846,2026-08-05,Shayhontohur,3,254500,https://hata.uz/en/listings/object/kvartira-3-kom-zhk-boulevard-68-m2-shayhantahurskiy-r-n-tashkent-siti-102846,68.0,7,7,1,2026-08-21T23:55:40+00:00
102847,2026-08-05,Shayhontohur,2,255000,https://hata.uz/en/listings/object/boulevard-bulvar-tashkent-siti-2-komnatnaya-evro-remont-pod-klyuch-102847,68.0,6,7,1,2026-08-21T23:55:40+00:00
102848,2026-08-05,Shayhontohur,4,240000,https://hata.uz/en/listings/object/jangoh-shayhan-zhangoh-145m2-evro-krug-abay-metro-gafur-gulyam-ts15-102848,145.0,8,8,1,2026-08-21T23:55:40+00:00
102850,2026-08-05,Shayhontohur,2,240000,https://hata.uz/en/listings/object/zhk-boulevard-tashkent-city-2-5-7-60m2-evroremont-ukomplektovana-102850,60.0,5,7,1,2026-08-21T23:55:40+00:00
102851,2026-08-05,Shayhontohur,2,240000,https://hata.uz/en/listings/object/prodaetsya-tashkent-city-gardens-2-4-8-65m2-evroremont-ukomplektovana-102851,65.0,4,8,1,2026-08-21T23:55:40+00:00
102852,2026-08-05,Shayhontohur,4,260000,https://hata.uz/en/listings/object/prodaetsya-3-4-4-6-yakkasarayskiy-102852,150.0,4,6,1,2026-08-21T23:55:40+00:00
102854,2026-08-05,Shayhontohur,2,270000,https://hata.uz/en/listings/object/prodaetsya-2-h-komnatnaya-kvartira-v-zhk-nest-one-59m2-102854,59.0,20,51,1,2026-08-21T23:55:40+00:00
102856,2026-08-05,Shayhontohur,2,255000,https://hata.uz/en/listings/object/zhk-boulevard-tashkent-siti-s-vidom-vo-dvor-2v3-komnatnaya-7-etazh-102856,68.0,7,7,1,2026-08-21T23:55:40+00:00
102857,2026-08-05,Shayhontohur,3,255000,https://hata.uz/en/listings/object/prodam-zhk-boulevard-tashkent-siti-102857,68.0,7,7,1,2026-08-21T23:55:40+00:00
102859,2026-08-05,Shayhontohur,2,270000,https://hata.uz/en/listings/object/prodam-zhk-nest-one-tashkent-siti-102859,59.0,20,51,1,2026-08-21T23:55:40+00:00
102860,2026-08-05,Shayhontohur,2,245000,https://hata.uz/en/listings/object/prodam-zhk-nest-one-tashkent-siti-102860,60.0,7,51,1,2026-08-21T23:55:40+00:00
102863,2026-08-05,Shayhontohur,3,230000,https://hata.uz/en/listings/object/prodaetsya-3-12-51-74m2-v-zhk-nest-one-tashkent-city-102863,74.0,12,51,1,2026-08-21T23:55:40+00:00
102864,2026-08-05,Shayhontohur,3,255000,https://hata.uz/en/listings/object/v1798-prodaetsya-3-7-7-novostroyka-zhk-boulvard-68m2-102864,68.0,7,7,1,2026-08-21T23:55:40+00:00
102865,2026-08-05,Shayhontohur,3,255000,https://hata.uz/en/listings/object/prodaetsya-novostroyka-shayhantahuskaya-rayon-tashkent-city-boulevard-102865,68.0,7,7,1,2026-08-21T23:55:40+00:00
102867,2026-08-05,Shayhontohur,3,265000,https://hata.uz/en/listings/object/zhk-u-tower-3-22-26-86m2-nrg-102867,86.0,22,26,1,2026-08-21T23:55:40+00:00
102869,2026-08-05,Shayhontohur,3,254975,https://hata.uz/en/listings/object/prodazha-zhk-bulvar-vid-vo-dvor-3-7-7-68m2-lyuks-remont-102869,68.0,7,7,1,2026-08-21T23:55:40+00:00
102872,2026-08-05,Shayhontohur,3,255000,https://hata.uz/en/listings/object/v1798-prodaetsya-3-7-7-novostroyka-zhk-boulvard-68m2-102872,68.0,7,7,1,2026-08-21T23:55:40+00:00
102874,2026-08-05,Shayhontohur,2,270000,https://hata.uz/en/listings/object/2-komnatnaya-studiya-v-zhk-nest-one-59m2-panoramnyy-vid-102874,59.0,20,51,1,2026-08-21T23:55:40+00:00
102878,2026-08-05,Shayhontohur,4,238000,https://hata.uz/en/listings/object/srochno-prodaetsya-4-kom-novostroyka-basri-baba-102878,100.0,6,10,1,2026-08-21T23:55:40+00:00
102880,2026-08-05,Shayhontohur,2,270000,https://hata.uz/en/listings/object/kvartira-2-kom-v-zhk-nest-one-59m2-shayhantahurskiy-r-n-tashkent-siti-102880,59.0,20,51,1,2026-08-21T23:55:40+00:00
102881,2026-08-05,Shayhontohur,4,249999,https://hata.uz/en/listings/object/srochno-arzon-narh-zhk-labzak-4kom-evro-150m2-labzak-podklyuch-102881,150.0,6,10,1,2026-08-21T23:55:40+00:00
102882,2026-08-05,Shayhontohur,3,269999,https://hata.uz/en/listings/object/srochno-arzon-boulevard-3kom-85m2-podklyuch-tsentr-tashkent-siti-102882,85.0,3,7,1,2026-08-21T23:55:40+00:00
102883,2026-08-05,Shayhontohur,3,244999,https://hata.uz/en/listings/object/srochno-tashkent-city-boulevard-68m2-tashkent-siti-druzhba-arzon-102883,68.0,4,7,1,2026-08-21T23:55:40+00:00
102884,2026-08-05,Shayhontohur,2,270000,https://hata.uz/en/listings/object/zhk-nest-one-novyy-remont-60m2-vid-na-park-tashkent-siti-102884,59.0,20,51,1,2026-08-21T23:55:40+00:00
102885,2026-08-05,Shayhontohur,2,235000,https://hata.uz/en/listings/object/zhk-real-house-tashkent-sity-2-13-22-korobka-104-kvm-s-vidom-na-park-102885,104.0,13,22,1,2026-08-21T23:55:40+00:00
102886,2026-08-05,Shayhontohur,2,245000,https://hata.uz/en/listings/object/nest-one-prodaetsya-2-komnatnaya-kvartira-remont-tashkent-siti-102886,60.0,7,51,1,2026-08-21T23:55:40+00:00
102887,2026-08-05,Shayhontohur,3,230000,https://hata.uz/en/listings/object/3-h-komnatnaya-v-zhk-nest-one-vysotka-id-3758-102887,74.0,12,51,1,2026-08-21T23:55:40+00:00
102888,2026-08-05,Shayhontohur,3,230000,https://hata.uz/en/listings/object/3-h-komnatnaya-v-zhk-nest-one-korobka-kvadratura-74m2-id-3758-102888,74.0,12,51,1,2026-08-21T23:55:40+00:00
102889,2026-08-05,Shayhontohur,3,245000,https://hata.uz/en/listings/object/srochno-prodazha-3-5-7-65m2-tashkent-siti-bulvar-avtorskiy-remont-102889,65.0,5,7,1,2026-08-21T23:55:40+00:00
102890,2026-08-05,Shayhontohur,3,255000,https://hata.uz/en/listings/object/prodazha-zhk-tashkent-city-boulevard-2v3-7-7-68m2-avtorskiy-remont-102890,68.0,7,7,1,2026-08-21T23:55:40+00:00
102894,2026-08-05,Shayhontohur,4,260000,https://hata.uz/en/listings/object/huvaydo-rezidensda-kvartira-sotiladi-102894,134.0,2,7,1,2026-08-21T23:55:40+00:00
102895,2026-08-05,Shayhontohur,3,255000,https://hata.uz/en/listings/object/prodaetsya-3-7-7-68m2-v-zhk-boulevard-tashkent-city-102895,68.0,7,7,1,2026-08-21T23:55:40+00:00
102897,2026-08-05,Shayhontohur,3,255000,https://hata.uz/en/listings/object/elitnyy-zhk-tashkent-city-boulevard-3h-komnatnaya-evroremont-68m2-102897,68.0,7,7,1,2026-08-21T23:55:40+00:00
102902,2026-08-05,Shayhontohur,3,254875,https://hata.uz/en/listings/object/tashkent-siti-zhk-bulvar-vid-vo-dvor-3-7-7-68m2-evrt-remont-102902,65.0,7,7,1,2026-08-21T23:55:40+00:00
102903,2026-08-05,Shayhontohur,2,270000,https://hata.uz/en/listings/object/kvartira-prodaetsya-2-20-51-na-zhk-nest-one-102903,59.0,20,51,1,2026-08-21T23:55:40+00:00
102905,2026-08-05,Shayhontohur,3,270000,https://hata.uz/en/listings/object/super-tsena-mirabadskiy-3h-kom-na-zhk-bulvar-or-r-tashkent-siti-id06-102905,90.0,6,7,1,2026-08-21T23:55:40+00:00
102907,2026-08-05,Shayhontohur,2,245000,https://hata.uz/en/listings/object/zhk-nest-one-tashkent-city-2h-kom-64m2-prodaetsya-kvartira-102907,64.0,7,51,1,2026-08-21T23:55:40+00:00
102908,2026-08-05,Shayhontohur,2,240000,https://hata.uz/en/listings/object/kvartira-prodaetsya-2-6-51-na-zhk-nest-one-102908,62.0,6,51,1,2026-08-21T23:55:40+00:00
102910,2026-08-05,Shayhontohur,3,235000,https://hata.uz/en/listings/object/srochno-prodaetsya-kvartira-76-m2-v-skyline-towers-3-2-14-102910,76.0,2,14,1,2026-08-21T23:55:40+00:00
102911,2026-08-05,Shayhontohur,2,254999,https://hata.uz/en/listings/object/srochno-boulevard-2kom-68m2-druzhba-tashkent-siti-vid-vo-dvor-arzon-102911,68.0,6,7,1,2026-08-21T23:55:40+00:00
102913,2026-08-05,Shayhontohur,3,269999,https://hata.uz/en/listings/object/srochno-tashkent-sity-boulevard-3kom-85m2-tashkent-sity-druzhba-102913,85.0,3,7,1,2026-08-21T23:55:40+00:00
102916,2026-08-05,Shayhontohur,2,238000,https://hata.uz/en/listings/object/prodaetsya-2-3-8-tashkent-siti-102916,65.0,3,8,1,2026-08-21T23:55:40+00:00
102922,2026-08-05,Yakkasaroy,3,245000,https://hata.uz/en/listings/object/zhk-mirabad-avenue-3-6-6-mirabadskiy-rynok-gostinitsa-rossiya-102922,75.0,6,6,1,2026-08-21T23:55:40+00:00
102923,2026-08-05,Yakkasaroy,3,235000,https://hata.uz/en/listings/object/kompleks-3h-komnatnaya-uzbegimbabura-ulitsa-aeroport-yakkasaray-102923,113.0,9,14,1,2026-08-21T23:55:40+00:00
102924,2026-08-05,Yakkasaroy,4,230000,https://hata.uz/en/listings/object/madrid-4-komnatnaya-evroremont-pod-klyuch-103m2-yakkasaray-shota-rustaveli-102924,103.0,7,10,1,2026-08-21T23:55:40+00:00
102928,2026-08-05,Yakkasaroy,3,233000,https://hata.uz/en/listings/object/piramit-tower-3-26-48-100-kv-m-karobka-narx-233-000-102928,100.0,26,48,1,2026-08-21T23:55:40+00:00
102929,2026-08-05,Yakkasaroy,3,235000,https://hata.uz/en/listings/object/prodaetsya-novostroyka-yakkasarayskiy-rayon-ul-aeoroport-3-5-14-102929,114.0,5,14,1,2026-08-21T23:55:40+00:00
102933,2026-08-05,Yakkasaroy,3,235000,https://hata.uz/en/listings/object/srochno-prodaetsya-3-kom-novostroyka-102933,114.0,3,3,1,2026-08-21T23:55:40+00:00
102935,2026-08-05,Yakkasaroy,4,245000,https://hata.uz/en/listings/object/zhk-parisien-dupleks-4-komnaty-novyy-remont-123m2-102935,123.0,8,9,1,2026-08-21T23:55:40+00:00
102938,2026-08-05,Yakkasaroy,4,255000,https://hata.uz/en/listings/object/via-port-gotovaya-kvartira-s-arendatorami-v-tsentre-yakkasaraya-100m2-102938,100.0,3,9,1,2026-08-21T23:55:40+00:00
102940,2026-08-05,Yakkasaroy,4,249000,https://hata.uz/en/listings/object/prodaetsya-4kom-4-9-zhk-parisien-125m2-or-r-most-mukimi-102940,125.0,4,9,1,2026-08-21T23:55:40+00:00
102942,2026-08-05,Yakkasaroy,4,250000,https://hata.uz/en/listings/object/novostroyka-zhk-dream-house-prodam-4h-komnatnuyu-140m2-102942,140.0,4,10,1,2026-08-21T23:55:40+00:00
102943,2026-08-05,Yakkasaroy,3,235000,https://hata.uz/en/listings/object/novostroyka-3-5-14-kompleks-uzbegim-102943,114.0,5,14,1,2026-08-21T23:55:40+00:00
102944,2026-08-05,Yakkasaroy,3,230000,https://hata.uz/en/listings/object/piramit-tower-3h-komnatnaya-kvartira-korobka-100m2-yakkasaray-bobura-102944,100.0,26,48,1,2026-08-21T23:55:40+00:00
102945,2026-08-05,Yakkasaroy,4,260000,https://hata.uz/en/listings/object/4-6-12-zhk-milano-102945,140.0,6,12,1,2026-08-21T23:55:40+00:00
102948,2026-08-05,Yakkasaroy,4,240000,https://hata.uz/en/listings/object/zhk-parisien-dupleks-170m2-4-komnaty-102948,170.0,8,9,1,2026-08-21T23:55:40+00:00
102950,2026-08-05,Yakkasaroy,4,270000,https://hata.uz/en/listings/object/4-4-8-shota-rustaveliyakasarayskiy-rayonor-r-tsvetochnyy-bazarnirvana-102950,131.0,4,8,1,2026-08-21T23:55:40+00:00
102951,2026-08-05,Yakkasaroy,4,262000,https://hata.uz/en/listings/object/parisen-novastroyka-dupleks-140-m2-102951,140.0,7,8,1,2026-08-21T23:55:40+00:00
102952,2026-08-05,Yakkasaroy,6,250000,https://hata.uz/en/listings/object/prodaetsya-6-kom-kvartira-zhk-parisien-or-r-ul-mukimi-102952,214.0,1,9,1,2026-08-21T23:55:40+00:00
102955,2026-08-05,Yakkasaroy,4,240000,https://hata.uz/en/listings/object/prodaetsya-4h-kom-kvartira-zhk-parisien-or-r-tekstilnyy-most-170-m2-102955,170.0,8,9,1,2026-08-21T23:55:40+00:00
102956,2026-08-05,Yakkasaroy,3,260000,https://hata.uz/en/listings/object/novostroyka-3-7-14-zhk-infinity-102956,72.0,7,14,1,2026-08-21T23:55:40+00:00
102958,2026-08-05,Yakkasaroy,4,240000,https://hata.uz/en/listings/object/prodaetsya-4-8-9-9-novostroyka-v-zhk-parisien-yakkasarayskiy-rayon-102958,240.0,8,9,1,2026-08-21T23:55:40+00:00
102959,2026-08-05,Yakkasaroy,4,265000,https://hata.uz/en/listings/object/kvartira-prodaetsya-4-3-7-na-zhk-via-port-102959,100.0,3,7,1,2026-08-21T23:55:40+00:00
103003,2026-08-05,Shayhontohur,3,330000,https://hata.uz/en/listings/object/tashkent-city-boulevard-103003,90.0,6,7,1,2026-08-21T23:55:40+00:00
103006,2026-08-05,Shayhontohur,3,310001,https://hata.uz/en/listings/object/tashkent-city-novostroyka-zh-k-gardens-3-4-9-94m2-nezakonchenyy-remon-103006,94.0,4,9,1,2026-08-21T23:55:40+00:00
103009,2026-08-05,Shayhontohur,3,300000,https://hata.uz/en/listings/object/prodaetsya-3-h-komnatnaya-kvartira-v-zhk-gardens-residence-91-m2-103009,91.0,2,8,1,2026-08-21T23:55:40+00:00
103010,2026-08-05,Shayhontohur,4,300000,https://hata.uz/en/listings/object/4-7-8-dupleks-v-novostroyke-na-zhangoh-ts15-id-3866-103010,434.0,7,8,1,2026-08-21T23:55:40+00:00
103011,2026-08-05,Shayhontohur,3,310000,https://hata.uz/en/listings/object/nest-one-na-prodazhu-3h-komnatnaya-kvartira-103011,79.0,34,51,1,2026-08-21T23:55:40+00:00
103014,2026-08-05,Shayhontohur,2,285000,https://hata.uz/en/listings/object/prodaetsya-evrodvushka-72kvm-zhk-ngr-u-towerul-koratoshshayhantahur-zhzhb-103014,72.0,14,27,1,2026-08-21T23:55:40+00:00
103015,2026-08-05,Shayhontohur,4,320000,https://hata.uz/en/listings/object/prodaetsya-4-34-51-nest-van-103015,92.0,34,51,1,2026-08-21T23:55:40+00:00
103016,2026-08-05,Shayhontohur,2,285000,https://hata.uz/en/listings/object/nrg-u-tower-prodaetsya-2-komnatnaya-kvartira-remont-druzhka-narodov-103016,73.0,24,27,1,2026-08-21T23:55:40+00:00
103017,2026-08-05,Shayhontohur,3,330000,https://hata.uz/en/listings/object/novostroyka-3-6-9-v-zhk-tashkent-siti-gardens-residence-shayhantahursk-103017,93.0,6,9,1,2026-08-21T23:55:40+00:00
103018,2026-08-05,Shayhontohur,3,315000,https://hata.uz/en/listings/object/novostroyka-3-3-8-v-zhk-tashkent-siti-gardens-shayhantahurskiy-rayon-103018,87.0,3,8,1,2026-08-21T23:55:40+00:00
103021,2026-08-05,Shayhontohur,3,290000,https://hata.uz/en/listings/object/boulevard-prodaetsya-3-komnatnaya-kvartira-remont-tashkent-siti-103021,83.0,3,7,1,2026-08-21T23:55:40+00:00
103023,2026-08-05,Shayhontohur,3,305000,https://hata.uz/en/listings/object/gardens-residence-prodaetsya-3-komnatnaya-kvartira-remont-tashkent-city-103023,93.0,7,8,1,2026-08-21T23:55:40+00:00
103026,2026-08-05,Shayhontohur,3,310000,https://hata.uz/en/listings/object/tashkent-city-gardens-103026,114.0,8,8,1,2026-08-21T23:55:40+00:00
103029,2026-08-05,Shayhontohur,2,285000,https://hata.uz/en/listings/object/prodaetsya-2h-kom-kvartira-zhk-nrg-u-tower-or-r-druzhba-narodov-73-m2-103029,73.0,24,27,1,2026-08-21T23:55:40+00:00
103030,2026-08-05,Shayhontohur,3,285000,https://hata.uz/en/listings/object/zhk-boulvard-tashkent-siti-103030,86.0,4,7,1,2026-08-21T23:55:40+00:00
103031,2026-08-05,Shayhontohur,3,340000,https://hata.uz/en/listings/object/3h-kom-92m2-prodaetsya-kvartira-zhk-nest-one-tashkent-city-103031,92.0,33,51,1,2026-08-21T23:55:40+00:00
103034,2026-08-05,Shayhontohur,3,308000,https://hata.uz/en/listings/object/zhk-gardens-93-m2-evroremont-7-8-et-tashkent-city-vid-na-druzhbu-103034,92.0,7,8,1,2026-08-21T23:55:40+00:00
103035,2026-08-05,Shayhontohur,3,310000,https://hata.uz/en/listings/object/prodaetsya-3-4-9-novostroyka-tashkent-sity-zhk-gardens-103035,94.0,4,9,1,2026-08-21T23:55:40+00:00
103036,2026-08-05,Shayhontohur,3,308000,https://hata.uz/en/listings/object/3k-7-8-et-evro-mebel-93-m2-gardens-vid-na-druzhbu-narodov-103036,93.0,7,8,1,2026-08-21T23:55:40+00:00
103037,2026-08-05,Shayhontohur,3,299500,https://hata.uz/en/listings/object/kv-ra-3-kom-zhk-gardens-residence-91-m2-shayhantahurskiy-r-n-siti-moll-103037,91.0,2,8,1,2026-08-21T23:55:40+00:00
103038,2026-08-05,Shayhontohur,3,340000,https://hata.uz/en/listings/object/prodaetsya-novostroyka-3-8-8-tashkent-city-kompleks-gardens-103038,93.0,8,8,1,2026-08-21T23:55:40+00:00
103039,2026-08-05,Shayhontohur,3,300000,https://hata.uz/en/listings/object/prodaetsya-novostroyka-3-5-7-tashkent-siti-bulvar-103039,105.0,5,7,1,2026-08-21T23:55:40+00:00
103041,2026-08-05,Shayhontohur,3,300000,https://hata.uz/en/listings/object/prodaetsya-korobka-105-m2-v-zhk-tashkent-city-boulevard-103041,100.0,6,7,1,2026-08-21T23:55:40+00:00
103042,2026-08-05,Shayhontohur,3,300000,https://hata.uz/en/listings/object/gardens-rezidens-3-komnaty-91m2-korobka-tashkent-siti-103042,91.0,2,9,1,2026-08-21T23:55:40+00:00
103043,2026-08-05,Shayhontohur,3,310000,https://hata.uz/en/listings/object/3-komnatnaya-zhk-gardens-tashkent-city-103043,87.0,3,8,1,2026-08-21T23:55:40+00:00
103044,2026-08-05,Shayhontohur,2,330000,https://hata.uz/en/listings/object/prodaetsya-2h-kom-kvartira-zhk-nrg-u-tower-or-r-druzhba-narodov-72-m2-103044,72.0,6,26,1,2026-08-21T23:55:40+00:00
103045,2026-08-05,Shayhontohur,3,340000,https://hata.uz/en/listings/object/prodaetsya-3h-kom-kvartira-zhk-nest-one-or-r-druzhba-narodov-92-m2-103045,92.0,33,51,1,2026-08-21T23:55:40+00:00
103046,2026-08-05,Shayhontohur,3,365000,https://hata.uz/en/listings/object/prodaetsya-3h-kom-kvartira-zhk-nest-one-or-r-tashkent-siti-74-m2-103046,74.0,20,51,1,2026-08-21T23:55:40+00:00
103047,2026-08-05,Shayhontohur,3,290000,https://hata.uz/en/listings/object/bulyuvard-tash-siti-3-3-8-85m2-s-parkovkoy-1-evro-remont-103047,85.0,3,8,1,2026-08-21T23:55:40+00:00
103048,2026-08-05,Shayhontohur,3,300000,https://hata.uz/en/listings/object/3-komnatnaya-korobka-tashkent-city-gardens-tsentr-druzhba-103048,91.0,2,8,1,2026-08-21T23:55:40+00:00
103049,2026-08-05,Shayhontohur,3,293000,https://hata.uz/en/listings/object/3-h-komnatnaya-v-zhk-gardens-vid-vo-dvor-id-3527-103049,94.0,4,9,1,2026-08-21T23:55:40+00:00
103051,2026-08-05,Shayhontohur,3,314999,https://hata.uz/en/listings/object/srochno-gardens-3kom-93m2-tashkent-city-druzhba-podklyuch-haqiqiy-arzon-103051,93.0,8,8,1,2026-08-21T23:55:40+00:00
103052,2026-08-05,Shayhontohur,3,335000,https://hata.uz/en/listings/object/tashkent-city-gardens-evro-94-m2-3-komn-6-8-etazhey-103052,94.0,6,8,1,2026-08-21T23:55:40+00:00
103053,2026-08-05,Shayhontohur,3,334999,https://hata.uz/en/listings/object/srochno-tashkent-siti-boulevard-90m2-druzhba-tashkent-siti-arzon-103053,90.0,4,7,1,2026-08-21T23:55:40+00:00
103054,2026-08-05,Shayhontohur,3,310000,https://hata.uz/en/listings/object/bomba-tsena-shayhantahurskiy-3h-kom-tashkent-siti-or-r-zhk-nest-one-id06-103054,100.0,3,8,1,2026-08-21T23:55:40+00:00
103055,2026-08-05,Shayhontohur,3,315000,https://hata.uz/en/listings/object/3-komn-kvartira-tashkent-city-gardens-evro-tsentr-tashkenta-103055,93.0,8,8,1,2026-08-21T23:55:40+00:00
103057,2026-08-05,Shayhontohur,3,315000,https://hata.uz/en/listings/object/v-tsentre-goroda-shayhantahurskiy-3h-kom-tashkent-siti-zhk-gardens-id06-103057,100.0,4,8,1,2026-08-21T23:55:40+00:00
103058,2026-08-05,Shayhontohur,3,300000,https://hata.uz/en/listings/object/srochno-tashkent-city-gardens-3-2-8-korobka-91m2-or-druzhba-narodov-103058,91.0,2,8,1,2026-08-21T23:55:40+00:00
103059,2026-08-05,Shayhontohur,3,310000,https://hata.uz/en/listings/object/3-komnatnaya-novostroyka-zhk-gardens-na-tashkent-city-103059,94.0,4,9,1,2026-08-21T23:55:40+00:00
103061,2026-08-05,Shayhontohur,3,340000,https://hata.uz/en/listings/object/prodaetsya-3kom-92kv2m-tashkent-siti-shayhantaurskiy-r-on-nest-one-103061,92.0,33,51,1,2026-08-21T23:55:40+00:00
103065,2026-08-05,Shayhontohur,4,300000,https://hata.uz/en/listings/object/4-h-komnatnaya-dupleks-v-novostroyke-na-zhangoh-ts15-id-3866-103065,434.0,7,8,1,2026-08-21T23:55:40+00:00
103066,2026-08-05,Shayhontohur,3,285000,https://hata.uz/en/listings/object/srochno-3kom-92m2-park-tashkent-city-zhk-boulevard-residence-103066,92.0,3,7,1,2026-08-21T23:55:40+00:00
103067,2026-08-05,Shayhontohur,2,285000,https://hata.uz/en/listings/object/2-24-27-komnatnaya-v-zhk-nrg-u-tower-id-3678-103067,73.0,24,27,1,2026-08-21T23:55:40+00:00
103068,2026-08-05,Shayhontohur,2,285000,https://hata.uz/en/listings/object/2-h-komnatnaya-v-zhk-nrg-u-tower-73-metra-kvadratnyh-id-3678-103068,73.0,24,27,1,2026-08-21T23:55:40+00:00
103069,2026-08-05,Shayhontohur,3,300000,https://hata.uz/en/listings/object/prodaetsya-3h-kom-kvartira-zhk-gardens-or-r-park-tashkent-city-91-m2-103069,91.0,2,8,1,2026-08-21T23:55:40+00:00
103070,2026-08-05,Shayhontohur,3,340000,https://hata.uz/en/listings/object/prodaetsya-3-h-komnatnaya-kvartira-v-zhk-nest-one-103070,92.0,33,51,1,2026-08-21T23:55:40+00:00
103071,2026-08-05,Shayhontohur,3,330000,https://hata.uz/en/listings/object/prodaetsya-zhk-tashkent-siti-boulevard-3-komnatnaya-103071,86.0,3,7,1,2026-08-21T23:55:40+00:00
103076,2026-08-05,Shayhontohur,6,290000,https://hata.uz/en/listings/object/zhk-jangoh-shayhan-dupleks-ploschad434m2-kazahskoe-posolstvo-ganga-103076,434.0,7,8,1,2026-08-21T23:55:40+00:00
103079,2026-08-05,Shayhontohur,3,310000,https://hata.uz/en/listings/object/v1814-prodaetsya-3-4-9-novostroyka-zhk-gardens-94m2-103079,94.0,4,9,1,2026-08-21T23:55:40+00:00
103080,2026-08-05,Shayhontohur,3,280000,https://hata.uz/en/listings/object/3-10-51-nest-one-blok-a-103080,61.0,10,51,1,2026-08-21T23:55:40+00:00
103081,2026-08-05,Shayhontohur,4,300000,https://hata.uz/en/listings/object/prodazha-kvartiry-4h-komnatnaya-434-kvm-dupleks-or-zhangoh-ts15-ssha-103081,434.0,7,8,1,2026-08-21T23:55:40+00:00
103082,2026-08-05,Shayhontohur,2,285000,https://hata.uz/en/listings/object/zhk-nrg-u-tower-prodam-kvartiru-2h-kom-72m2-tashkent-siti-103082,72.0,14,27,1,2026-08-21T23:55:40+00:00
103083,2026-08-05,Shayhontohur,3,300000,https://hata.uz/en/listings/object/gardens-tashkent-city-3-komnatnaya-bez-remonta-91m2-vid-vo-dvor-103083,91.0,2,8,1,2026-08-21T23:55:40+00:00
103084,2026-08-05,Shayhontohur,3,480000,https://hata.uz/en/listings/object/boulevard-3-komnaty-102m2-terrasa-avtorskiy-proekt-tashkent-city-103084,102.0,7,7,1,2026-08-21T23:55:40+00:00
103085,2026-08-05,Shayhontohur,2,450000,https://hata.uz/en/listings/object/tashkent-city-boulevard-s-remontom-vid-na-park-85m2-mebel-tehnika-103085,85.0,5,7,1,2026-08-21T23:55:40+00:00
103086,2026-08-05,Shayhontohur,3,380000,https://hata.uz/en/listings/object/boulevard-tashkent-city-pryamoy-vid-na-park-3-komnaty-92m2-white-box-103086,92.0,3,7,1,2026-08-21T23:55:40+00:00
103087,2026-08-05,Shayhontohur,3,480000,https://hata.uz/en/listings/object/prodaetsya-3-7-7-1027m2-v-zhk-boulevard-tashkent-city-103087,102.7,7,7,1,2026-08-21T23:55:40+00:00
103090,2026-08-05,Shayhontohur,3,500000,https://hata.uz/en/listings/object/3-komnatnaya-v-nest-one-a-blok-94-m2-tashkent-siti-tsentr-goroda-103090,94.19,39,51,1,2026-08-21T23:55:40+00:00
103092,2026-08-05,Shayhontohur,4,600000,https://hata.uz/en/listings/object/kvartira-prodaetsya-4-7-8-na-zhk-gardens-103092,125.0,7,8,1,2026-08-21T23:55:40+00:00
103093,2026-08-05,Shayhontohur,4,490000,https://hata.uz/en/listings/object/tashkent-city-gardens-103093,125.0,3,9,1,2026-08-21T23:55:40+00:00
103094,2026-08-05,Shayhontohur,3,380999,https://hata.uz/en/listings/object/tashkent-city-gardens-novostroyka-zhk-gardens-residence-tashkent-city-103094,91.0,2,9,1,2026-08-21T23:55:40+00:00
103096,2026-08-05,Shayhontohur,4,600000,https://hata.uz/en/listings/object/prodam-zhk-gardens-tashkent-siti-103096,125.0,7,8,1,2026-08-21T23:55:40+00:00
103097,2026-08-05,Shayhontohur,3,500000,https://hata.uz/en/listings/object/zhk-boulvard-tashkent-siti-103097,100.0,4,7,1,2026-08-21T23:55:40+00:00
103104,2026-08-05,Shayhontohur,4,700000,https://hata.uz/en/listings/object/prodaetsya-4-h-komnatnaya-kvartira-v-zhk-boulevard-103104,235.0,7,7,1,2026-08-21T23:55:40+00:00
103105,2026-08-05,Shayhontohur,3,400000,https://hata.uz/en/listings/object/prodaetsya-2-3-26-51-71-m2-zhk-nest-one-103105,71.0,26,51,1,2026-08-21T23:55:40+00:00
103107,2026-08-05,Shayhontohur,4,500000,https://hata.uz/en/listings/object/premium-srochno-tashkent-city-gardens-4-2-8-korobka-125m2-or-druzhba-103107,125.0,2,8,1,2026-08-21T23:55:40+00:00
103108,2026-08-05,Shayhontohur,2,450000,https://hata.uz/en/listings/object/tashkent-city-gardens-2-komn-112-m2-evro-2-etazh-tsentr-103108,112.0,2,8,1,2026-08-21T23:55:40+00:00
103109,2026-08-05,Shayhontohur,3,480000,https://hata.uz/en/listings/object/zhk-boulevard-tashkent-city-prodaetsya-3h-kom-102m2-103109,102.0,7,7,1,2026-08-21T23:55:40+00:00
103110,2026-08-05,Shayhontohur,7,600000,https://hata.uz/en/listings/object/prodaetsya-korobka-tashkent-citi-zhk-gardens-residence-103110,126.0,7,8,1,2026-08-21T23:55:40+00:00
103114,2026-08-05,Shayhontohur,3,480000,https://hata.uz/en/listings/object/prodaetsya-3-h-komnatnaya-kvartira-v-tashkent-siti-zhk-boulevard-103114,102.0,7,7,1,2026-08-21T23:55:40+00:00
103119,2026-08-05,Shayhontohur,3,660000,https://hata.uz/en/listings/object/elitnyy-zhiloy-kompleks-nrg-u-tower-dizaynerskiy-remont-s-mebelyu-i-teh-103119,126.0,18,27,1,2026-08-21T23:55:40+00:00
103121,2026-08-05,Shayhontohur,4,450000,https://hata.uz/en/listings/object/prodaetsya-3-h-komnatnaya-kvartira-v-zhk-nrg-park-103121,130.0,5,10,1,2026-08-21T23:55:40+00:00
103123,2026-08-05,Shayhontohur,4,450000,https://hata.uz/en/listings/object/zhk-boulevard-4-7-7-tashkent-city-vid-na-park-korobka-103123,114.0,7,7,1,2026-08-21T23:55:40+00:00
103124,2026-08-05,Shayhontohur,3,730000,https://hata.uz/en/listings/object/eksklyuziv-zhk-nrg-u-tower-3-18-27-vid-na-tashkent-city-103124,126.0,18,27,1,2026-08-21T23:55:40+00:00
103126,2026-08-05,Shayhontohur,3,660000,https://hata.uz/en/listings/object/prodaetsya-3h-kom-kvartira-zhk-nrg-u-tower-or-r-tashkent-siti-126-m2-103126,126.0,18,27,1,2026-08-21T23:55:40+00:00
103129,2026-08-05,Shayhontohur,4,500000,https://hata.uz/en/listings/object/gardens-tashkent-city-4-komnatnaya-korobka-125m2-103129,125.0,2,8,1,2026-08-21T23:55:40+00:00
103131,2026-08-05,Shayhontohur,3,660000,https://hata.uz/en/listings/object/nrg-u-tower-prodam-kvartiru-3h-kom-127m2-evro-lyuks-tashkent-siti-103131,127.0,18,27,1,2026-08-21T23:55:40+00:00
103134,2026-08-05,Shayhontohur,3,688999,https://hata.uz/en/listings/object/srochno-zhk-boulevard-115m2-terassa-druzhba-tashkent-city-podklyuch-103134,115.0,7,7,1,2026-08-21T23:55:40+00:00
103135,2026-08-05,Shayhontohur,4,590000,https://hata.uz/en/listings/object/prodaetsya-kvartira-4-3-8-v-zhk-tashkent-siti-gardens-shayhantahurskiy-rn-103135,125.0,3,8,1,2026-08-21T23:55:40+00:00
103141,2026-08-05,Shayhontohur,4,530000,https://hata.uz/en/listings/object/prodaetsya-4kom-125kv2m-tashkent-siti-s-shikarnym-vidom-vodvor-103141,125.0,3,8,1,2026-08-21T23:55:40+00:00
103147,2026-08-05,Shayhontohur,8,470000,https://hata.uz/en/listings/object/prodaetsya-ts-15-kazahstan-posvo-zhk-zhangoh-8-7-8-8-38751m2-dupleks-103147,387.51,7,8,1,2026-08-21T23:55:40+00:00
103149,2026-08-05,Shayhontohur,4,530000,https://hata.uz/en/listings/object/tashkent-siti-gardens-4-3-9-125kvm-v-sostoyanii-korobka-srochno-103149,125.0,3,9,1,2026-08-21T23:55:40+00:00
103150,2026-08-05,Shayhontohur,4,370000,https://hata.uz/en/listings/object/prodaetsya-4h-kom-kvartira-zhk-nest-one-or-r-tashkent-siti-93-m2-103150,93.0,39,51,1,2026-08-21T23:55:40+00:00
103151,2026-08-05,Shayhontohur,4,375000,https://hata.uz/en/listings/object/srochno-prodaetsya-novostroyka-4-39-51-zhk-nest-one-shayhantaurskiy-rayo-103151,93.0,39,51,1,2026-08-21T23:55:40+00:00
103155,2026-08-05,Shayhontohur,3,380000,https://hata.uz/en/listings/object/gardens-tashkent-city-prodazha-evro-kvartiry-3-7-7-90m2-tashkent-siti-103155,90.0,7,7,1,2026-08-21T23:55:40+00:00
103157,2026-08-05,Shayhontohur,4,450000,https://hata.uz/en/listings/object/srochno-svoya-prodaetsya-tashkent-sity-boulevard-114-terrasa-120-kvadrat-103157,234.0,7,7,1,2026-08-21T23:55:40+00:00
103158,2026-08-05,Shayhontohur,3,400000,https://hata.uz/en/listings/object/srochno-prodaetsya-kvartira-3-3-8-v-zhk-gardens-residence-tashkent-siti-103158,93.0,3,8,1,2026-08-21T23:55:40+00:00
103168,2026-08-05,Shayhontohur,6,970000,https://hata.uz/en/listings/object/prodaetsya-tashkent-siti-penthaus-103168,220.0,8,9,1,2026-08-21T23:55:40+00:00
103169,2026-08-05,Shayhontohur,4,750000,https://hata.uz/en/listings/object/penthouse-tashkent-city-boulevard-4-7-7-114-m2-s-terassa-103169,114.0,7,7,1,2026-08-21T23:55:40+00:00
103171,2026-08-05,Shayhontohur,5,1300000,https://hata.uz/en/listings/object/prodaetsya-5ti-kom-kvartira-zhk-gardens-or-r-tashkent-siti-200-m2-103171,200.0,7,8,1,2026-08-21T23:55:40+00:00
103174,2026-08-05,Shayhontohur,6,1200000,https://hata.uz/en/listings/object/prodaetsya-6-3-7-novostroyka-zhk-boulevard-tashkent-city-shayhantahur-103174,217.0,3,7,1,2026-08-21T23:55:40+00:00
103175,2026-08-05,Shayhontohur,4,750000,https://hata.uz/en/listings/object/prodaetsya-novostroyka-na-tashkent-city-4-7-7-zhk-boulevard-residenc-103175,114.0,7,7,1,2026-08-21T23:55:40+00:00
103176,2026-08-05,Shayhontohur,4,1200000,https://hata.uz/en/listings/object/prodaetsya-4-h-komnatnoy-kvartiry-v-tashkent-siti-zhk-gardens-residence-103176,210.0,7,9,1,2026-08-21T23:55:40+00:00
103178,2026-08-05,Shayhontohur,5,1150000,https://hata.uz/en/listings/object/tashkent-city-gardens-5-komn-dupleks-320-m2-terrasa-tsentr-103178,320.0,7,8,1,2026-08-21T23:55:40+00:00
103182,2026-08-05,Shayhontohur,4,750000,https://hata.uz/en/listings/object/novostroyka-4-7-7-na-tashkent-siti-bulvar-terrasoy-i-s-vidom-na-park-103182,114.0,7,7,1,2026-08-21T23:55:40+00:00
103184,2026-08-05,Shayhontohur,3,850000,https://hata.uz/en/listings/object/srochno-prodaetsya-tashkent-siti-zhk-boulevard-3-7-7-plosch-104-m2-180-m-103184,284.0,7,7,1,2026-08-21T23:55:40+00:00
103189,2026-08-05,Shayhontohur,3,850000,https://hata.uz/en/listings/object/3-h-komnatnaya-v-zhk-boulevard-vid-na-park-id-3534-103189,180.0,7,7,1,2026-08-21T23:55:40+00:00
103190,2026-08-05,Shayhontohur,6,799500,https://hata.uz/en/listings/object/kvartira-6-komnat-zhk-gardens-216m2-shayhantahurskiy-r-n-tashkent-siti-103190,216.0,2,9,1,2026-08-21T23:55:40+00:00
103191,2026-08-05,Shayhontohur,5,1300000,https://hata.uz/en/listings/object/srochno-shayhantahurskiy-rayon-tashkent-city-zhk-gardens-penthaus-103191,320.0,7,8,1,2026-08-21T23:55:40+00:00
103192,2026-08-05,Shayhontohur,6,1050000,https://hata.uz/en/listings/object/novostroyka-zhk-boulevard-tashkent-city-103192,218.0,3,7,1,2026-08-21T23:55:40+00:00
103193,2026-08-05,Shayhontohur,3,800000,https://hata.uz/en/listings/object/prodaetsya-3-h-komnatnaya-kvartira-v-zhk-boulevard-103193,114.0,7,7,1,2026-08-21T23:55:40+00:00
103201,2026-08-05,Shayhontohur,3,850000,https://hata.uz/en/listings/object/prodaetsya-3h-kom-kvartira-zhk-boulevard-or-r-tashkent-siti-104-m2-103201,104.0,7,7,1,2026-08-21T23:55:40+00:00
103205,2026-08-05,Shayhontohur,5,950000,https://hata.uz/en/listings/object/prodaetsya-korobka-penthaus-5-8-9-9-shayhantahurskiy-rayon-tashkent-siti-103205,260.0,8,9,1,2026-08-21T23:55:40+00:00
103206,2026-08-05,Shayhontohur,3,1000000,https://hata.uz/en/listings/object/prodaetsya-zhk-tashkent-siti-gardens-residence-3-2-9-160m2-shayhantahur-103206,160.0,2,9,1,2026-08-21T23:55:40+00:00
103220,2026-08-05,Shayhontohur,5,872126,https://hata.uz/en/listings/object/5-45-51-nest-one-16127m-tashkent-siti-park-tashkent-city-mall-103220,161.0,45,51,1,2026-08-21T23:55:40+00:00
103222,2026-08-05,Shayhontohur,5,6000000,https://hata.uz/en/listings/object/kvar-ra-5-kom-zhk-nest-van-41252m2-shayhantahurskiy-r-n-tashkent-siti-103222,412.52,50,51,1,2026-08-21T23:55:40+00:00
103223,2026-08-05,Shayhontohur,6,1200000,https://hata.uz/en/listings/object/prodam-kvartiru-s-vidom-na-park-6-3-7-217m2-zhk-boulevard-tashkent-city-103223,217.0,3,7,1,2026-08-21T23:55:40+00:00
103224,2026-08-05,Shayhontohur,5,815000,https://hata.uz/en/listings/object/srochno-prodaetsya-5-23-24-227-m2-dupleks-kvartira-v-nest-one-103224,227.0,23,24,1,2026-08-21T23:55:40+00:00
103225,2026-08-05,Shayhontohur,5,1240000,https://hata.uz/en/listings/object/kvartira-zh-k-gardens-5-7-8-200-kvm-103225,200.0,7,8,1,2026-08-21T23:55:40+00:00
103227,2026-08-05,Shayhontohur,5,1300000,https://hata.uz/en/listings/object/tashkent-siti-zhk-gardens-residence-5-9-9-250m2-terrasa-103227,250.0,9,9,1,2026-08-21T23:55:40+00:00
103230,2026-08-05,Shayhontohur,5,1240000,https://hata.uz/en/listings/object/penthaus-v-zhk-gardens-200m2-120m2-terrasa-5-komnat-3-parkinga-103230,200.0,7,8,1,2026-08-21T23:55:40+00:00
103232,2026-08-05,Shayhontohur,3,950000,https://hata.uz/en/listings/object/srochno-tashkent-siti-boulevard-308m2-druzhba-tashkent-siti-arzon-103232,308.0,1,7,1,2026-08-21T23:55:40+00:00
103234,2026-08-05,Shayhontohur,3,850000,https://hata.uz/en/listings/object/tashkent-city-boulevard-3-7-7-104-180kvm-terrasa-evro-vid-v-park-103234,284.0,7,7,1,2026-08-21T23:55:40+00:00
103240,2026-08-05,Shayhontohur,3,850000,https://hata.uz/en/listings/object/tashkent-siti-zhk-boulevard-3-komn-7-7-104m2-terrasa-180-m2-vid-na-park-103240,104.0,7,7,1,2026-08-21T23:55:40+00:00
103241,2026-08-05,Shayhontohur,6,800000,https://hata.uz/en/listings/object/srochno-prodazha-tashkent-city-gardens-6-2-9-216m2-vid-vo-dvor-103241,216.0,2,9,1,2026-08-21T23:55:40+00:00
103254,2026-08-05,Shayhontohur,5,995000,https://hata.uz/en/listings/object/prodaetsya-karobka-penthaus-tashkent-siti-gardens-residence-103254,260.0,8,9,1,2026-08-21T23:55:40+00:00
103255,2026-08-05,Shayhontohur,5,1290000,https://hata.uz/en/listings/object/prodaetsya-5-komnatnaya-kvartira-v-elitnom-zhk-nest-one-blok-a-103255,161.27,44,51,1,2026-08-21T23:55:40+00:00
103261,2026-08-05,Shayhontohur,5,880000,https://hata.uz/en/listings/object/prodaetsya-gardens-residence-220m2-korobka-103261,220.0,3,9,1,2026-08-21T23:55:40+00:00
103262,2026-08-05,Shayhontohur,6,1200000,https://hata.uz/en/listings/object/zhk-boulevard-residence-6-3-7-217m2-tashkent-city-103262,217.0,3,7,1,2026-08-21T23:55:40+00:00
103264,2026-08-05,Shayhontohur,5,6000000,https://hata.uz/en/listings/object/zhk-nest-one-blok-a-premium-klass-412-m2-5-50-103264,412.0,50,51,1,2026-08-21T23:55:40+00:00
103267,2026-08-05,Shayhontohur,5,1290000,https://hata.uz/en/listings/object/kvartira-prodaetsya-5-44-51-na-zhk-nest-one-103267,161.0,44,51,1,2026-08-21T23:55:40+00:00
103269,2026-08-05,Shayhontohur,5,1290000,https://hata.uz/en/listings/object/kvartira-5-kom-zhk-nest-one-16127m2-shayhantahurskiy-r-n-tashkent-siti-103269,161.27,44,51,1,2026-08-21T23:55:40+00:00
103270,2026-08-05,Shayhontohur,5,1199970,https://hata.uz/en/listings/object/prodaetsya-zhk-gardens-residence-103270,250.0,7,8,1,2026-08-21T23:55:40+00:00
103274,2026-08-05,Shayhontohur,3,1200000,https://hata.uz/en/listings/object/prodaetsya-kvartira-novostroyka-zhk-boulevard-3kom-3etazh-vid-na-park-103274,218.0,3,7,1,2026-08-21T23:55:40+00:00
103277,2026-08-05,Shayhontohur,3,850000,https://hata.uz/en/listings/object/3-7-7-zhk-boulevard-tashkent-city-vid-na-park-103277,180.0,7,7,1,2026-08-21T23:55:40+00:00
103278,2026-08-05,Shayhontohur,3,850000,https://hata.uz/en/listings/object/3h-komnatnaya-kvartira-v-zhk-boulevard-residence-vid-na-tashkent-siti-103278,104.0,7,7,1,2026-08-21T23:55:40+00:00
103283,2026-08-05,Shayhontohur,6,1200000,https://hata.uz/en/listings/object/eksvlyuzivnaya-s-pryamym-vidom-na-park-zhk-boulevard-tashkent-city-103283,210.0,3,7,1,2026-08-21T23:55:40+00:00
103284,2026-08-05,Shayhontohur,3,850000,https://hata.uz/en/listings/object/prodaetsya-tashkent-siti-103284,107.0,7,7,1,2026-08-21T23:55:40+00:00
104418,2026-08-05,Chilonzor,3,1250,https://hata.uz/en/listings/object/chilanzar-3-kvartal-novostroyka-104418,88.0,8,10,1,2026-08-21T23:55:40+00:00
104504,2026-08-05,Chilonzor,2,1200,https://hata.uz/en/listings/object/chilanzar-1-zhk-vision-ot-neo-house-104504,52.0,5,11,1,2026-08-21T23:55:40+00:00
104648,2026-08-05,Chilonzor,1,16999,https://hata.uz/en/listings/object/chilonzor-ts-36m2-tsokolnyy-etazh-104648,36.0,1,8,1,2026-08-21T23:55:40+00:00
104678,2026-08-05,Chilonzor,1,14400,https://hata.uz/en/listings/object/farhod-bazor-oldida-minus-1-etazh-yarim-podval-32-m2-14400-104678,32.0,1,8,1,2026-08-21T23:55:40+00:00
104681,2026-08-05,Chilonzor,1,14400,https://hata.uz/en/listings/object/chilonzor-12-polu-podval-32-m2-14400-104681,32.0,1,8,1,2026-08-21T23:55:40+00:00
104682,2026-08-05,Chilonzor,2,17500,https://hata.uz/en/listings/object/novostroyka-toshkent-shahar-yangihaet-tumani-3-metro-bekati-104682,42.5,3,16,1,2026-08-21T23:55:40+00:00
104758,2026-08-05,Chilonzor,2,24000,https://hata.uz/en/listings/object/o-rikzor-rezidense-104758,60.0,15,16,1,2026-08-21T23:55:40+00:00
104763,2026-08-05,Chilonzor,3,20000,https://hata.uz/en/listings/object/navaystroyka-domni-dogovori-sotiladi-104763,94.0,4,5,1,2026-08-21T23:55:40+00:00
104815,2026-08-05,Chilonzor,2,33110,https://hata.uz/en/listings/object/srochna-navastroyka-104815,47.0,4,2,1,2026-08-21T23:55:40+00:00
104884,2026-08-05,Chilonzor,2,40000,https://hata.uz/en/listings/object/prodaja-novastroyka-hotam-moyka-104884,58.0,11,11,1,2026-08-21T23:55:40+00:00
104917,2026-08-05,Chilonzor,1,40000,https://hata.uz/en/listings/object/prodaetsya-novostroyka-1-7-9-yashnabadskiy-rayon-104917,30.0,7,9,1,2026-08-21T23:55:40+00:00
104918,2026-08-05,Chilonzor,2,36000,https://hata.uz/en/listings/object/chilanzar-23-kvartal-novostroyka-tsokolnyy-etazh-58m2-tsena-35000-tso-104918,58.0,1,8,1,2026-08-21T23:55:40+00:00
104933,2026-08-05,Chilonzor,1,41000,https://hata.uz/en/listings/object/srochno-novostroyka-charh-novza-1-4-12-orientir-aktepa-krug-104933,31.0,4,12,1,2026-08-21T23:55:40+00:00
104956,2026-08-05,Chilonzor,1,38000,https://hata.uz/en/listings/object/prodaetsya-kvartira-yangi-choshtepa-1-7-7-etazhali-dom-38000-104956,40.0,7,7,1,2026-08-21T23:55:40+00:00
104957,2026-08-05,Chilonzor,1,42000,https://hata.uz/en/listings/object/prodazha-navastroyka-dom-1-honali-kvartira-sotiladi-104957,41.0,1,7,1,2026-08-21T23:55:40+00:00
104958,2026-08-05,Chilonzor,1,42000,https://hata.uz/en/listings/object/prodazha-sergili-yangi-choshtepa-metroni-birinchi-bekatiga-yakin-1honalik-104958,40.0,8,9,1,2026-08-21T23:55:40+00:00
104959,2026-08-05,Chilonzor,1,39000,https://hata.uz/en/listings/object/yaangi-choshtepa-1-honali-kvartira-sotiladi-104959,37.0,7,7,1,2026-08-21T23:55:40+00:00
104960,2026-08-05,Chilonzor,1,42000,https://hata.uz/en/listings/object/prodazha-1-honali-kvartira-sotiladi-yangi-choshtepa-metroni-birinchi-bekat-104960,37.0,1,1,1,2026-08-21T23:55:40+00:00
105080,2026-08-21,Yashnobod,1,41000,https://hata.uz/en/listings/object/golden-house-oz-zamin-1-xonali-yangi-uy-30-m2-3-m2-biznes-klass-105080,30.0,13,15,1,2026-08-21T23:55:40+00:00
105098,2026-08-05,Chilonzor,1,45500,https://hata.uz/en/listings/object/novostroyka-1-4-10-srochno-prodaetsya-kvartira-105098,32.0,4,10,1,2026-08-21T23:55:40+00:00
105104,2026-08-05,Chilonzor,1,48000,https://hata.uz/en/listings/object/hakikiy-elon-novostroyka-chilonzor-nakkoshlikda-1honali-uzimni-uyim-s-105104,37.0,5,5,1,2026-08-21T23:55:40+00:00
105133,2026-08-05,Chilonzor,1,46500,https://hata.uz/en/listings/object/h-novostroyka-chilanzar-nakkoshlik-1v2-5-5-ortsingapurskiyevro-remont-105133,38.0,5,5,1,2026-08-21T23:55:40+00:00
105148,2026-08-05,Chilonzor,1,47000,https://hata.uz/en/listings/object/alleya-gagarina-1-2-4-kirpich-naprotiv-103-shkoly-chilonzor-2kv-105148,28.0,2,4,1,2026-08-21T23:55:40+00:00
105151,2026-08-05,Chilonzor,2,44000,https://hata.uz/en/listings/object/kvartira-sotiladi-2-hona-105151,60.0,9,16,1,2026-08-21T23:55:40+00:00
105165,2026-08-05,Chilonzor,1,46000,https://hata.uz/en/listings/object/prodam-chilanzar-8-novostroyka-1-5-7-105165,30.0,5,7,1,2026-08-21T23:55:40+00:00
105223,2026-08-05,Chilonzor,1,44900,https://hata.uz/en/listings/object/chilonzor-22-kvartal-105223,36.0,1,4,1,2026-08-21T23:55:40+00:00
105224,2026-08-05,Chilonzor,1,48000,https://hata.uz/en/listings/object/chilonzor-23kv-1xonali-novostroyka-uy-105224,36.0,8,8,1,2026-08-21T23:55:40+00:00
105227,2026-08-05,Chilonzor,1,45800,https://hata.uz/en/listings/object/sotiladi-choshtepa-1-honali-evro-remont-105227,38.0,7,9,1,2026-08-21T23:55:40+00:00
105238,2026-08-04,Sergeli,1,45000,https://hata.uz/en/listings/object/choshtepada-36kv-kvartira-srochna-sotiladi-105238,36.0,7,7,1,2026-08-21T23:55:40+00:00
105239,2026-08-04,Sergeli,1,45000,https://hata.uz/en/listings/object/novostroyka-svoyasergili-metro-3-bekat-105239,30.0,3,6,1,2026-08-21T23:55:40+00:00
105244,2026-08-04,Sergeli,2,46000,https://hata.uz/en/listings/object/prodaetsya-svoya-2-6-7-vozle-avto-rynoknovostroyka-105244,46.0,6,7,1,2026-08-21T23:55:40+00:00
105283,2026-08-04,Olmazor,1,48000,https://hata.uz/en/listings/object/sagbon-kvartira-karobka-kvartira-karobka-105283,51.8,4,10,1,2026-08-21T23:55:40+00:00
105322,2026-08-05,Chilonzor,2,50000,https://hata.uz/en/listings/object/srochni-kvartira-sotiladi-navastroyka-2hona-evro-chilonzor-midiya-park-105322,54.0,1,10,1,2026-08-21T23:55:40+00:00
105417,2026-08-05,Chilonzor,1,50500,https://hata.uz/en/listings/object/chilanzar-2-kvartal-1v2-4-4-evro-105417,30.0,4,4,1,2026-08-21T23:55:40+00:00
105440,2026-08-04,Sergeli,2,50000,https://hata.uz/en/listings/object/sergeli-straitelda-dom-sotiladi-105440,46.0,9,7,1,2026-08-21T23:55:40+00:00
105445,2026-08-04,Sergeli,2,52000,https://hata.uz/en/listings/object/sergeli-kvartira-2-hona-105445,43.0,7,7,1,2026-08-21T23:55:40+00:00
105470,2026-08-04,Sergeli,2,51000,https://hata.uz/en/listings/object/pradayotsya-kvartira-sergeli-6-a-105470,49.0,1,7,1,2026-08-21T23:55:40+00:00
105516,2026-08-04,Olmazor,1,52000,https://hata.uz/en/listings/object/kvartira-sotiladi-105516,36.0,8,9,1,2026-08-21T23:55:40+00:00
105536,2026-08-05,Chilonzor,1,56000,https://hata.uz/en/listings/object/uspey-vtorichka-1-1-4-evro-30m2-or-metro-mirzo-ulugbek-torgovyy-tsentr-105536,30.0,1,4,1,2026-08-21T23:55:40+00:00
105550,2026-08-05,Chilonzor,1,53000,https://hata.uz/en/listings/object/chlonzor-14-afruz-choraha-yaqn-srochna-sotiladi-105550,44.0,7,9,1,2026-08-21T23:55:40+00:00
105558,2026-08-05,Chilonzor,1,54000,https://hata.uz/en/listings/object/vtorichka-30m2-1v2-kom-evro-remont-or-r-metro-novza-chilanzar-5-105558,30.0,4,4,1,2026-08-21T23:55:40+00:00
105566,2026-08-05,Chilonzor,1,55000,https://hata.uz/en/listings/object/idealnaya-kvartira-srochno-chilanzarskiy-r-n-1kom-kv-105566,45.0,3,4,1,2026-08-21T23:55:40+00:00
105576,2026-08-05,Chilonzor,1,55000,https://hata.uz/en/listings/object/h-uchtepa-literaturnyy-1-2-10-novostroykaortkokcha-oktepaprodaetsya-105576,42.0,2,10,1,2026-08-21T23:55:40+00:00
105600,2026-08-05,Chilonzor,1,58000,https://hata.uz/en/listings/object/h-novostroyka-chilanzar-7-kvartal-1v2-5-7-orthaytek-mechetprodaetsya-105600,42.0,5,7,1,2026-08-21T23:55:40+00:00
105617,2026-08-05,Chilonzor,1,58000,https://hata.uz/en/listings/object/prodam-1-4-8-23-kvartal-novostroyka-105617,38.0,4,8,1,2026-08-21T23:55:40+00:00
105622,2026-08-05,Chilonzor,1,57000,https://hata.uz/en/listings/object/34-kvm-1-komn-2-9-chilanzar-zhk-prime-towers-metro-ryadom-105622,34.0,2,9,1,2026-08-21T23:55:40+00:00
105632,2026-08-05,Chilonzor,1,57000,https://hata.uz/en/listings/object/h-novostroyka-1-2-9-chilanzar-6-kvartalmetro-mulugbek-400-metr-105632,34.0,2,9,1,2026-08-21T23:55:40+00:00
105645,2026-08-05,Chilonzor,1,56900,https://hata.uz/en/listings/object/chilanzor-14-kv-1-xona-sotiladi-arzon-narxda-105645,45.0,1,10,1,2026-08-21T23:55:40+00:00
105648,2026-08-05,Chilonzor,2,58500,https://hata.uz/en/listings/object/sergeli-darhan-1-2-3-16-novostroyka-s-balkonom-15-6mariya-105648,65.0,3,16,1,2026-08-21T23:55:40+00:00
105649,2026-08-05,Chilonzor,1,58300,https://hata.uz/en/listings/object/uzimni-uyim-chilonzor-14-kv-1-1-9-evro-remont-novostroyka-105649,46.0,1,9,1,2026-08-21T23:55:40+00:00
105650,2026-08-05,Chilonzor,1,58380,https://hata.uz/en/listings/object/chilanzar-19-novostroyka-orentir-zapravka-12-4-12-556-m2-105650,55.0,4,12,1,2026-08-21T23:55:40+00:00
105658,2026-08-05,Chilonzor,1,57000,https://hata.uz/en/listings/object/1-k-kvartira-34-m2-v-zhk-prime-towers-ryadom-s-metro-mirzo-ulugbek-105658,34.0,2,9,1,2026-08-21T23:55:40+00:00
105759,2026-08-05,Chilonzor,2,65000,https://hata.uz/en/listings/object/kvartira-sotiladi-105759,60.0,3,17,1,2026-08-21T23:55:40+00:00
105811,2026-08-05,Chilonzor,3,62000,https://hata.uz/en/listings/object/kvartira-sotiladi-izzada-uch-tepa-tuman-105811,74.0,3,3,1,2026-08-21T23:55:40+00:00
105827,2026-08-05,Shayhontohur,3,62800,https://hata.uz/en/listings/object/srochno-srochno-sergili-avtobozor-sugdiyona-uy-ozimniki-105827,78.0,1,3,1,2026-08-21T23:55:40+00:00
105847,2026-08-05,Shayhontohur,2,65000,https://hata.uz/en/listings/object/prodaetsya-kvartira-dream-house-105847,58.0,8,10,1,2026-08-21T23:55:40+00:00
105854,2026-08-04,Sergeli,2,62000,https://hata.uz/en/listings/object/sergili-6-a-2-hona-53-kv-remonti-yahshi-105854,52.9,2,7,1,2026-08-21T23:55:40+00:00
105857,2026-08-04,Sergeli,2,65000,https://hata.uz/en/listings/object/prodaetsya-kvartira-105857,40.0,3,7,1,2026-08-21T23:55:40+00:00
105858,2026-08-04,Sergeli,2,62000,https://hata.uz/en/listings/object/kvartira-sotiladi-105858,54.0,3,7,1,2026-08-21T23:55:40+00:00
105863,2026-08-04,Sergeli,3,65000,https://hata.uz/en/listings/object/srochni-uy-sotiladi-105863,74.0,6,7,1,2026-08-21T23:55:40+00:00
105870,2026-08-04,Sergeli,2,62000,https://hata.uz/en/listings/object/yangihatot-tumani-yangi-darxon-da-2-xonali-uy-sotiladi-105870,69.0,14,16,1,2026-08-21T23:55:40+00:00
105875,2026-08-04,Sergeli,3,65000,https://hata.uz/en/listings/object/srochna-green-house-metro-sergeli-yangixayot-105875,57.0,7,10,1,2026-08-21T23:55:40+00:00
105882,2026-08-04,Sergeli,3,65000,https://hata.uz/en/listings/object/prodaetsya-novostroyka-3-3-7-60m2-kuylyuk-ota-105882,60.0,3,7,1,2026-08-21T23:55:40+00:00
105888,2026-08-04,Sergeli,3,65000,https://hata.uz/en/listings/object/yangi-haet-metro-3-bekat-enida-3-2-7-tezda-sotiladi-65000-105888,60.0,2,7,1,2026-08-21T23:55:40+00:00
105956,2026-08-05,Chilonzor,3,69000,https://hata.uz/en/listings/object/3-6-6chilanzar-23-srochno-prodaetsya-kvartira-v-novostroyke-105956,72.0,6,6,1,2026-08-21T23:55:40+00:00
105986,2026-08-05,Chilonzor,2,77500,https://hata.uz/en/listings/object/chilanzar-23-kvl-2-3-6-novostroyka-farhadskiy-kirpichnyy-dom-tl-105986,49.0,3,6,1,2026-08-21T23:55:40+00:00
106032,2026-08-05,Chilonzor,2,72000,https://hata.uz/en/listings/object/novostroyka-2v3-kom-60m2-evro-remont-or-r-chilanzar-kvartal-14-106032,60.0,4,4,1,2026-08-21T23:55:40+00:00
106051,2026-08-05,Chilonzor,3,75500,https://hata.uz/en/listings/object/h-novostroyka-3-2-4-chilanzar-21-kvartalortideal-marketevro-remont-106051,60.0,2,4,1,2026-08-21T23:55:40+00:00
106068,2026-08-05,Chilonzor,2,76000,https://hata.uz/en/listings/object/novostroyka-2-komnaty-kadastr-est-chilanzar-3-kvartal-metro-hamza-106068,69.0,9,9,1,2026-08-21T23:55:40+00:00
106160,2026-08-04,Sergeli,3,72000,https://hata.uz/en/listings/object/sergili-7-g-24-6-etazh-9-kavatli-106160,84.0,6,9,1,2026-08-21T23:55:40+00:00
106200,2026-08-05,Chilonzor,3,82000,https://hata.uz/en/listings/object/90-m2-korobka-3-komnaty-prokurorskaya-novostroyka-10-etazh-106200,90.0,10,10,1,2026-08-21T23:55:40+00:00
106241,2026-08-05,Chilonzor,2,80000,https://hata.uz/en/listings/object/alleya-gagarina-2-komnaty-60m2-s-remontom-vysokopotolochka-106241,60.0,2,4,1,2026-08-21T23:55:40+00:00
106244,2026-08-05,Chilonzor,2,86000,https://hata.uz/en/listings/object/novostroyka-metro-chilanzar-10-kvartal-2v3-2-8-10-evro-upakovka-prodayu-106244,55.0,2,8,1,2026-08-21T23:55:40+00:00
106269,2026-08-05,Chilonzor,2,85000,https://hata.uz/en/listings/object/srochno-prodaetsya-2-kom-novostroyka-oktera-sohil-buy-106269,60.0,9,9,1,2026-08-21T23:55:40+00:00
106395,2026-08-05,Chilonzor,3,95000,https://hata.uz/en/listings/object/novza-metro-hamza-torgovyy-tsentr-chilanzar-3-kvartal-aleya-gagarina-106395,93.0,10,10,1,2026-08-21T23:55:40+00:00
106423,2026-08-05,Chilonzor,2,99500,https://hata.uz/en/listings/object/novostroyka-eshlik-2komn-64m2-s-obstanovkoy-106423,64.0,8,9,1,2026-08-21T23:55:40+00:00
106428,2026-08-05,Chilonzor,3,96000,https://hata.uz/en/listings/object/novostroyka-chilanzar-3-kvartal-3-10-10-93m2-orr-prokuratura-106428,93.0,10,10,1,2026-08-21T23:55:40+00:00
106436,2026-08-05,Chilonzor,3,97000,https://hata.uz/en/listings/object/novostroyka-chilanzar-3-kirpich-3-10-10-orientir-metro-hamza-106436,93.0,10,10,1,2026-08-21T23:55:40+00:00
106445,2026-08-05,Chilonzor,3,99500,https://hata.uz/en/listings/object/novostroyka-65m2-zhk-eshlik-2-8-9-evroremont-upakovka-prodaetsya-106445,65.0,8,9,1,2026-08-21T23:55:40+00:00
106456,2026-08-05,Chilonzor,3,89000,https://hata.uz/en/listings/object/h-aktepa-baynalminal-3-2-10-ortulitsa-seulnovostroykaevro-remont-106456,45.0,2,10,1,2026-08-21T23:55:40+00:00
106457,2026-08-05,Chilonzor,3,88800,https://hata.uz/en/listings/object/h-chilanzar-8-kvartal-3-7-7-ortkarzinkaevro-remontbalkonest-106457,75.0,7,7,1,2026-08-21T23:55:40+00:00
106467,2026-08-05,Chilonzor,4,122000,https://hata.uz/en/listings/object/srochno-prodaetsiya-kvartira-na-parkentskiy-106467,130.0,7,8,1,2026-08-21T23:55:40+00:00
106487,2026-08-05,Chilonzor,3,125000,https://hata.uz/en/listings/object/novostroyka-3-komnatnaya-chilanzar-ts-kvartal-75m2-evro-remont-106487,75.0,4,8,1,2026-08-21T23:55:40+00:00
106488,2026-08-05,Chilonzor,3,125000,https://hata.uz/en/listings/object/top-lokatsiya-kvartira-v-zhk-humo-3-4-8-evro-rem-75m2-or-r-ulkatartal-106488,75.0,4,8,1,2026-08-21T23:55:40+00:00
106489,2026-08-05,Chilonzor,3,110000,https://hata.uz/en/listings/object/srochno-prodaetsya-yakkasaroy-golden-house-3-3-5-novostroyka-106489,75.0,3,5,1,2026-08-21T23:55:40+00:00
106490,2026-08-05,Chilonzor,2,120000,https://hata.uz/en/listings/object/nrg-park-prodaetsya-2-komnatnaya-kvartira-remont-park-gafura-gulyama-106490,47.0,8,10,1,2026-08-21T23:55:40+00:00
106506,2026-08-05,Chilonzor,3,110000,https://hata.uz/en/listings/object/prodam-novostroyka-treh-komnatnaya-baynal-minal-106506,105.0,10,10,1,2026-08-21T23:55:40+00:00
106507,2026-08-05,Chilonzor,3,120000,https://hata.uz/en/listings/object/prodayu-novostroyka-chilanzar-3-7-9-m-hamza-106507,70.0,7,9,1,2026-08-21T23:55:40+00:00
106509,2026-08-05,Chilonzor,3,110000,https://hata.uz/en/listings/object/prodaetsya-novostroyka-3-10-10-105kvm-106509,105.0,10,10,1,2026-08-21T23:55:40+00:00
106513,2026-08-05,Chilonzor,4,125000,https://hata.uz/en/listings/object/110m2-ts-kvartal-novostroyka-2-2-1-8-korobka-vblizi-metro-prodaetsya-106513,110.0,1,8,1,2026-08-21T23:55:40+00:00
106537,2026-08-05,Chilonzor,3,120000,https://hata.uz/en/listings/object/h-novostroyka-3-7-9-chilanzar-3-kvartalorthamza-metroevromeb-teh-106537,70.0,7,9,1,2026-08-21T23:55:40+00:00
106548,2026-08-05,Chilonzor,3,110001,https://hata.uz/en/listings/object/prodaetsya-novostroyka-baynalminal-106548,105.0,10,10,1,2026-08-21T23:55:40+00:00
106553,2026-08-05,Chilonzor,3,125000,https://hata.uz/en/listings/object/novostroyka-3-komnatnaya-chilanzar-ts-kvartal-novyy-remont-75m2-106553,75.0,4,8,1,2026-08-21T23:55:40+00:00
106562,2026-08-05,Chilonzor,3,110500,https://hata.uz/en/listings/object/chilanzar-8-kvartal-3-6-7-novostroyka-s-kadastrom-106562,70.3,6,7,1,2026-08-21T23:55:40+00:00
106565,2026-08-05,Chilonzor,3,135000,https://hata.uz/en/listings/object/chilanzar-lutfiy-mahalya-novostroyka-3-4-7-evro-mebel-tehnika-tr-106565,72.0,4,7,1,2026-08-21T23:55:40+00:00
106567,2026-08-05,Chilonzor,3,125000,https://hata.uz/en/listings/object/super-lokatsiya-zhk-humo-3-4-8-evro-rem-7m2-or-r-ts-kvartal-ulkatartal-106567,75.0,4,8,1,2026-08-21T23:55:40+00:00
106570,2026-08-05,Chilonzor,3,131999,https://hata.uz/en/listings/object/bunyodkor-residenc-3-6-10-evro-kvartira-85m-chilanzar-srochno-prodaetsya-106570,85.0,6,10,1,2026-08-21T23:55:40+00:00
106572,2026-08-05,Chilonzor,4,130000,https://hata.uz/en/listings/object/srochno-prodaetsya-kvartira-4-9-9-v-tsentre-106572,100.0,9,9,1,2026-08-21T23:55:40+00:00
106620,2026-08-05,Chilonzor,3,137000,https://hata.uz/en/listings/object/v1317-prodaetsya-3-4-7-93m2-chilanzar-106620,93.0,4,7,1,2026-08-21T23:55:40+00:00
106621,2026-08-05,Chilonzor,3,120000,https://hata.uz/en/listings/object/v1327-prodaetsya-3-7-9-70m2-chilanzar-106621,70.0,7,9,1,2026-08-21T23:55:40+00:00
106628,2026-08-05,Yakkasaroy,3,135000,https://hata.uz/en/listings/object/zhk-dream-house-prodaetsya-3h-kom-v-novostroyke-106628,80.0,1,10,1,2026-08-21T23:55:40+00:00
106629,2026-08-05,Yakkasaroy,2,120000,https://hata.uz/en/listings/object/prodaetsya-evro-2h-kom-zhk-zarafshan-city-ulbobura-106629,51.0,3,12,1,2026-08-21T23:55:40+00:00
106630,2026-08-05,Yakkasaroy,2,123000,https://hata.uz/en/listings/object/prodaetsya-2h-kom-kvartira-zhk-dream-house-or-r-8y-roddom-75-m2-106630,75.0,8,10,1,2026-08-21T23:55:40+00:00
106631,2026-08-05,Yakkasaroy,3,110000,https://hata.uz/en/listings/object/3-1-9-zhk-solaris-yakkasarayskiy-rayon-106631,105.0,1,9,1,2026-08-21T23:55:40+00:00
106634,2026-08-05,Yakkasaroy,3,140000,https://hata.uz/en/listings/object/prodaetsya-3-komnatnaya-kvartirayakkasarayskiy-rayon-novostroyka-106634,106.0,2,7,1,2026-08-21T23:55:40+00:00
106636,2026-08-05,Yakkasaroy,3,120000,https://hata.uz/en/listings/object/prodaetsya-3-7-12-novostroyka-zhk-askiya-city-106636,127.0,7,12,1,2026-08-21T23:55:40+00:00
106641,2026-08-05,Yakkasaroy,3,134999,https://hata.uz/en/listings/object/srochno-gorit-dream-house-3kom-80m2-8-y-roddom-podklyuch-arzon-106641,80.0,1,9,1,2026-08-21T23:55:40+00:00
106644,2026-08-05,Yakkasaroy,2,140000,https://hata.uz/en/listings/object/prodaetsya-2-h-komnatnaya-kvartira-v-zhk-piramit-tower-59m2-106644,59.0,23,47,1,2026-08-21T23:55:40+00:00
106645,2026-08-05,Yakkasaroy,3,120000,https://hata.uz/en/listings/object/prodam-3-7-12-zhk-askiya-siti-korobka-s-kadastrom-106645,127.0,7,12,1,2026-08-21T23:55:40+00:00
106646,2026-08-05,Yakkasaroy,3,135000,https://hata.uz/en/listings/object/eco-house-prodaetsya-3-komnatnaya-kvartira-remont-ulshota-rustaveli-106646,101.2,9,10,1,2026-08-21T23:55:40+00:00
106651,2026-08-05,Yakkasaroy,3,125000,https://hata.uz/en/listings/object/novostroyka-eko-haus-yakkasaray-3-8-10-106651,70.0,8,10,1,2026-08-21T23:55:40+00:00
106654,2026-08-05,Yakkasaroy,4,130000,https://hata.uz/en/listings/object/moderno-4-11-12-kvartira-korobka-141m2-80-terrasa-yakkasaray-106654,141.0,11,12,1,2026-08-21T23:55:40+00:00
106655,2026-08-05,Yakkasaroy,2,140000,https://hata.uz/en/listings/object/prodam-zhk-piramit-tover-106655,66.0,39,49,1,2026-08-21T23:55:40+00:00
106657,2026-08-05,Yakkasaroy,4,130000,https://hata.uz/en/listings/object/prodaetsya-4-komnatnaya-kv-novostroyka-kaldirgoch-ploschad-134m2-106657,134.0,3,13,1,2026-08-21T23:55:40+00:00
106658,2026-08-05,Yakkasaroy,2,115000,https://hata.uz/en/listings/object/zhk-zarafshon-city-ulbobura-2h-komnatnaya-evroremont-ukomplektovana-106658,51.0,5,14,1,2026-08-21T23:55:40+00:00
106659,2026-08-05,Yakkasaroy,3,125000,https://hata.uz/en/listings/object/novostroyka-3-komnatnaya-evroremont-podklyuch-shota-rustaveli-tekstilnyy-106659,70.0,8,10,1,2026-08-21T23:55:40+00:00
106662,2026-08-05,Yakkasaroy,3,139000,https://hata.uz/en/listings/object/prodam-zh-k-dream-house-ul-glinka-106662,72.0,6,10,1,2026-08-21T23:55:40+00:00
106664,2026-08-05,Yakkasaroy,3,135000,https://hata.uz/en/listings/object/dream-house-3-komn-80-m2-evro-remont-1-9-8-y-roddom-106664,80.0,1,9,1,2026-08-21T23:55:40+00:00
106666,2026-08-05,Yakkasaroy,3,122000,https://hata.uz/en/listings/object/mvd-novostroyka-3-komn-76-m2-evro-skvoznaya-11-16-tsentr-106666,76.0,11,16,1,2026-08-21T23:55:40+00:00
106670,2026-08-05,Yakkasaroy,3,125000,https://hata.uz/en/listings/object/eko-haus-yakkasaray-podklyuch-tsentr-70m2-lshota-rustaveli-mukimiy-most-106670,65.0,8,10,1,2026-08-21T23:55:40+00:00
106676,2026-08-05,Yakkasaroy,2,140000,https://hata.uz/en/listings/object/ochen-srochno-prodaetsya-66m2-piramid-39-etazh-vid-na-nuksskuyu-ulitsu-106676,66.0,39,48,1,2026-08-21T23:55:40+00:00
106685,2026-08-05,Yakkasaroy,3,137000,https://hata.uz/en/listings/object/zhk-navruz-3-komnatnaya-evroremont-pod-klyuch-shota-rustaveli-yakkasaray-106685,75.0,6,12,1,2026-08-21T23:55:40+00:00
106705,2026-08-05,Chilonzor,5,155000,https://hata.uz/en/listings/object/novostroyka-zhk-eshanguzar-siti-5-ti-komnatnaya-kvartira-205m2-106705,205.0,9,10,1,2026-08-21T23:55:40+00:00
106707,2026-08-05,Chilonzor,3,145000,https://hata.uz/en/listings/object/prodaetsya-kvartira-zhk-green-city-ot-zastroyschika-murad-buildings-106707,80.0,2,5,1,2026-08-21T23:55:40+00:00
106709,2026-08-05,Chilonzor,5,190000,https://hata.uz/en/listings/object/prodaetsya-shikarnaya-5ti-komnatnaya-kvartira-chilanzar-novostroykanovza-106709,128.0,4,7,1,2026-08-21T23:55:40+00:00
106720,2026-08-05,Chilonzor,3,150000,https://hata.uz/en/listings/object/novostroyka-metro-mirzo-ulugbek-3-6-8-s-evro-remontom-i-obstanovkoy-106720,96.0,6,8,1,2026-08-21T23:55:40+00:00
106722,2026-08-05,Chilonzor,7,174000,https://hata.uz/en/listings/object/jk-uchtepa-garden-7-1-7-dubleks-182-kv-tayyor-remont-106722,182.0,1,7,1,2026-08-21T23:55:40+00:00
106740,2026-08-05,Chilonzor,4,195000,https://hata.uz/en/listings/object/zhk-british-house-4-4-7-evro-polnostyu-upakovana-tr-106740,122.5,4,7,1,2026-08-21T23:55:40+00:00
106759,2026-08-05,Chilonzor,3,151000,https://hata.uz/en/listings/object/n5014-chilonzor-tumani-novostroyka-3-4-7-106759,93.0,4,7,1,2026-08-21T23:55:40+00:00
106760,2026-08-05,Chilonzor,2,171000,https://hata.uz/en/listings/object/n5013-chilonzor-tumani-novostroyka-j-k-nrg-park-2-4-10-106760,70.0,4,10,1,2026-08-21T23:55:40+00:00
106761,2026-08-05,Chilonzor,2,171000,https://hata.uz/en/listings/object/n5012-chilonzor-tumani-j-k-nrg-park-novostroyka-2-7-10-106761,70.0,7,10,1,2026-08-21T23:55:40+00:00
106785,2026-08-05,Chilonzor,5,180000,https://hata.uz/en/listings/object/novostroyka-chilanzar-14-218m2srochno-uspeyte-106785,220.0,1,10,1,2026-08-21T23:55:40+00:00
106791,2026-08-05,Chilonzor,5,185000,https://hata.uz/en/listings/object/novostroyka-dupleks-kirpich-5-1-9-meb-teh-orientir-atlant-106791,218.0,1,9,1,2026-08-21T23:55:40+00:00
106803,2026-08-05,Chilonzor,3,280000,https://hata.uz/en/listings/object/nrg-park-105-kv-280000-106803,105.0,7,10,1,2026-08-21T23:55:40+00:00
106863,2026-08-05,Yakkasaroy,3,235000,https://hata.uz/en/listings/object/zhk-skyline-towers-3-2-14-76kvm-evro-remont-so-vsemi-udobstvami-106863,76.0,2,14,1,2026-08-21T23:55:40+00:00
106864,2026-08-05,Yakkasaroy,3,230000,https://hata.uz/en/listings/object/shota-rustaveli-novostroyka-3-6-8-160kvm-evro-remont-s-mebelyu-i-tehni-106864,160.0,6,8,1,2026-08-21T23:55:40+00:00
106866,2026-08-05,Yakkasaroy,3,170000,https://hata.uz/en/listings/object/zhk-white-house-3-6-7-81kvm-evro-remont-srochno-106866,81.0,6,7,1,2026-08-21T23:55:40+00:00
106868,2026-08-05,Yakkasaroy,4,177000,https://hata.uz/en/listings/object/zhk-glinka-premium-nukusskaya-ulglinka-byvgai-127-kvm-10-11-106868,127.5,10,11,1,2026-08-21T23:55:40+00:00
106870,2026-08-05,Yakkasaroy,4,170000,https://hata.uz/en/listings/object/family-house-yakkasaray-podklyuch-8roddom-ploschad-101-m2-evro-106870,101.0,5,10,1,2026-08-21T23:55:40+00:00
106871,2026-08-05,Yakkasaroy,4,160000,https://hata.uz/en/listings/object/novostroyka-zhk-madrid-yakkasarayskiy-rayon-106871,90.0,4,10,1,2026-08-21T23:55:40+00:00
106874,2026-08-05,Yakkasaroy,3,150000,https://hata.uz/en/listings/object/zhk-bobur-elit-3-komnaty-72m2-novyy-remont-yakkasarayskiy-rayon-106874,72.0,3,9,1,2026-08-21T23:55:40+00:00
106875,2026-08-05,Yakkasaroy,4,241600,https://hata.uz/en/listings/object/srochno-arzon-dream-house-4kom-302m2-dupleks-8-roddom-podklyuch-106875,302.0,9,10,1,2026-08-21T23:55:40+00:00
106877,2026-08-05,Yakkasaroy,4,175000,https://hata.uz/en/listings/object/prodaetsya-kvartira-v-novostroyke-196m2-or-r-yakkasaray-toyhona-106877,196.0,6,6,1,2026-08-21T23:55:40+00:00
106878,2026-08-05,Yakkasaroy,4,255999,https://hata.uz/en/listings/object/srochno-yakkasaray-evro-4kom-187m2-ulitsa-nukusskaya-sofiya-arzon-106878,187.0,2,9,1,2026-08-21T23:55:40+00:00
106880,2026-08-05,Yakkasaroy,4,194500,https://hata.uz/en/listings/object/prodaetsya-4h-kom-kvartira-zhk-prestizh-gardens-or-r-yuzhnyy-vokzal90m2-106880,90.0,7,14,1,2026-08-21T23:55:40+00:00
106883,2026-08-05,Yakkasaroy,3,219000,https://hata.uz/en/listings/object/prodaetsya-3-6-8-160m2-v-novostroyke-na-ul-shota-rustaveli-106883,160.0,6,8,1,2026-08-21T23:55:40+00:00
106884,2026-08-05,Yakkasaroy,4,199999,https://hata.uz/en/listings/object/dream-house-4-6-10-110m2-orientir-glinka-8-roddom-srochno-106884,110.0,6,10,1,2026-08-21T23:55:40+00:00
106890,2026-08-05,Yakkasaroy,4,230000,https://hata.uz/en/listings/object/4-3-6-novostroyka-yakkasarayskiy-rayon-ul-abdully-kaharra-150-m2-106890,150.0,3,6,1,2026-08-21T23:55:40+00:00
106893,2026-08-05,Yakkasaroy,2,150000,https://hata.uz/en/listings/object/prodaetsya-2-h-komnatnaya-kvartira-v-zhk-piramit-tower-69m2-106893,69.0,40,47,1,2026-08-21T23:55:40+00:00
106898,2026-08-05,Yakkasaroy,3,185000,https://hata.uz/en/listings/object/nekst-yakkasaray-s-remontom-podklyuch-studiya-78m2-3h-kom-seoul-mun-106898,78.0,2,10,1,2026-08-21T23:55:40+00:00
106900,2026-08-05,Yakkasaroy,4,155000,https://hata.uz/en/listings/object/milano-yakkasaray-bezrem-tsentr-8roddom-ploschad-134-m2-106900,134.0,7,10,1,2026-08-21T23:55:40+00:00
106901,2026-08-05,Yakkasaroy,3,145000,https://hata.uz/en/listings/object/3-4-9-dream-house-yakkasarayskiy-rayon-106901,75.0,4,9,1,2026-08-21T23:55:40+00:00
106930,2026-08-05,Chilonzor,3,533000,https://hata.uz/en/listings/object/zhk-nrg-park-gafur-gulyam-prodaetsya-kvartira-3h-kom-129m2-106930,129.0,10,10,1,2026-08-21T23:55:40+00:00
106931,2026-08-05,Chilonzor,3,499210,https://hata.uz/en/listings/object/zhk-nrg-park-prodaetsya-kvartira-3h-kom-128m2-gafur-gulyam-106931,128.0,10,10,1,2026-08-21T23:55:40+00:00
106951,2026-08-05,Chilonzor,5,340000,https://hata.uz/en/listings/object/prodam-5-ti-komnatnaya-340m2-dupleks-zhk-eshanguzar-siti-106951,340.0,9,10,1,2026-08-21T23:55:40+00:00
106977,2026-08-05,Chilonzor,3,533000,https://hata.uz/en/listings/object/prodazha-kvartiry-penthaus-v-zhk-nrg-park-106977,194.0,10,10,1,2026-08-21T23:55:40+00:00
106989,2026-08-05,Chilonzor,4,450000,https://hata.uz/en/listings/object/nrg-park-4-komnaty-evroremont-130m2-106989,130.0,5,10,1,2026-08-21T23:55:40+00:00
107067,2026-08-05,Yakkasaroy,4,415000,https://hata.uz/en/listings/object/prodam-zhk-seul-muun-or-tts-neht-107067,162.0,4,10,1,2026-08-21T23:55:40+00:00
107069,2026-08-05,Yakkasaroy,3,470000,https://hata.uz/en/listings/object/prodaetsya-3-h-komnatnaya-kvartira-v-zhk-kislorod-145m2-107069,145.0,2,16,1,2026-08-21T23:55:40+00:00
107072,2026-08-05,Yakkasaroy,4,405000,https://hata.uz/en/listings/object/3-7-7-grand-mir-otel-gabus-gostinitsa-rossiya-oybek-208m-gosp-107072,208.0,7,7,1,2026-08-21T23:55:40+00:00
107077,2026-08-05,Yakkasaroy,4,360000,https://hata.uz/en/listings/object/lyuks-kvartira-zhk-madrid-4-9-9-220m2-or-r-mukimi-most-piramit-bon-107077,220.0,9,9,1,2026-08-21T23:55:40+00:00
107081,2026-08-05,Yakkasaroy,4,415000,https://hata.uz/en/listings/object/4-komnatnaya-zhk-seoul-mun-107081,162.0,4,10,1,2026-08-21T23:55:40+00:00
107084,2026-08-05,Yakkasaroy,4,330000,https://hata.uz/en/listings/object/prodam-kvartiru-novostroyke-zhk-via-port-4-6-7-126m2-107084,126.0,6,7,1,2026-08-21T23:55:40+00:00
107086,2026-08-05,Yakkasaroy,5,470000,https://hata.uz/en/listings/object/novostroyka-5-2-6-or-r-restoran-yakkasaray-200m2-remont-107086,200.0,2,6,1,2026-08-21T23:55:40+00:00
107100,2026-08-05,Yakkasaroy,4,400000,https://hata.uz/en/listings/object/4-h-komnatnyy-gabus-na-glinke-prmium-id-3812-107100,220.0,6,8,1,2026-08-21T23:55:40+00:00
107101,2026-08-05,Yakkasaroy,4,400000,https://hata.uz/en/listings/object/4-h-komnatnyy-gabus-ul-nukusskaya-prodayu-s-arendatorom-id-3812-107101,220.0,6,8,1,2026-08-21T23:55:40+00:00
107105,2026-08-05,Yakkasaroy,4,460000,https://hata.uz/en/listings/object/prodam-gabus-metro-oybek-107105,173.0,4,8,1,2026-08-21T23:55:40+00:00
107106,2026-08-05,Yakkasaroy,4,415000,https://hata.uz/en/listings/object/prodam-tts-seul-muun-or-neht-tts-107106,162.0,4,10,1,2026-08-21T23:55:40+00:00
107113,2026-08-05,Yakkasaroy,4,460000,https://hata.uz/en/listings/object/zhk-felicita-4-komnatnaya-228m2-korobka-na-3-etazhe-107113,228.0,3,6,1,2026-08-21T23:55:40+00:00
107115,2026-08-05,Yakkasaroy,5,289900,https://hata.uz/en/listings/object/novostroyka-5-kom-s-terrasoy-zhk-rakat-107115,155.0,8,8,1,2026-08-21T23:55:40+00:00
107116,2026-08-05,Yakkasaroy,3,340000,https://hata.uz/en/listings/object/kvartira-prodaetsya-3-43-47-na-zhk-piramit-tower-107116,105.0,43,47,1,2026-08-21T23:55:40+00:00
111130,2026-08-04,Sergeli,2,45000,https://hata.uz/en/listings/object/kumarik-zhk-tower-up-2-16-16-novostroyka-55kvm-111130,55.0,16,16,1,2026-08-21T23:55:40+00:00
111138,2026-08-04,Sergeli,2,40000,https://hata.uz/en/listings/object/prodaetsya-2h-komnatnyy-dom-v-obschem-dvore-111138,52.0,1,1,1,2026-08-21T23:55:40+00:00
111291,2026-08-04,Sergeli,2,53000,https://hata.uz/en/listings/object/17-000-boshlangich-tulovga-2-honali-uy-sotiladi-111291,60.0,11,16,1,2026-08-21T23:55:40+00:00
111354,2026-08-04,Sergeli,3,53900,https://hata.uz/en/listings/object/sputnik-16-a-3-hona-111354,92.0,16,17,1,2026-08-21T23:55:40+00:00
111403,2026-08-04,Sergeli,3,52000,https://hata.uz/en/listings/object/sergili-stroitelda-55mkv-ipotekaga-mumkin-111403,55.0,8,9,1,2026-08-21T23:55:40+00:00
111447,2026-08-05,Chilonzor,1,54500,https://hata.uz/en/listings/object/svoya-novostroyka-chilanzar-14-1-1-9-42m2-srochno-111447,44.0,1,9,1,2026-08-21T23:55:40+00:00
111490,2026-08-05,Chilonzor,3,50000,https://hata.uz/en/listings/object/srochna-50000-111490,64.3,2,9,1,2026-08-21T23:55:40+00:00
111527,2026-08-04,Sergeli,2,55000,https://hata.uz/en/listings/object/bez-makler-yangi-darhon-3-627kv-2-6-16-podklyuch-2-metroga-yakin-111527,63.0,6,16,1,2026-08-21T23:55:40+00:00
111537,2026-08-04,Sergeli,2,55000,https://hata.uz/en/listings/object/sergelida-2-hona-uy-111537,50.0,2,7,1,2026-08-21T23:55:40+00:00
111586,2026-08-04,Sergeli,2,56500,https://hata.uz/en/listings/object/subsidiyaga-novostroyka-2-2-16-sergeli-bobur-mfy-111586,57.2,2,16,1,2026-08-21T23:55:40+00:00
111644,2026-08-04,Sergeli,2,60000,https://hata.uz/en/listings/object/toshkent-shahar-2-xonali-uy-sotiladi-111644,57.0,8,16,1,2026-08-21T23:55:40+00:00
111732,2026-08-04,Sergeli,3,59500,https://hata.uz/en/listings/object/yangi-hayot-tumani-5a-da-kvartira-sotiladi-bank-orqali-ham-sotiladi-111732,57.0,7,7,1,2026-08-21T23:55:40+00:00
111821,2026-08-04,Sergeli,2,69000,https://hata.uz/en/listings/object/sergeli-golden-house-111821,57.0,5,5,1,2026-08-21T23:55:40+00:00
111845,2026-08-04,Sergeli,6,69900,https://hata.uz/en/listings/object/uy-sotiladi-23-so-tix-111845,2.0,1,1,1,2026-08-21T23:55:40+00:00
111902,2026-08-04,Sergeli,2,65000,https://hata.uz/en/listings/object/uy-sotiladi-2-hona-111902,64.0,6,16,1,2026-08-21T23:55:40+00:00
111921,2026-08-04,Sergeli,3,72000,https://hata.uz/en/listings/object/prodaetsya-novostroyka-111921,68.0,3,5,1,2026-08-21T23:55:40+00:00
112086,2026-08-05,Sergeli,3,82000,https://hata.uz/en/listings/object/honobod-avenue-3-8-12-112086,71.0,8,12,1,2026-08-21T23:55:40+00:00
112118,2026-08-05,Sergeli,3,80000,https://hata.uz/en/listings/object/3-xona-uy-sotiladi-112118,56.0,1,7,1,2026-08-21T23:55:40+00:00
112127,2026-08-04,Sergeli,3,85000,https://hata.uz/en/listings/object/yangihaet-sergeli-74-kv-3-4-7-svoya-kv-sotiladi-srochno-112127,74.0,4,7,1,2026-08-21T23:55:40+00:00
112151,2026-08-05,Yakkasaroy,2,79000,https://hata.uz/en/listings/object/kvartira-sotiladi-bobur-kocha-112151,62.0,4,8,0,2026-08-21T23:55:40+00:00
112169,2026-08-05,Yakkasaroy,2,85000,https://hata.uz/en/listings/object/yakkasaroyda-2-xonali-uy-112169,55.0,9,10,1,2026-08-21T23:55:40+00:00
112180,2026-08-05,Yashnobod,3,92000,https://hata.uz/en/listings/object/yangi-qurilgan-assalom-maxtumquli-2-golden-haus-uylari-112180,74.0,6,9,1,2026-08-21T23:55:40+00:00
112240,2026-08-05,Sergeli,4,110000,https://hata.uz/en/listings/object/srochna-prodaetsya-tsena-dogovornaya-112240,81.3,9,10,1,2026-08-21T23:55:40+00:00
112291,2026-08-04,Sergeli,4,115000,https://hata.uz/en/listings/object/sergeli-yangihayot-10-stroitelnoe-4h-komnatnoe-9-etazhka-ponelnyy-112291,101.0,2,9,1,2026-08-21T23:55:40+00:00
112314,2026-08-05,Sergeli,6,139000,https://hata.uz/en/listings/object/dubleks-kvartira-sotiladi-112314,210.0,7,7,1,2026-08-21T23:55:40+00:00
112385,2026-08-05,Sergeli,2,146000,https://hata.uz/en/listings/object/prodaetsya-kvartira-sergeli-seven-residence-1-etazh-kadastir-112385,146.0,1,10,1,2026-08-21T23:55:40+00:00
112447,2026-08-05,Yakkasaroy,2,155007,https://hata.uz/en/listings/object/yakkasaray-piramit-2kom-kvartira-65m2-white-box-ul-bobura-aeroport-112447,65.0,35,48,1,2026-08-21T23:55:40+00:00
112450,2026-08-05,Yakkasaroy,3,159000,https://hata.uz/en/listings/object/prodayu-svoya-kvartira-novostroyka-3-8-10-zhk-family-house-8-roddom-80m2-112450,80.0,8,10,1,2026-08-21T23:55:40+00:00
112451,2026-08-05,Yakkasaroy,3,137000,https://hata.uz/en/listings/object/zhk-navruz-3-komnatnaya-evroremont-pod-klyuch-75m2-super-lokatsiya-yakkasaray-112451,75.0,6,12,1,2026-08-21T23:55:40+00:00
112452,2026-08-05,Yakkasaroy,3,167000,https://hata.uz/en/listings/object/zarafshan-city-yakkasaray-podklyuch-bobura-tsentr-ploschad-87-m2-evro-112452,87.0,1,14,1,2026-08-21T23:55:40+00:00
112455,2026-08-05,Yakkasaroy,3,150000,https://hata.uz/en/listings/object/happy-family-yakkasarayskiy-bizness-klass-8-roddom-srochno-supeer-tsena-112455,88.0,3,8,1,2026-08-21T23:55:40+00:00
112457,2026-08-05,Yakkasaroy,3,136000,https://hata.uz/en/listings/object/prodaetsya-shikarnaya-kvartira-v-elitnom-zhk-2-s-u-ul-bobura-112457,80.0,7,9,1,2026-08-21T23:55:40+00:00
112463,2026-08-05,Yakkasaroy,3,165000,https://hata.uz/en/listings/object/zhk-uzbegim-evro-3-2-12-remont-mebel-tehnika-uzbegim-ul-bobura-112463,70.0,8,12,1,2026-08-21T23:55:40+00:00
112464,2026-08-05,Yakkasaroy,3,165000,https://hata.uz/en/listings/object/glinka-zhk-xon-saroy-3-3-10-83kvm-evro-remont-s-mebelyu-i-tehnikoy-112464,83.0,3,10,1,2026-08-21T23:55:40+00:00
112466,2026-08-05,Yakkasaroy,4,135000,https://hata.uz/en/listings/object/moderno-novostroyka-220m2-korobka-shotka-rustaveli-100-rost-112466,221.0,11,12,1,2026-08-21T23:55:40+00:00
112467,2026-08-05,Yakkasaroy,3,145000,https://hata.uz/en/listings/object/3-4-8-zhk-elegant-nukusskaya-gai-glinka-gospitalka-98m-112467,98.0,4,8,1,2026-08-21T23:55:40+00:00
112468,2026-08-05,Yakkasaroy,2,133000,https://hata.uz/en/listings/object/2-k-kvartira-65-m2-yakkasaray-nukusskaya-glamur-vtorichka-112468,65.0,2,4,1,2026-08-21T23:55:40+00:00
112476,2026-08-05,Yakkasaroy,3,170000,https://hata.uz/en/listings/object/zarafshon-zhk-vozle-piramid-v-tsentre-goroda-1-etazh-112476,95.0,1,12,1,2026-08-21T23:55:40+00:00
112480,2026-08-05,Yakkasaroy,3,148003,https://hata.uz/en/listings/object/yakkasaray-3-4-2-9-kom-kvartira-121m2-korobka-glinka-mola-koltsevaya-112480,121.0,2,9,1,2026-08-21T23:55:40+00:00
112481,2026-08-05,Yakkasaroy,4,168015,https://hata.uz/en/listings/object/yakkasaray-4kom-kvartira-149m2-kirpich-korobka-glinka-malo-koltsevaya-112481,149.0,4,9,1,2026-08-21T23:55:40+00:00
112483,2026-08-05,Yakkasaroy,3,164995,https://hata.uz/en/listings/object/evro-kvartira-zhk-xon-saroy-na-glinka-8-roddom-3-3-10-83m2-112483,83.0,3,10,1,2026-08-21T23:55:40+00:00
112484,2026-08-05,Yakkasaroy,3,155000,https://hata.uz/en/listings/object/zhk-dream-house-ulkichik-beshagach-8-roddom-3-komn-8-19-100-m2-evroremont-112484,100.0,8,9,1,2026-08-21T23:55:40+00:00
112485,2026-08-05,Yakkasaroy,3,175000,https://hata.uz/en/listings/object/zhk-parisen-yakkasarayskiy-rayon-112485,88.0,6,8,1,2026-08-21T23:55:40+00:00
112487,2026-08-05,Yakkasaroy,4,135000,https://hata.uz/en/listings/object/4-k-dupleks-s-terrasoy-v-zhk-moderno-220-m2-shota-rustaveli-112487,220.0,11,12,1,2026-08-21T23:55:40+00:00
112489,2026-08-05,Yakkasaroy,4,155000,https://hata.uz/en/listings/object/milano-zhiloy-kompleks-na-yakkasarae-134m2-korobka-kadastr-bor-112489,134.0,7,10,1,2026-08-21T23:55:40+00:00
112490,2026-08-05,Yakkasaroy,4,135000,https://hata.uz/en/listings/object/moderno-4-11-12-korobka-141m2-80m2-terrasa-yakkasaray-shota-rustaveli-112490,141.0,11,12,1,2026-08-21T23:55:40+00:00
112491,2026-08-05,Yakkasaroy,3,129900,https://hata.uz/en/listings/object/novaya-halal-3h-komnatnaya-v-novostroyke-na-shota-rustaveli-112491,75.0,6,9,1,2026-08-21T23:55:40+00:00
112493,2026-08-05,Yakkasaroy,2,125004,https://hata.uz/en/listings/object/yakksaray-modera-2k-kvartira-45m2-ulshrustaveli-ul-mirabad-resokean-112493,45.0,22,25,1,2026-08-21T23:55:40+00:00
112494,2026-08-05,Yakkasaroy,4,135000,https://hata.uz/en/listings/object/4-komnatnaya-121-m2-ryadom-s-yakkasaray-maszhid-tsentr-goroda-112494,121.0,6,10,1,2026-08-21T23:55:40+00:00
112495,2026-08-05,Yakkasaroy,2,130000,https://hata.uz/en/listings/object/prodaetsya-kvartira-zhk-kislorod-seul-mun-karobka-112495,52.0,3,16,1,2026-08-21T23:55:40+00:00
112496,2026-08-05,Yakkasaroy,3,155000,https://hata.uz/en/listings/object/novostroyka-3-8-10-podklyuch-evro-kvartira-100m2-yakkasaray-tezikovka-112496,100.0,8,10,1,2026-08-21T23:55:40+00:00
112497,2026-08-05,Yakkasaroy,4,139000,https://hata.uz/en/listings/object/4-komnatnaya-128-m2-v-zhk-salamatina-ryadom-s-yakkasaray-maszhid-112497,128.0,3,10,1,2026-08-21T23:55:40+00:00
112498,2026-08-05,Yakkasaroy,3,150000,https://hata.uz/en/listings/object/idealno-dlya-semi-happy-family-3-3-8-evro-8880m2-or-r-8-y-roddom-112498,88.8,3,8,1,2026-08-21T23:55:40+00:00
112499,2026-08-05,Yakkasaroy,3,155000,https://hata.uz/en/listings/object/srochno-3-komnatnaya-100m2-evro-remont-novostroyka-yakkasaray-8-roddom-112499,100.0,8,10,1,2026-08-21T23:55:40+00:00
112500,2026-08-05,Yakkasaroy,3,135000,https://hata.uz/en/listings/object/dream-house-3-kom-80m2-yakkasaray-8-y-roddom-112500,80.0,1,9,1,2026-08-21T23:55:40+00:00
112501,2026-08-05,Yakkasaroy,4,159000,https://hata.uz/en/listings/object/prodazha-4-komnatnoy-kvartiry-130-m2-v-zhk-solaris-yakkasaray-112501,130.0,4,10,1,2026-08-21T23:55:40+00:00
112505,2026-08-05,Yakkasaroy,3,128700,https://hata.uz/en/listings/object/premier-house-3-kom-82m2-yakkasaray-uzbek-filmseul-munnovza-metro-112505,82.0,5,8,1,2026-08-21T23:55:40+00:00
112507,2026-08-05,Yakkasaroy,2,155006,https://hata.uz/en/listings/object/yakkasaray-piramit-tower-2k-kvartira-korobka-premium-tsentr-aeroport-112507,65.0,35,48,1,2026-08-21T23:55:40+00:00
112510,2026-08-05,Yakkasaroy,3,139000,https://hata.uz/en/listings/object/sovremennyy-kompleks-solamatina-3-komnaty-evro-remont-112510,100.0,8,10,1,2026-08-21T23:55:40+00:00
112512,2026-08-05,Yakkasaroy,3,130000,https://hata.uz/en/listings/object/prodaetsya-3h-komnatnaya-kvartira-127-kvm-zhk-askiya-city-ssha-112512,127.0,7,13,1,2026-08-21T23:55:40+00:00
112517,2026-08-05,Yakkasaroy,2,150000,https://hata.uz/en/listings/object/prodaetsya-2h-kom-yakkasarayskom-rayone-zhk-family-house-112517,82.0,9,10,1,2026-08-21T23:55:40+00:00
112543,2026-08-05,Sergeli,4,200000,https://hata.uz/en/listings/object/novostroyka-v-sergelyah-112543,106.0,7,9,1,2026-08-21T23:55:40+00:00
112762,2026-08-05,Yakkasaroy,4,284999,https://hata.uz/en/listings/object/srochno-novostroyka-4kom-145m2-ulitsa-nukusskaya-yakkasaray-tsentr-112762,145.0,1,2,1,2026-08-21T23:55:40+00:00
112766,2026-08-05,Yakkasaroy,4,380000,https://hata.uz/en/listings/object/prodaetsya-4kom-105m2-mirabadskiy-r-on-ts-1-sadyk-azimova-112766,105.0,6,14,1,2026-08-21T23:55:40+00:00
112776,2026-08-05,Yakkasaroy,5,695000,https://hata.uz/en/listings/object/prodaetsya-novostroyka-yakkasarayskaya-rayon-or-r-tpts-next-zh-k-kislorod-112776,138.0,11,16,1,2026-08-21T23:55:40+00:00
112778,2026-08-05,Yakkasaroy,8,540000,https://hata.uz/en/listings/object/prodaetsya-8-7-8-8-310m2-v-zhk-seoul-mun-or-r-next-112778,310.0,8,8,1,2026-08-21T23:55:40+00:00
112782,2026-08-05,Yakkasaroy,8,540000,https://hata.uz/en/listings/object/dvuhyarusnaya-dupleks-korobka-seoul-mun-or-r-next-112782,310.0,7,8,1,2026-08-21T23:55:40+00:00
112785,2026-08-05,Yakkasaroy,4,284999,https://hata.uz/en/listings/object/srochno-yakkasaray-novostroyka-4kom-145m2-ulitsa-nukusskaya-podklyuch-112785,145.0,1,2,1,2026-08-21T23:55:40+00:00
112790,2026-08-05,Yakkasaroy,4,415000,https://hata.uz/en/listings/object/srochno-sotiladi-seoul-mun-yakkasaroy-tumani-next-112790,162.0,4,10,1,2026-08-21T23:55:40+00:00
112799,2026-08-05,Yakkasaroy,5,270000,https://hata.uz/en/listings/object/novostroyka-dupleks-5-8-9-9-orientir-golden-hause-yakkasaray-112799,165.0,8,9,1,2026-08-21T23:55:40+00:00
112813,2026-08-05,Yakkasaroy,4,300000,https://hata.uz/en/listings/object/zhk-kislorod-ul-babura-next-prodaetsya-srochno-kvartira-4h-kom-125m2-112813,125.0,16,16,1,2026-08-21T23:55:40+00:00
112816,2026-08-05,Yakkasaroy,5,289900,https://hata.uz/en/listings/object/prodaetsya-5i-kom-kvartira-zhk-rakat-155m2-yakkasarayskiy-rayon-112816,155.0,8,8,1,2026-08-21T23:55:40+00:00
112817,2026-08-05,Yakkasaroy,4,415000,https://hata.uz/en/listings/object/prodam-zhk-seul-muun-or-tts-neht-112817,162.0,4,10,1,2026-08-21T23:55:40+00:00
112818,2026-08-05,Yakkasaroy,4,300000,https://hata.uz/en/listings/object/zhk-parisen-4h-kom-prodam-112818,125.0,4,8,1,2026-08-21T23:55:40+00:00
112819,2026-08-05,Yakkasaroy,4,300000,https://hata.uz/en/listings/object/prodam-zhk-parisien-yakkasarayskiy-r-112819,125.0,4,8,1,2026-08-21T23:55:40+00:00
112821,2026-08-05,Yakkasaroy,4,315000,https://hata.uz/en/listings/object/prodam-zhk-via-port-or-restoran-saravan-112821,126.0,6,7,1,2026-08-21T23:55:40+00:00
112956,2026-08-05,Uchtepa,2,35000,https://hata.uz/en/listings/object/prodaetsya-kvartira-korobka-uchtepa-112956,47.0,7,10,1,2026-08-21T23:55:40+00:00
112964,2026-08-05,Uchtepa,1,39500,https://hata.uz/en/listings/object/novostroyka-sotiladi-srochno-112964,54.0,10,12,1,2026-08-21T23:55:40+00:00
113126,2026-08-05,Uchtepa,2,68000,https://hata.uz/en/listings/object/kvartira-sotiladi-113126,63.0,1,1,1,2026-08-21T23:55:40+00:00
113142,2026-08-05,Uchtepa,3,120000,https://hata.uz/en/listings/object/srochno-prodaetsya-dupleks-kvartira-novostroyke-3-komnat-1-etazh-113142,124.0,1,3,1,2026-08-21T23:55:40+00:00
113161,2026-08-05,Uchtepa,5,175000,https://hata.uz/en/listings/object/uydom-sotiladi-113161,129.5,1,7,1,2026-08-21T23:55:40+00:00
113166,2026-08-05,Uchtepa,4,129500,https://hata.uz/en/listings/object/novostroyka-dom-dupleks-s-mansardoy-113166,150.0,3,4,1,2026-08-21T23:55:40+00:00
113193,2026-08-05,Uchtepa,5,145000,https://hata.uz/en/listings/object/uchtepa-chilonzhor-4-3-148kv-113193,148.0,3,4,1,2026-08-21T23:55:40+00:00
113233,2026-08-05,Uchtepa,4,130000,https://hata.uz/en/listings/object/sro-chniy-sotiladi-113233,143.0,1,4,1,2026-08-21T23:55:40+00:00
113278,2026-08-05,Uchtepa,2,125000,https://hata.uz/en/listings/object/prodaetsya-kvartira-na-novostroyke-na-malike-3-etazh-80-kv-m-113278,80.0,3,7,1,2026-08-21T23:55:40+00:00
113290,2026-08-05,Uchtepa,4,105000,https://hata.uz/en/listings/object/uy-sotiladi-4-xona-evro-remont-kvartira-sotiladi-113290,1.0,2,5,1,2026-08-21T23:55:40+00:00
113292,2026-08-05,Shayhontohur,3,125000,https://hata.uz/en/listings/object/urinboy-choyhona-tarafda-uy-sotiladi-ipakchilik-shofayz-p-113292,125.0,6,6,1,2026-08-21T23:55:40+00:00
113296,2026-08-05,Shayhontohur,2,95000,https://hata.uz/en/listings/object/zhk-olmazar-siti-prodazha-2-11-18-62m2-evroremont-ukomplektovana-113296,62.0,11,18,1,2026-08-21T23:55:40+00:00
113309,2026-08-05,Shayhontohur,2,95000,https://hata.uz/en/listings/object/zhk-koh-ota-novostroyka-6649m2-113309,66.49,7,12,1,2026-08-21T23:55:40+00:00
113334,2026-08-05,Shayhontohur,5,160013,https://hata.uz/en/listings/object/novostroyka-big-garden-5k-kvartira-117m2-s-terrasoy-8m2-evro-tsentre-113334,117.0,8,12,1,2026-08-21T23:55:40+00:00
113343,2026-08-05,Shayhontohur,2,145000,https://hata.uz/en/listings/object/kvartira-prodaetsya-2-12-51-na-zhk-nest-one-113343,58.0,12,51,1,2026-08-21T23:55:40+00:00
113344,2026-08-05,Shayhontohur,2,175000,https://hata.uz/en/listings/object/tashkent-city-nest-one-1v2-komnatnaya-evroremont-podklyuch-druzhba-narodov-113344,48.0,14,23,1,2026-08-21T23:55:40+00:00
113345,2026-08-05,Shayhontohur,2,100000,https://hata.uz/en/listings/object/kvartira-vashey-mechty-zhdet-vas-shayhantahurskiy-r-n-zhk-labzak-id008-113345,60.0,8,10,1,2026-08-21T23:55:40+00:00
113346,2026-08-05,Shayhontohur,2,125000,https://hata.uz/en/listings/object/otlichnaya-2k-kvartira-po-supertsene-shayhantahurskiy-r-n-huvaydo-id008-113346,60.0,3,8,1,2026-08-21T23:55:40+00:00
113348,2026-08-05,Shayhontohur,2,95000,https://hata.uz/en/listings/object/dom-tam-gde-uyut-prodayu-kvartiru-s-dushoy-shayhantahurskiy-r-n-id008-113348,55.0,2,4,1,2026-08-21T23:55:40+00:00
113349,2026-08-05,Shayhontohur,2,125000,https://hata.uz/en/listings/object/kazhdyy-metr-komfort-zvonite-shayhantahurskiy-r-n-2k-kvartira-id008-113349,68.0,3,10,1,2026-08-21T23:55:40+00:00
113350,2026-08-05,Shayhontohur,3,160000,https://hata.uz/en/listings/object/tashkent-siti-nest-one-3-5-51-vid-na-park-65m2-113350,66.0,5,51,1,2026-08-21T23:55:40+00:00
113351,2026-08-05,Shayhontohur,2,115000,https://hata.uz/en/listings/object/prodaetsya-2-8-10-665m2-v-zhk-minor-river-or-r-mechet-minor-113351,66.5,8,10,1,2026-08-21T23:55:40+00:00
113355,2026-08-05,Shayhontohur,2,160000,https://hata.uz/en/listings/object/premium-zhk-boulevars-tashkent-city-2-5-7-evro-orientir-city-mall-113355,45.0,5,7,1,2026-08-21T23:55:40+00:00
113356,2026-08-05,Shayhontohur,2,175000,https://hata.uz/en/listings/object/nest-one-2-komn-studiya-s-terrasoy-14-etazh-tsentr-113356,51.0,14,23,1,2026-08-21T23:55:40+00:00
113357,2026-08-05,Shayhontohur,2,115000,https://hata.uz/en/listings/object/prodaetsya-2h-kom-kvartira-zhk-nest-one-or-r-tashkent-city-40-m2-113357,40.0,10,23,1,2026-08-21T23:55:40+00:00
113360,2026-08-05,Shayhontohur,2,110013,https://hata.uz/en/listings/object/shayhantohur-2om-kvartira-77m2-evro-tashkent-city-hilton-humo-arena-113360,77.0,7,9,1,2026-08-21T23:55:40+00:00
113361,2026-08-05,Shayhontohur,2,103000,https://hata.uz/en/listings/object/investitsiya-v-buduschee-shikarnaya-kvartira-2-shka-na-nrg-u-tower-id07-113361,39.0,13,27,1,2026-08-21T23:55:40+00:00
113476,2026-08-05,Uchtepa,3,180000,https://hata.uz/en/listings/object/gtashkent-yuabadskiy-r-n-ul-a-kodiriy-3-7-29-113476,100.1,5,9,1,2026-08-21T23:55:40+00:00
113496,2026-08-05,Shayhontohur,2,180000,https://hata.uz/en/listings/object/zhk-nest-one-tashkent-sity-2-17-25-evroremont-40-kvm-vid-na-hilton-113496,42.0,17,25,1,2026-08-21T23:55:40+00:00
113499,2026-08-05,Shayhontohur,3,177500,https://hata.uz/en/listings/object/golden-haus-6-xona-lyuks-xovli-parkovka-113499,200.0,1,6,1,2026-08-21T23:55:40+00:00
113502,2026-08-05,Shayhontohur,3,220000,https://hata.uz/en/listings/object/srochnaya-prodazha-zhk-nest-one-3-17-51-72m2-remontnye-raboty-nachaty-113502,72.0,17,51,1,2026-08-21T23:55:40+00:00
113505,2026-08-05,Shayhontohur,3,215000,https://hata.uz/en/listings/object/srochno-na-31-etazhe-elitnyy-zhk-nest-one-tashkent-city-68m2-prodaetsya-113505,68.0,31,51,1,2026-08-21T23:55:40+00:00
113511,2026-08-05,Shayhontohur,3,178000,https://hata.uz/en/listings/object/golden-haus-200m2-lyuks-remont-xovli-va-6taparkovka-113511,200.0,1,5,1,2026-08-21T23:55:40+00:00
113514,2026-08-05,Shayhontohur,2,285000,https://hata.uz/en/listings/object/zhk-nrg-u-tower-druzhba-narodov-2h-komnatnaya-evroremont-ukomplektovana-113514,73.0,24,27,1,2026-08-21T23:55:40+00:00
113515,2026-08-05,Shayhontohur,3,281000,https://hata.uz/en/listings/object/n5018-shayxontohur-tumani-tashkent-city-j-k-nest-one-3-35-51-113515,93.0,35,51,1,2026-08-21T23:55:40+00:00
113523,2026-08-05,Shayhontohur,6,179900,https://hata.uz/en/listings/object/golden-haus-200m2-lyuks-remont-xovli-supper-arzonga-113523,200.0,1,7,1,2026-08-21T23:55:40+00:00
113524,2026-08-05,Shayhontohur,3,315000,https://hata.uz/en/listings/object/tashkent-siti-zhk-gardens-residence-3-8-8-93m2-s-remontom-113524,93.0,8,8,1,2026-08-21T23:55:40+00:00
113526,2026-08-05,Shayhontohur,3,284875,https://hata.uz/en/listings/object/srochno-tashkent-siti-zhk-boulevard-3-3-7-92m2-ne-zakonyaennyy-remont-113526,92.0,3,7,1,2026-08-21T23:55:40+00:00
113529,2026-08-05,Shayhontohur,4,350000,https://hata.uz/en/listings/object/novostroika-zhk-nest-one-so-svoei-terrasoi-113529,140.0,4,51,1,2026-08-21T23:55:40+00:00
113530,2026-08-05,Shayhontohur,2,183000,https://hata.uz/en/listings/object/tashkent-city-boulevard-2-komn-53-m2-evro-4-7-druzhba-113530,53.0,4,7,1,2026-08-21T23:55:40+00:00
113531,2026-08-05,Shayhontohur,3,285000,https://hata.uz/en/listings/object/srochno-arzon-boulevard-3kom-92m2-vid-na-furqat-premium-uspeyte-113531,92.0,3,7,1,2026-08-21T23:55:40+00:00
113532,2026-08-05,Shayhontohur,3,295000,https://hata.uz/en/listings/object/tashkent-siti-bulyuvard-3-3-8-85m2-parkovka-113532,85.0,3,8,1,2026-08-21T23:55:40+00:00
113536,2026-08-05,Shayhontohur,2,270000,https://hata.uz/en/listings/object/zhk-nest-one-tashkent-city-prodaetsya-2h-kom-59m2-evro-lyuks-113536,59.0,20,51,1,2026-08-21T23:55:40+00:00
113539,2026-08-05,Shayhontohur,3,195000,https://hata.uz/en/listings/object/srochno-tsentr-abu-dabi-3kom-115m2-huvoydo-mahalla-beruniy-metro-113539,115.0,2,7,1,2026-08-21T23:55:40+00:00
113540,2026-08-05,Shayhontohur,2,204999,https://hata.uz/en/listings/object/srochno-nrg-u-tower-korobka-6626-m2-1612-m2-druzhba-tashkent-city-113540,82.38,23,27,1,2026-08-21T23:55:40+00:00
113541,2026-08-05,Shayhontohur,3,195000,https://hata.uz/en/listings/object/shoshilinch-arzon-narhda-abu-dabi-3kom-115m2-huvoydo-beruniy-metro-113541,115.0,2,7,1,2026-08-21T23:55:40+00:00
113542,2026-08-05,Shayhontohur,2,204999,https://hata.uz/en/listings/object/srochno-arzon-u-tower-korobka-82m2-druzhba-tashkent-sity-gorit-113542,82.0,23,27,1,2026-08-21T23:55:40+00:00
113544,2026-08-05,Shayhontohur,2,227999,https://hata.uz/en/listings/object/srochnaya-tsena-boulevard-2kom-55m2-druzhba-tashkent-city-arzon-113544,55.0,5,7,1,2026-08-21T23:55:40+00:00
113545,2026-08-05,Shayhontohur,4,256999,https://hata.uz/en/listings/object/srochnaya-prodazha-jangoh-160m2-dupleks-ts-15-massiv-zhangoh-arzon-113545,160.0,7,8,1,2026-08-21T23:55:40+00:00
113546,2026-08-05,Shayhontohur,6,183000,https://hata.uz/en/listings/object/prezidentskaya-super-bolshaya-kvartira-s-ogorodom-golden-haus-113546,200.0,1,7,1,2026-08-21T23:55:40+00:00
113548,2026-08-05,Shayhontohur,2,180000,https://hata.uz/en/listings/object/2-17-25-zhk-nest-one-tashkent-siti-prodaetsya-otlichnaya-investitsiya-113548,40.0,17,25,1,2026-08-21T23:55:40+00:00
113549,2026-08-05,Shayhontohur,3,320000,https://hata.uz/en/listings/object/zhk-nest-one-prodaetsya-korobka-93m2-vid-na-park-113549,93.0,35,51,1,2026-08-21T23:55:40+00:00
113551,2026-08-05,Shayhontohur,3,320000,https://hata.uz/en/listings/object/prodam-3-4-8-102m2-v-zhk-gardens-residence-or-r-tashkent-siti-113551,102.0,4,8,1,2026-08-21T23:55:40+00:00
113552,2026-08-05,Shayhontohur,2,330000,https://hata.uz/en/listings/object/nrg-utower-2-komnatnaya-s-eksklyuzivnym-remontom-72m2-vidna-tashkent-siti-113552,72.0,6,27,1,2026-08-21T23:55:40+00:00
113553,2026-08-05,Shayhontohur,3,199000,https://hata.uz/en/listings/object/crochno-prodam-3-komn-kvartiru-na-zhk-bulvar-tashkent-siti-id09-113553,73.0,4,7,1,2026-08-21T23:55:40+00:00
113554,2026-08-05,Shayhontohur,3,230000,https://hata.uz/en/listings/object/prodaetsya-3h-kom-kvartira-zhk-nest-one-or-r-tashkent-city-mall-74m2-113554,74.0,12,51,1,2026-08-21T23:55:40+00:00
113555,2026-08-05,Shayhontohur,3,320000,https://hata.uz/en/listings/object/novostroyka-3-8-9-tashkent-siti-gardens-residence-shayhantahurskiy-rn-113555,100.0,8,9,1,2026-08-21T23:55:40+00:00
113556,2026-08-05,Shayhontohur,2,180000,https://hata.uz/en/listings/object/prodaetsya-2h-kom-kvartira-zhk-nest-one-or-r-tashkent-siti-moll-40m2-113556,40.0,17,25,1,2026-08-21T23:55:40+00:00
113557,2026-08-05,Shayhontohur,3,255000,https://hata.uz/en/listings/object/prodaetsya-novostroyka-3-7-7-v-zhk-tashkent-siti-bulvar-shayhantahurskiy-113557,68.0,7,7,1,2026-08-21T23:55:40+00:00
113558,2026-08-05,Shayhontohur,6,181900,https://hata.uz/en/listings/object/golden-haus-supper-dom-200m2-6hona-hovlm-1sotk-113558,180.0,1,7,1,2026-08-21T23:55:40+00:00
113559,2026-08-05,Shayhontohur,3,255000,https://hata.uz/en/listings/object/tashkent-city-boulevard-3-7-7-68-m2-113559,68.0,7,7,1,2026-08-21T23:55:40+00:00
113562,2026-08-05,Shayhontohur,2,209000,https://hata.uz/en/listings/object/nrg-u-tower-72m2-stilnaya-2-komnatnaya-kvartira-s-panoramoy-tash-siti-113562,72.0,19,27,1,2026-08-21T23:55:40+00:00
113563,2026-08-05,Shayhontohur,2,208999,https://hata.uz/en/listings/object/srochno-nrg-u-tower-2-kom-evro-57m2-20m2-druzhba-podklyuch-vid-na-tash-113563,72.0,19,27,1,2026-08-21T23:55:40+00:00
113564,2026-08-05,Shayhontohur,4,255999,https://hata.uz/en/listings/object/gorit-srochno-arzon-jangoh-160m2-ts-15-massiv-zhangoh-podklyuch-113564,160.0,7,8,1,2026-08-21T23:55:40+00:00
113565,2026-08-05,Shayhontohur,3,194999,https://hata.uz/en/listings/object/srochnaya-prodazha-abu-dabi-premium-115m2-podklyuch-huvaydo-mahallya-113565,115.0,2,7,1,2026-08-21T23:55:40+00:00
113566,2026-08-05,Shayhontohur,6,289999,https://hata.uz/en/listings/object/srochno-jangoh-6kom-434m2-korobka-kazahskoe-posolstvo-vykup-113566,434.0,7,8,1,2026-08-21T23:55:40+00:00
115580,2026-08-05,Yunusobod,4,185000,https://hata.uz/en/listings/object/prodaetsya-4-11-11-124m2-v-zhk-muhtasham-na-ts-5-or-r-finansovyy-institu-115580,124.0,11,11,1,2026-08-21T23:55:40+00:00
115582,2026-08-05,Yunusobod,3,160000,https://hata.uz/en/listings/object/prodaetsya-3h-kom-kvartira-ts-4-tts-shedevr-zhk-kiparis-115582,75.0,7,9,1,2026-08-21T23:55:40+00:00
115585,2026-08-05,Yunusobod,3,180000,https://hata.uz/en/listings/object/3-komnaty-6-8-etazh-evro-2-sanuzla-alayskiy-bazar-i-metro-minor-115585,100.0,6,8,1,2026-08-21T23:55:40+00:00
115586,2026-08-05,Yunusobod,3,179999,https://hata.uz/en/listings/object/srochnaya-prodazha-poytaxt-gavhari-120m2-alayskiy-abdulla-kadyri-115586,120.0,3,10,1,2026-08-21T23:55:40+00:00
115587,2026-08-05,Yunusobod,5,187500,https://hata.uz/en/listings/object/dupleks-5komn-7-8-178m2-kirpichnyy-ne-tortsevaya-skvoznaya-razdelnyy-115587,178.0,7,8,1,2026-08-21T23:55:40+00:00
115590,2026-08-05,Yunusobod,4,179999,https://hata.uz/en/listings/object/srochnaya-prodazha-poytaxt-gavhari-4kom-100m2-alayskiy-akahhar-podklyuch-115590,100.0,9,10,1,2026-08-21T23:55:40+00:00
115591,2026-08-05,Yunusobod,3,175000,https://hata.uz/en/listings/object/barocco-3-komn-evro-5-10-etazh-novomoskovskaya-tsentr-115591,84.0,5,10,1,2026-08-21T23:55:40+00:00
115592,2026-08-05,Yunusobod,3,180000,https://hata.uz/en/listings/object/zhk-kazahstan-3-kom-kvartira-v-ts6-minor-luchshiy-vybor-dlya-vashey-semi-115592,90.0,3,10,1,2026-08-21T23:55:40+00:00
115593,2026-08-05,Yunusobod,3,180000,https://hata.uz/en/listings/object/tsena-podarok-otlichnaya-kvartira-dlya-zhizni-ili-sdachi-zhk-kazahstan-id008-115593,85.0,6,10,1,2026-08-21T23:55:40+00:00
115594,2026-08-05,Yunusobod,3,165000,https://hata.uz/en/listings/object/gotovyy-arendator-3h-kom-kv-ra-po-shikarnoy-tsene-zhk-muhtasham-id02-115594,110.0,8,11,1,2026-08-21T23:55:40+00:00
115595,2026-08-05,Yunusobod,3,180000,https://hata.uz/en/listings/object/srochno-prodaetsya-kvartira-3-10-11-80m2-na-zhk-muhtasham-gidromettsentr-115595,80.0,10,11,1,2026-08-21T23:55:40+00:00
115596,2026-08-05,Yunusobod,3,165000,https://hata.uz/en/listings/object/ts4-zhk-kiparis-3-7-9-novaya-kvartira-115596,75.0,7,9,1,2026-08-21T23:55:40+00:00
115597,2026-08-05,Yunusobod,3,160000,https://hata.uz/en/listings/object/nrg-hayot-telebashnya-3-komnatnaya-98m2-white-box-kadastr-est-115597,98.0,2,6,1,2026-08-21T23:55:40+00:00
115613,2026-08-05,Yunusobod,4,175000,https://hata.uz/en/listings/object/kvartira-prodaetsya-4-3-8-na-zhk-bodomzor-terassa-115613,100.0,3,8,1,2026-08-21T23:55:40+00:00
115616,2026-08-05,Yunusobod,3,165000,https://hata.uz/en/listings/object/prodaetsya-ochen-srochno-novostroyka-3-7-9-zhk-kiparis-ts4-115616,75.0,7,9,1,2026-08-21T23:55:40+00:00
115617,2026-08-05,Yunusobod,3,165000,https://hata.uz/en/listings/object/zhk-kiparis-ochen-srochno-3-h-komnatnaya-polnostyu-ukomplektovana-115617,75.0,7,9,1,2026-08-21T23:55:40+00:00
115619,2026-08-05,Yunusobod,4,185000,https://hata.uz/en/listings/object/prodaetsya-kvartira-zhk-poytaht-gavhari-4-komnatnaya-115619,101.0,4,10,1,2026-08-21T23:55:40+00:00
115620,2026-08-05,Yunusobod,3,180000,https://hata.uz/en/listings/object/3-h-komnatnaya-v-zhk-muhtasham-plsch-80-id-3551-115620,80.0,10,11,1,2026-08-21T23:55:40+00:00
115623,2026-08-05,Yunusobod,3,175000,https://hata.uz/en/listings/object/prodaetsya-3-h-komnatnaya-kvartira-v-zhk-barocco-orientir-gidromedtsentr-115623,83.0,5,10,1,2026-08-21T23:55:40+00:00
115624,2026-08-05,Yunusobod,3,173000,https://hata.uz/en/listings/object/prodam-kvartiru-korobka-123m2-3h-kom-zhk-muhtasham-metro-minor-ts-5-115624,123.0,6,10,1,2026-08-21T23:55:40+00:00
115627,2026-08-05,Yunusobod,3,160000,https://hata.uz/en/listings/object/zhk-nrg-hayot-3-h-komnatnaya-yunusabad-telebashnya-korobka-115627,114.0,5,6,1,2026-08-21T23:55:40+00:00
115628,2026-08-05,Yunusobod,3,175000,https://hata.uz/en/listings/object/zhk-barocco-gidromedtsentr-prodaetsya-3h-kom-83m2-srochno-115628,83.0,5,10,1,2026-08-21T23:55:40+00:00
115629,2026-08-05,Yunusobod,3,165005,https://hata.uz/en/listings/object/kvartira-prodaetsya-3-7-9-na-zhk-kiparis-115629,75.0,7,9,1,2026-08-21T23:55:40+00:00
115630,2026-08-05,Yunusobod,4,163000,https://hata.uz/en/listings/object/prodaetsya-zhilom-komplekse-zarafshon-4kom-100m2-yunusabod-4-haqiqiy-115630,100.0,1,9,1,2026-08-21T23:55:40+00:00
115631,2026-08-05,Yunusobod,3,173000,https://hata.uz/en/listings/object/3-komnatnaya-84-m2-yunusabad-novomoskovskaya-zhk-barocco-115631,84.0,5,10,1,2026-08-21T23:55:40+00:00
115636,2026-08-05,Yunusobod,3,175000,https://hata.uz/en/listings/object/prodaetsya-kvartira-zhk-borokko-3-komnatnaya-115636,85.0,5,10,1,2026-08-21T23:55:40+00:00
115638,2026-08-05,Yunusobod,2,165000,https://hata.uz/en/listings/object/2-komnatnaya-83-m2-yunusabad-metro-minor-zhk-barocco-115638,83.0,5,10,1,2026-08-21T23:55:40+00:00
115646,2026-08-05,Yunusobod,3,165000,https://hata.uz/en/listings/object/gidromettsentr-zhk-borokko-3-8-10-115kvm-korobka-srochno-115646,115.0,8,10,1,2026-08-21T23:55:40+00:00
115917,2026-08-04,Mirzo Ulugbek,5,250000,https://hata.uz/en/listings/object/ttz-humoyun-rublevka-prodaetsya-kvartira-na-zemle-5-1-2-s-evro-remontom-115917,263.0,1,2,1,2026-08-21T23:55:40+00:00
115938,2026-08-04,Mirzo Ulugbek,4,230000,https://hata.uz/en/listings/object/prodaetsya-kvartira-4-3-7-v-zhk-fazo-na-ulkarasu-124-m2-s-evro-remon-115938,124.0,3,7,1,2026-08-21T23:55:40+00:00
115979,2026-08-04,Mirzo Ulugbek,4,245000,https://hata.uz/en/listings/object/prodaetsya-svoya-4-h-komnatnaya-kvartira-v-novostroyke-tsentra-goroda-115979,162.0,5,6,1,2026-08-21T23:55:40+00:00
116276,2026-08-04,Mirobod,3,255000,https://hata.uz/en/listings/object/mirabad-avenue-3-6-10-85-m2-white-box-116276,85.0,6,10,1,2026-08-21T23:55:40+00:00
116705,2026-08-05,Shayhontohur,3,380000,https://hata.uz/en/listings/object/prodaetsya-3-6-8-tashkent-siti-116705,94.0,6,8,1,2026-08-21T23:55:40+00:00
116723,2026-08-05,Shayhontohur,4,400000,https://hata.uz/en/listings/object/4-4-8-tashkent-siti-gardens-residence-140m2-116723,140.0,4,8,1,2026-08-21T23:55:40+00:00
123370,2026-08-04,Yashnobod,4,510000,https://hata.uz/en/listings/object/zh-k-infinity-kvartira-na-prodazhu-123370,107.0,3,18,1,2026-08-21T23:55:40+00:00
123504,2026-08-04,Mirzo Ulugbek,3,165000,https://hata.uz/en/listings/object/prodaetsya-3-komkvartira-94-kvm-biznes-klassa-zhk-manhattan-darhan-123504,94.0,2,16,1,2026-08-21T23:55:40+00:00
123612,2026-08-05,Shayhontohur,2,155000,https://hata.uz/en/listings/object/kvartira-zhk-nrg-u-tower-2-12-26-53-kbm-srochno-pod-investitsiyu-123612,53.0,12,29,1,2026-08-21T23:55:40+00:00
123629,2026-08-04,Mirobod,5,230000,https://hata.uz/en/listings/object/srochno-prodaetsya-svoya-5-komnatnaya-kvartira-123629,160.0,8,9,1,2026-08-21T23:55:40+00:00
124022,2026-08-04,Mirobod,3,155000,https://hata.uz/en/listings/object/3h-komnatnaya-kvartira-v-zhk-parkwood-novostroyka-oformlen-kadastr-124022,83.0,7,12,1,2026-08-21T23:55:40+00:00
124038,2026-08-05,Yakkasaroy,3,165000,https://hata.uz/en/listings/object/srochno-prodazha-kvartiry-ot-sobstvennika-istanbul-sity-3-6-9-124038,87.0,6,9,1,2026-08-21T23:55:40+00:00
124042,2026-08-05,Yakkasaroy,3,1835000000,https://hata.uz/en/listings/object/yakkasaroy-prodaetsya-uyutnaya-3-komnatnaya-kvartira-v-zhk-dream-house-124042,102.0,2,8,1,2026-08-21T23:55:40+00:00
124054,2026-08-05,Yakkasaroy,3,169000,https://hata.uz/en/listings/object/prodaetsya-kvartira-v-novostroyke-124054,71.0,2,5,1,2026-08-21T23:55:40+00:00
124264,2026-08-04,Mirobod,4,243000,https://hata.uz/en/listings/object/kvartira-svoya-srochnaya-prodazha-124264,140.0,7,8,1,2026-08-21T23:55:40+00:00
124278,2026-08-04,Mirobod,2,250000,https://hata.uz/en/listings/object/1-liniya-vid-na-dorogu-mirabad-avenue-white-box-70m2-oybek-124278,70.0,5,11,1,2026-08-21T23:55:40+00:00
124328,2026-08-04,Yashnobod,4,215000,https://hata.uz/en/listings/object/srochno-prodayu-svoyu-kvartiru-v-novostroyki-4-kom-92-m-ka-124328,92.0,2,10,1,2026-08-21T23:55:40+00:00
158225,2026-08-04,Olmazor,2,68000,https://hata.uz/en/listings/object/prodaetsya-2-h-komnatnaya-svoya-pod-klyuch-razvitaya-infrastruktura-158225,53.0,6,9,0,2026-08-21T23:55:40+00:00
158255,2026-08-04,Olmazor,3,110000,https://hata.uz/en/listings/object/kvartira-sotiladi-zhuda-kullay-va-markazda-metroga-300-mert-158255,72.0,9,3,0,2026-08-21T23:55:40+00:00
158264,2026-08-04,Olmazor,1,57000,https://hata.uz/en/listings/object/korakamishda-3-hona-kilingan-honadon-sotiladi-158264,40.0,2,4,0,2026-08-21T23:55:40+00:00
158269,2026-08-04,Olmazor,1,49000,https://hata.uz/en/listings/object/korakamish-1-2-2-5-158269,42.0,2,5,0,2026-08-21T23:55:40+00:00
158289,2026-08-04,Yashnobod,3,90000,https://hata.uz/en/listings/object/kvartira-sotiladi-158289,84.0,14,16,1,2026-08-21T23:55:40+00:00
158299,2026-08-04,Olmazor,1,62000,https://hata.uz/en/listings/object/art-house-kokcha-kvartira-shayxontoxur-158299,57.0,9,10,1,2026-08-21T23:55:40+00:00
158312,2026-08-04,Bektemir,2,33000,https://hata.uz/en/listings/object/bektimir-tumani-vodnik-2honali-uy-158312,34.14,1,4,0,2026-08-21T23:55:40+00:00
158329,2026-08-04,Bektemir,3,59500,https://hata.uz/en/listings/object/pradayotsya-kvartira-3-kom-vodnik-svoy-158329,67.76,4,4,0,2026-08-21T23:55:40+00:00
158332,2026-08-04,Bektemir,5,190000,https://hata.uz/en/listings/object/5-2-4-spetsplan-tinchlik-metro-155-kvm-2-garderoba-2-sanuzla-svoya-158332,155.0,2,4,0,2026-08-21T23:55:40+00:00
158346,2026-08-04,Bektemir,4,88000,https://hata.uz/en/listings/object/kvartira-4-komnatnaya-96-kv-5-etazh-9-etazhnyh-dom-158346,96.0,5,9,0,2026-08-21T23:55:40+00:00
158351,2026-08-04,Bektemir,4,110000,https://hata.uz/en/listings/object/4-komnatnaya-kvartira-97-kvadratnyh-metrov-158351,97.0,5,9,0,2026-08-21T23:55:40+00:00
158355,2026-08-04,Bektemir,3,30200,https://hata.uz/en/listings/object/kvartira-sotiladi-top-158355,1.0,3,3,1,2026-08-21T23:55:40+00:00
158356,2026-08-04,Bektemir,6,92500,https://hata.uz/en/listings/object/6-xonali-shinam-xonadon-sotiladi-qoyliq-158356,126.0,2,9,0,2026-08-21T23:55:40+00:00
158360,2026-08-04,Bektemir,3,68000,https://hata.uz/en/listings/object/prodam83kv-remont-vstroennaya-mebel-chensonpochta-158360,83.0,1,2,0,2026-08-21T23:55:40+00:00
158362,2026-08-04,Bektemir,2,51000,https://hata.uz/en/listings/object/srochno-prodaetsya-kvartira-2-uh-komnatnyy-kvartira-158362,50.9,9,10,1,2026-08-21T23:55:40+00:00
158441,2026-08-04,Mirzo Ulugbek,4,139000,https://hata.uz/en/listings/object/evro92-kvm-43-2-5-karasu-1-svoya-ne-toretslokatsiya-super-158441,92.0,2,5,0,2026-08-21T23:55:40+00:00
158463,2026-08-04,Mirzo Ulugbek,4,118000,https://hata.uz/en/listings/object/mirzo-ulugbek-tumani-massiv-irrigator-4-xonali-kvartira-sotiladi-158463,92.42,9,9,0,2026-08-21T23:55:40+00:00
158468,2026-08-04,Mirzo Ulugbek,4,265000,https://hata.uz/en/listings/object/kvartira-ot-sobstvennika-zhk-modern-darhan-zakrytyy-ohranyaemyy-dvor-158468,136.0,8,9,1,2026-08-21T23:55:40+00:00
158472,2026-08-05,Mirzo Ulugbek,1,53999,https://hata.uz/en/listings/object/prodaetsya-svoya-kvartira-1v2-komnatnaya-mferuza-mirzoulugbeksiy-rayon-158472,45.0,4,4,0,2026-08-21T23:55:40+00:00
158480,2026-08-05,Mirzo Ulugbek,2,61000,https://hata.uz/en/listings/object/prodam-svoyu-2h-komnatnaya-bez-rieltorovmyalangachvysokovoltnyy-158480,50.0,4,4,0,2026-08-21T23:55:40+00:00
158521,2026-08-04,Sergeli,4,77000,https://hata.uz/en/listings/object/4-9-9-prodam-svoyu-4-h-kom-104-kv-srochno-158521,104.0,9,9,0,2026-08-21T23:55:40+00:00
158528,2026-08-04,Sergeli,4,87900,https://hata.uz/en/listings/object/sergeli-massiv-kuylyuk-7-da-4honali-kvartira-158528,80.0,4,9,0,2026-08-21T23:55:40+00:00
158533,2026-08-04,Sergeli,3,36000,https://hata.uz/en/listings/object/srochna-tulabeyda-kvartira-sotiladi-158533,86.0,3,4,0,2026-08-21T23:55:40+00:00
158538,2026-08-04,Sergeli,3,64900,https://hata.uz/en/listings/object/sergeli-5-3-9-9-metro-2-bekat-158538,85.0,9,9,0,2026-08-21T23:55:40+00:00
158558,2026-08-04,Sergeli,5,125000,https://hata.uz/en/listings/object/ne-makler-prodaetsya-5-komnatnya-kvartira-v-horoshem-v-udomnom-rayone-158558,111.0,3,9,0,2026-08-21T23:55:40+00:00
158562,2026-08-05,Sergeli,2,56500,https://hata.uz/en/listings/object/prodaetsya-2-komnatnaya-kvartira-158562,52.0,8,9,1,2026-08-21T23:55:40+00:00
158578,2026-08-04,Sergeli,2,54000,https://hata.uz/en/listings/object/srochno-sergeli-4-2-4-5-158578,55.0,4,5,0,2026-08-21T23:55:40+00:00
158605,2026-08-05,Sergeli,5,85000,https://hata.uz/en/listings/object/uy-sotiladi-ozimniki-yangi-hayot-dostlik-2-158605,117.0,9,9,0,2026-08-21T23:55:40+00:00
158608,2026-08-04,Uchtepa,2,32000,https://hata.uz/en/listings/object/ipoteka-2-komnatnaya-evrokvartira-v-novostroyke-s-kadastrom-158608,58.0,14,16,1,2026-08-21T23:55:40+00:00
158617,2026-08-04,Uchtepa,3,88000,https://hata.uz/en/listings/object/3-honali-3-1-4-evroremont-158617,60.0,1,4,0,2026-08-21T23:55:40+00:00
158618,2026-08-04,Uchtepa,3,87000,https://hata.uz/en/listings/object/sobstvennik-kvartira-3-6-9-86-m2-158618,86.0,6,9,0,2026-08-21T23:55:40+00:00
158619,2026-08-04,Uchtepa,2,68000,https://hata.uz/en/listings/object/uchtepa-tumani-26-mavzesida-yangi-tamirlangan-honadon-sotiladi-158619,47.0,4,5,0,2026-08-21T23:55:40+00:00
158621,2026-08-04,Uchtepa,4,98000,https://hata.uz/en/listings/object/kvartira-sotiladi-158621,110.0,1,2,1,2026-08-21T23:55:40+00:00
158645,2026-08-04,Shayhontohur,2,69000,https://hata.uz/en/listings/object/srochno-sotiladi-bez-makler-shayhontohur-tum-zhararik-massivda-2-158645,60.4,8,9,0,2026-08-21T23:55:40+00:00
158657,2026-08-05,Uchtepa,3,65000,https://hata.uz/en/listings/object/srochno-prodaetsya-3-komnatnaya-kvartira-v-uchtepinskom-rayone-158657,61.0,5,5,0,2026-08-21T23:55:40+00:00
158660,2026-08-05,Uchtepa,2,76000,https://hata.uz/en/listings/object/uy-sotiladi-srochno-158660,76.5,4,9,1,2026-08-21T23:55:40+00:00
158661,2026-08-05,Uchtepa,3,73000,https://hata.uz/en/listings/object/prodayu-svoyu-kvartiru-158661,65.0,2,16,0,2026-08-21T23:55:40+00:00
158664,2026-08-05,Uchtepa,7,175000,https://hata.uz/en/listings/object/yakkasaroy-goldin-haus-1-etazh-7-hona-158664,153.0,1,8,1,2026-08-21T23:55:40+00:00
158665,2026-08-05,Uchtepa,3,87000,https://hata.uz/en/listings/object/uchtepa-taqachi-87000-kelishamza-158665,72.0,1,5,0,2026-08-21T23:55:40+00:00
158669,2026-08-05,Uchtepa,4,123343,https://hata.uz/en/listings/object/4-h-komnatnaya-kvartira-s-dvorikom-i-parkingom-torg-umesten-158669,130.0,1,9,0,2026-08-21T23:55:40+00:00
158671,2026-08-05,Uchtepa,3,85000,https://hata.uz/en/listings/object/prodaetsya-3-komnata-85-000-ye-algortm31-3-6-9-158671,72.0,6,9,0,2026-08-21T23:55:40+00:00
158673,2026-08-05,Uchtepa,3,160000,https://hata.uz/en/listings/object/prodaetsya-kvartira-3-komnaty-mozhno-pod-ofis-158673,122.0,1,4,0,2026-08-21T23:55:40+00:00
158674,2026-08-05,Uchtepa,3,75000,https://hata.uz/en/listings/object/prodaetesya-kvartira-158674,71.14,3,5,0,2026-08-21T23:55:40+00:00
158675,2026-08-05,Chilonzor,2,75000,https://hata.uz/en/listings/object/srochno-uy-sotiladi-orientir-malika-gostinitsa-158675,41.68,1,4,0,2026-08-21T23:55:40+00:00
158677,2026-08-05,Chilonzor,4,85000,https://hata.uz/en/listings/object/3-xona-4-xona-qilingan-algaritm-158677,90.0,5,9,0,2026-08-21T23:55:40+00:00
158707,2026-08-05,Chilonzor,2,88000,https://hata.uz/en/listings/object/kvartira-2h-komnatnaya-158707,56.0,4,4,0,2026-08-21T23:55:40+00:00
158708,2026-08-05,Chilonzor,2,50000,https://hata.uz/en/listings/object/kvartira-sotiladi-158708,44.0,2,9,0,2026-08-21T23:55:40+00:00
158741,2026-08-05,Chilonzor,2,49200,https://hata.uz/en/listings/object/1-2-xona-salamatina-158741,25.0,4,4,0,2026-08-21T23:55:40+00:00
158748,2026-08-05,Chilonzor,1,57000,https://hata.uz/en/listings/object/chilanzar-3-1-4-4-orientir-pamyatnik-gagarina-158748,30.0,4,4,0,2026-08-21T23:55:40+00:00
158750,2026-08-05,Shayhontohur,1,20500,https://hata.uz/en/listings/object/algoritimdan-1-xonali-dom-sotiladi-33-kvadrat-158750,33.0,8,12,1,2026-08-21T23:55:40+00:00
158755,2026-08-05,Shayhontohur,3,95000,https://hata.uz/en/listings/object/ts-15-zhangoh-shayhontahur-rayon-158755,77.0,5,5,0,2026-08-21T23:55:40+00:00
158770,2026-08-05,Shayhontohur,3,85000,https://hata.uz/en/listings/object/svoya-3-komn-na-gulobode-chorsu-shikarnaya-lokatsiya-158770,65.41,8,9,0,2026-08-21T23:55:40+00:00
158772,2026-08-05,Shayhontohur,3,450000,https://hata.uz/en/listings/object/prodaetsya-3h-kom-kvartira-nest-one-158772,51.0,8,51,1,2026-08-21T23:55:40+00:00
158792,2026-08-05,Shayhontohur,3,85000,https://hata.uz/en/listings/object/gulobodda-chorsu-3-xonali-shinam-uy-sotiladi-narxi-kelishilgan-158792,65.41,8,9,0,2026-08-21T23:55:40+00:00
158801,2026-08-05,Shayhontohur,2,1200,https://hata.uz/en/listings/object/prodaetsya-kvartira-2-6-12-70m2-158801,70.0,6,12,1,2026-08-21T23:55:40+00:00
158816,2026-08-05,Yunusobod,2,66000,https://hata.uz/en/listings/object/yunusobod-novostroyka-kvartira-sotiladi-158816,60.0,4,12,1,2026-08-21T23:55:40+00:00
158821,2026-08-05,Yunusobod,2,75000,https://hata.uz/en/listings/object/srochna-yunusobodda-uy-sotiladi-158821,55.0,1,4,0,2026-08-21T23:55:40+00:00
158843,2026-08-05,Yunusobod,1,49000,https://hata.uz/en/listings/object/yunusabotda-alfraganus-unvestitetida-1-2-4-4-uy-sotiladi-ipotekaga-ham-158843,37.0,4,4,0,2026-08-21T23:55:40+00:00
158849,2026-08-05,Yunusobod,3,64000,https://hata.uz/en/listings/object/novostroyka-3-honali-kv-sotiladi-158849,64.14,8,10,1,2026-08-21T23:55:40+00:00
158852,2026-08-05,Yakkasaroy,3,104900,https://hata.uz/en/listings/object/svoya-2v3-komn-evro-s-mebelyu-i-tehnikoy-posrednikam-ne-bespokoit-158852,58.0,13,17,1,2026-08-21T23:55:40+00:00
158895,2026-08-05,Yakkasaroy,4,140800,https://hata.uz/en/listings/object/yakkasaroy-salamatina-dom-sotiladi-158895,128.0,3,10,1,2026-08-21T23:55:40+00:00
158896,2026-08-05,Yakkasaroy,2,59500,https://hata.uz/en/listings/object/svoya-kvartira-format-2h-komn-makleram-ne-bespokoit-158896,28.0,8,17,1,2026-08-21T23:55:40+00:00
158905,2026-08-05,Yakkasaroy,1,26000,https://hata.uz/en/listings/object/prodaetsya-komnata-v-obschezhitii-158905,18.36,5,5,0,2026-08-21T23:55:40+00:00
158955,2026-08-05,Yashnobod,4,65000,https://hata.uz/en/listings/object/prodaetsya-srochno-svoya-kvartira-3h-v4h-v-yashnabadskom-rayone-vozle-kadysh-158955,90.0,9,9,0,2026-08-21T23:55:40+00:00
158957,2026-08-05,Yashnobod,2,70000,https://hata.uz/en/listings/object/prodaetsya-2-h-kom-kvartira-ul-mahtumkuli-v-zhk-poytaxt-45-m2-2-liniya-158957,45.0,6,9,1,2026-08-21T23:55:40+00:00
158964,2026-08-05,Yashnobod,2,48000,https://hata.uz/en/listings/object/assalom-havo-kadisheva-assalom-havo-kadisheva-2-5-5-srochna-sotiladi-158964,40.0,5,5,1,2026-08-21T23:55:40+00:00
158975,2026-08-05,Yashnobod,3,69500,https://hata.uz/en/listings/object/svoya-prodazha-kvartiry-naprotiv-bazara-kadysheva-158975,70.0,4,5,0,2026-08-21T23:55:40+00:00
158976,2026-08-04,Yashnobod,3,125000,https://hata.uz/en/listings/object/prodazha-kvartiry-dupleks-yashnobad-158976,100.0,4,4,1,2026-08-21T23:55:40+00:00
159878,2026-08-04,Olmazor,1,55000,https://hata.uz/en/listings/object/karakamysh-1-3-1-2-4-159878,40.5,2,4,0,2026-08-21T23:55:40+00:00
159879,2026-08-04,Olmazor,5,100000,https://hata.uz/en/listings/object/svoya-5-3-4-kvartira-medgorodok-ofarin-159879,96.0,3,4,0,2026-08-21T23:55:40+00:00
159880,2026-08-05,Olmazor,1,60000,https://hata.uz/en/listings/object/srochno-zhk-botanika-saroyi-1-kom-60-tysyach-kadastr-imeetsya-159880,39.46,3,16,1,2026-08-21T23:55:40+00:00
159881,2026-08-04,Shayhontohur,5,190000,https://hata.uz/en/listings/object/prodaetsya-5-komn-110-m2-shayhantahur-tsentr-159881,110.0,1,5,0,2026-08-21T23:55:40+00:00
159883,2026-08-04,Olmazor,2,58000,https://hata.uz/en/listings/object/dom-46-m2-2xonali-qilsa-boladi-studiya-holatda-korobka-uy-sotiladi-159883,46.0,3,20,1,2026-08-21T23:55:40+00:00
159887,2026-08-05,Olmazor,5,100000,https://hata.uz/en/listings/object/25-sotu-5-hona-srochniy-159887,240.0,1,1,0,2026-08-21T23:55:40+00:00
159889,2026-08-05,Olmazor,3,57500,https://hata.uz/en/listings/object/novostroyka-keles-159889,67.0,2,9,1,2026-08-21T23:55:40+00:00
160194,2026-08-04,Olmazor,4,72000,https://hata.uz/en/listings/object/uy-sotiladi-srochna-qora-qamish-2-4-160194,75.0,1,4,0,2026-08-21T23:55:40+00:00
160195,2026-08-05,Olmazor,3,84000,https://hata.uz/en/listings/object/sebzor-kvartira-dom-uy-nurafshon-kocha-160195,81.0,9,9,0,2026-08-21T23:55:40+00:00
160198,2026-08-05,Olmazor,2,45000,https://hata.uz/en/listings/object/srochno-prodaetsya-kvartira-160198,40.74,4,4,0,2026-08-21T23:55:40+00:00
160200,2026-08-05,Olmazor,6,115000,https://hata.uz/en/listings/object/srochno-sotiladi-dupeks-kvartira-160200,140.0,2,2,1,2026-08-21T23:55:40+00:00
160212,2026-08-05,Olmazor,3,75000,https://hata.uz/en/listings/object/3-xonali-uy-sotiladi-160212,70.0,3,4,0,2026-08-21T23:55:40+00:00
160213,2026-08-05,Olmazor,4,195000,https://hata.uz/en/listings/object/prodaetsya-kvartira-4-4-9-110-kv-m2-almazar-siti-160213,110.0,4,9,1,2026-08-21T23:55:40+00:00
160218,2026-08-05,Olmazor,3,115000,https://hata.uz/en/listings/object/prodaetsya-kvartira-103-kv-novostroyka-almazarskiy-r-sagbon-3-komnaty-160218,110.0,5,5,1,2026-08-21T23:55:40+00:00
160224,2026-08-05,Olmazor,4,230000,https://hata.uz/en/listings/object/olmazor-nurafshon-kuchasidan-4-1-5-uy-1-liniya-noturar-zhoy-kilsa-buladi-160224,125.0,1,5,0,2026-08-21T23:55:40+00:00
160229,2026-08-05,Olmazor,4,145000,https://hata.uz/en/listings/object/yangi-kvartira-hamma-sharoitlari-jihozlari-bilan-sotiladi-160229,120.0,8,9,1,2026-08-21T23:55:40+00:00
160232,2026-08-05,Olmazor,4,132000,https://hata.uz/en/listings/object/prodaetsya-4h-komnatnaya-kv-160232,110.0,9,9,1,2026-08-21T23:55:40+00:00
160240,2026-08-05,Bektemir,1,9500,https://hata.uz/en/listings/object/prodaetsya-1-komantnoe-pomeschenie-food-city-160240,16.0,2,2,0,2026-08-21T23:55:40+00:00
160241,2026-08-05,Bektemir,2,55000,https://hata.uz/en/listings/object/bektemirda-yangi-kvartira-sotiladi-160241,60.38,4,10,1,2026-08-21T23:55:40+00:00
160244,2026-08-05,Bektemir,3,55000,https://hata.uz/en/listings/object/uy-sotiladi-dom-3-xonali-xamma-sharoitlari-bor-remontlari-urta-xolatda-160244,66.0,2,2,1,2026-08-21T23:55:40+00:00
160248,2026-08-05,Bektemir,2,20000,https://hata.uz/en/listings/object/prodaetsya-kvartira-12-kv-160248,12.0,2,4,0,2026-08-21T23:55:40+00:00
160249,2026-08-05,Bektemir,1,38000,https://hata.uz/en/listings/object/1-honali-honadon-sotiladi-160249,40.0,13,16,0,2026-08-21T23:55:40+00:00
160250,2026-08-05,Bektemir,3,60999,https://hata.uz/en/listings/object/bektemir-tumani-uy-uzimniki-tel-kivurilar-savdolashadigan-zhoyi-bor-160250,71.14,8,10,1,2026-08-21T23:55:40+00:00
160252,2026-08-05,Bektemir,2,49500,https://hata.uz/en/listings/object/prodayu-kvartiru-v-novostroyke-bektemirskiy-r-n-2-14-17-novyy-remont-160252,59.1,14,17,1,2026-08-21T23:55:40+00:00
160253,2026-08-05,Bektemir,5,115000,https://hata.uz/en/listings/object/prodaetsya-5-komnatnaya-kvartira-na-vodnike-160253,110.0,5,9,1,2026-08-21T23:55:40+00:00
160254,2026-08-05,Bektemir,3,60000,https://hata.uz/en/listings/object/uy-sotiladi-3-xonali-xama-sharoyitlari-bor-manzil-bektemir-tumani-160254,65.0,2,2,0,2026-08-21T23:55:40+00:00
160255,2026-08-05,Bektemir,2,43000,https://hata.uz/en/listings/object/vodnikda-2-xona-studiya-farmat-uy-sotiladi-160255,44.0,7,10,1,2026-08-21T23:55:40+00:00
160256,2026-08-05,Bektemir,2,70000,https://hata.uz/en/listings/object/kvartira-s-remontom-gotovyy-160256,60.0,1,4,0,2026-08-21T23:55:40+00:00
160257,2026-08-05,Bektemir,3,60000,https://hata.uz/en/listings/object/prodayu-svoyu-kvartiru-3-1-4-massiv-panelnyy-160257,58.0,1,4,0,2026-08-21T23:55:40+00:00
160281,2026-08-05,Mirobod,2,185000,https://hata.uz/en/listings/object/novaya-kvartira-s-dizaynerskim-remontom-nrj-sobstvennikyangi-tayyor-uy-160281,71.0,12,12,1,2026-08-21T23:55:40+00:00
160282,2026-08-05,Mirobod,4,600000,https://hata.uz/en/listings/object/srochno-prodaetsya-kvartira-160282,180.0,2,5,0,2026-08-21T23:55:40+00:00
160296,2026-08-04,Yashnobod,3,93000,https://hata.uz/en/listings/object/prodaetsya-kvartira-na-obod-makoneferganskoe-shossechayna-taunuzbum-160296,70.0,2,5,1,2026-08-21T23:55:40+00:00
160297,2026-08-05,Mirobod,3,125000,https://hata.uz/en/listings/object/zhk-city-tower-group-3-15-16-uzbum-alfraganus-160297,59.0,15,16,1,2026-08-21T23:55:40+00:00
160315,2026-08-05,Mirzo Ulugbek,4,75000,https://hata.uz/en/listings/object/kvartira-sotiladi-4-hona-160315,77.0,2,4,0,2026-08-21T23:55:40+00:00
160319,2026-08-05,Mirzo Ulugbek,3,92000,https://hata.uz/en/listings/object/prodam-svoyu-kvartiru-160319,67.0,3,5,0,2026-08-21T23:55:40+00:00
160325,2026-08-05,Mirzo Ulugbek,4,89999,https://hata.uz/en/listings/object/parkentskaya-novostroyka-srochno-160325,120.0,1,8,1,2026-08-21T23:55:40+00:00
160326,2026-08-05,Mirzo Ulugbek,3,83000,https://hata.uz/en/listings/object/pradaetsya-kvartira-3-komnatnyy-mirzo-ulugbek-3-1-5-160326,61.0,1,5,0,2026-08-21T23:55:40+00:00
160332,2026-08-05,Mirzo Ulugbek,3,109900,https://hata.uz/en/listings/object/novoystroyka-yangi-uzbekiston-160332,87.0,4,5,1,2026-08-21T23:55:40+00:00
160338,2026-08-05,Mirzo Ulugbek,3,120000,https://hata.uz/en/listings/object/podazha-3h-kvartira-v-parkentsiy-160338,100.0,1,8,1,2026-08-21T23:55:40+00:00
160346,2026-08-05,Mirzo Ulugbek,2,110000,https://hata.uz/en/listings/object/prodazha-kvartira-mirzo-ulugbek-parkent-avenyu-160346,60.0,3,9,1,2026-08-21T23:55:40+00:00
160355,2026-08-05,Sergeli,1,36000,https://hata.uz/en/listings/object/prodaetsya-1-komnatnaya-kvartira-1-4-4-160355,35.0,4,4,0,2026-08-21T23:55:40+00:00
160356,2026-08-05,Sergeli,3,100000,https://hata.uz/en/listings/object/kvartira-160356,75.0,6,10,1,2026-08-21T23:55:40+00:00
160370,2026-08-05,Sergeli,2,69900,https://hata.uz/en/listings/object/sergeli-6a-2-5-7-70-kvmetr-s-kladovkoy-160370,69.96,5,7,0,2026-08-21T23:55:40+00:00
160371,2026-08-05,Sergeli,6,146000,https://hata.uz/en/listings/object/sergeli-7a-6-1-3-evroremont-83-150-m2-dupleks-or-sergeli-3-bekat-160371,232.0,1,3,1,2026-08-21T23:55:40+00:00
160372,2026-08-05,Sergeli,2,39900,https://hata.uz/en/listings/object/toshkent-sergeli-tumani-2-xona-160372,50.0,1,1,1,2026-08-21T23:55:40+00:00
160375,2026-08-05,Sergeli,4,77000,https://hata.uz/en/listings/object/sergeli-8a-dehqon-bozor-roparasida-4-xona-dom-sotiladi-160375,94.7,9,9,0,2026-08-21T23:55:40+00:00
160376,2026-08-05,Sergeli,1,50000,https://hata.uz/en/listings/object/prodaetsya-svoya-1-kom-kvartirav-choshtepa-metrov-2-etazhes-remontom-160376,37.0,1,12,1,2026-08-21T23:55:40+00:00
160382,2026-08-05,Sergeli,2,60000,https://hata.uz/en/listings/object/sergili-7a-2xonali-dom-160382,47.0,7,7,1,2026-08-21T23:55:40+00:00
160390,2026-08-05,Sergeli,2,36000,https://hata.uz/en/listings/object/2-h-komnatnaya-ne-dorogo-srochno-160390,47.0,2,2,0,2026-08-21T23:55:40+00:00
160399,2026-08-05,Uchtepa,4,120000,https://hata.uz/en/listings/object/prodayu-svoyu-4-h-kom-kvartiru-160399,80.0,2,5,0,2026-08-21T23:55:40+00:00
160400,2026-08-05,Uchtepa,2,66000,https://hata.uz/en/listings/object/prodaetsya-2-komnatnaya-evrokvartira-v-novostroyke-s-kadastrom-160400,58.0,14,16,1,2026-08-21T23:55:40+00:00
160409,2026-08-05,Uchtepa,5,150000,https://hata.uz/en/listings/object/prodam-svoyu-kvartiru-chilanzar-15-ykvartal-160409,90.0,1,5,0,2026-08-21T23:55:40+00:00
160415,2026-08-05,Uchtepa,5,86500,https://hata.uz/en/listings/object/kvartira-sotiladi-uchtepa-5-3-3-dubleks-160415,140.0,3,3,1,2026-08-21T23:55:40+00:00
160418,2026-08-05,Uchtepa,2,64000,https://hata.uz/en/listings/object/urikzor-rezident-160418,78.0,8,16,1,2026-08-21T23:55:40+00:00
160419,2026-08-05,Uchtepa,1,74587,https://hata.uz/en/listings/object/zhk-soy-boyi-uchtepinskiy-hokimiat-murad-buildings-908-625-000-sum-prodazha-tashkent-na-olx-160419,47.0,15,15,1,2026-08-21T23:55:40+00:00
160422,2026-08-05,Uchtepa,1,41000,https://hata.uz/en/listings/object/sputnik-4-da-arzon-srochni-1-xona-sotiladi-160422,42.0,4,4,0,2026-08-21T23:55:40+00:00
160426,2026-08-05,Uchtepa,4,85000,https://hata.uz/en/listings/object/prodaetsya-4-h-komnatnaya-kvartira-160426,73.0,5,5,0,2026-08-21T23:55:40+00:00
160439,2026-08-05,Uchtepa,2,75500,https://hata.uz/en/listings/object/uy-sotiladi-uchtepa-taqachida-2xona-3qilingan-160439,58.0,2,5,0,2026-08-21T23:55:40+00:00
160440,2026-08-05,Uchtepa,1,62000,https://hata.uz/en/listings/object/kvartira-sotiladi-srochna-160440,58.74,5,10,1,2026-08-21T23:55:40+00:00
160441,2026-08-05,Uchtepa,3,92000,https://hata.uz/en/listings/object/prodaetsya-3-h-komnatnaya-kvartira-160441,75.0,2,4,0,2026-08-21T23:55:40+00:00
160442,2026-08-05,Uchtepa,3,165000,https://hata.uz/en/listings/object/uchtepa-14-tufiy-14-1b-160442,107.0,1,4,0,2026-08-21T23:55:40+00:00
160443,2026-08-05,Uchtepa,4,135000,https://hata.uz/en/listings/object/prodaetsya-dvuh-urovnevaya-kvartira-chetyreh-etazhnogo-doma-4-kom-140kv-160443,140.0,1,4,1,2026-08-21T23:55:40+00:00
160444,2026-08-05,Uchtepa,3,95000,https://hata.uz/en/listings/object/kvartira-sotiladi-takachi-ozimiki-160444,83.0,5,8,1,2026-08-21T23:55:40+00:00
160445,2026-08-05,Uchtepa,3,90000,https://hata.uz/en/listings/object/uy-sotiladi-navastroyka-160445,170.0,4,4,1,2026-08-21T23:55:40+00:00
160446,2026-08-05,Uchtepa,4,112000,https://hata.uz/en/listings/object/srochno-prodaetsya-kvartira-na-algoritm-31-4-6-9-160446,97.0,6,9,0,2026-08-21T23:55:40+00:00
160447,2026-08-05,Chilonzor,6,155000,https://hata.uz/en/listings/object/prodaetsya-kvartira-tsena-dogovorimsya-160447,190.0,1,3,1,2026-08-21T23:55:40+00:00
160452,2026-08-05,Chilonzor,3,87000,https://hata.uz/en/listings/object/srochno-prodaetsya-3-1-4-chilanzar-6-kv-tts-parus-katartal-160452,70.0,1,4,0,2026-08-21T23:55:40+00:00
160453,2026-08-05,Chilonzor,2,52500,https://hata.uz/en/listings/object/yagi-hayot-yangi-darhon-2-xonali-uy-srochna-sotiladi-160453,59.0,13,16,1,2026-08-21T23:55:40+00:00
160454,2026-08-05,Chilonzor,3,61500,https://hata.uz/en/listings/object/sotiladi-chilonzor-3xona-160454,65.0,4,4,0,2026-08-21T23:55:40+00:00
160459,2026-08-05,Chilonzor,4,97000,https://hata.uz/en/listings/object/prodaetsya-kvartira-chilanzar-160459,75.87,2,4,0,2026-08-21T23:55:40+00:00
160473,2026-08-05,Chilonzor,4,135000,https://hata.uz/en/listings/object/srochno-prodaetsya-kvartira-4-5-2-9-chilanzar-8-kvartal-evro-remont-160473,100.0,2,9,0,2026-08-21T23:55:40+00:00
160477,2026-08-05,Chilonzor,2,58000,https://hata.uz/en/listings/object/svoya-kvartira-prodayu-srochno-160477,77.0,8,8,1,2026-08-21T23:55:40+00:00
160479,2026-08-05,Chilonzor,2,56000,https://hata.uz/en/listings/object/chilonzar-19-kvartal-2h-kom-160479,46.0,4,4,0,2026-08-21T23:55:40+00:00
160488,2026-08-05,Shayhontohur,3,110000,https://hata.uz/en/listings/object/prodaetsya-3-h-kom-ya-kvartira-chorsu-massiv-160488,70.0,1,5,0,2026-08-21T23:55:40+00:00
160491,2026-08-05,Shayhontohur,3,110000,https://hata.uz/en/listings/object/svoya-olmazor-city-3-6-9-160491,77.0,6,9,1,2026-08-21T23:55:40+00:00
160493,2026-08-05,Shayhontohur,3,100000,https://hata.uz/en/listings/object/srochno-prodaetsya-kvartira-pod-ofis-160493,69.0,1,7,1,2026-08-21T23:55:40+00:00
160496,2026-08-05,Shayhontohur,3,121000,https://hata.uz/en/listings/object/3h-komnat-kvartira-na-ts-26-chorsu-versal-s-novym-remontom-3-1-4-160496,70.0,1,4,0,2026-08-21T23:55:40+00:00
160499,2026-08-05,Shayhontohur,2,47000,https://hata.uz/en/listings/object/novostroyka-na-1-y-linii-2-komnatnaya-kvartira-53-kvm-s-terrasoy-160499,53.0,5,5,1,2026-08-21T23:55:40+00:00
160502,2026-08-05,Shayhontohur,2,167000,https://hata.uz/en/listings/object/prodaetsya-kvartira-v-neboskrebe-tashkenta-160502,40.0,10,51,1,2026-08-21T23:55:40+00:00
160503,2026-08-05,Shayhontohur,2,315000,https://hata.uz/en/listings/object/zhk-nest-one-2h-komnatnaya-novaya-eksklyuzivnaya-kvartira-40-etazh-160503,60.0,40,51,1,2026-08-21T23:55:40+00:00
160506,2026-08-05,Shayhontohur,2,110000,https://hata.uz/en/listings/object/kvartira-2-komnatnaya-v-koh-ota-svoya-160506,64.8,6,12,1,2026-08-21T23:55:40+00:00
160515,2026-08-05,Shayhontohur,4,105000,https://hata.uz/en/listings/object/prodaetsya-novostroyka-bel-tepa-ibn-sino-mansarda-4-4-4-160515,215.0,4,4,1,2026-08-21T23:55:40+00:00
160519,2026-08-05,Yunusobod,2,66000,https://hata.uz/en/listings/object/prodaetsya-svoya-kvartira-yunusabad-17-zhk-navdar-2-5-10-62-kvm-160519,62.0,5,10,1,2026-08-21T23:55:40+00:00
160527,2026-08-05,Yunusobod,2,89000,https://hata.uz/en/listings/object/prodaetsya-svoya-1v2-5-9-tsum-posolstvo-turkmenii-korei-160527,46.0,5,9,0,2026-08-21T23:55:40+00:00
160532,2026-08-05,Yunusobod,5,112000,https://hata.uz/en/listings/object/yunusabad-10-prodaetsya-5-komnatnaya-kvartira-na-2-etazhe-112m2-160532,112.0,2,5,0,2026-08-21T23:55:40+00:00
160534,2026-08-05,Yunusobod,3,127900,https://hata.uz/en/listings/object/manzil-yunusobod-tumani-13-mavze-71-uy-160534,90.0,2,9,1,2026-08-21T23:55:40+00:00
160544,2026-08-05,Yunusobod,6,115000,https://hata.uz/en/listings/object/prodaetsya-svoya-kvartira-na-labzake-160544,204.0,4,4,0,2026-08-21T23:55:40+00:00
160553,2026-08-05,Yunusobod,3,255000,https://hata.uz/en/listings/object/3-komnatnaya-s-bolshoy-terassoy-akay-siti-160553,180.0,18,25,1,2026-08-21T23:55:40+00:00
160554,2026-08-05,Yunusobod,1,32500,https://hata.uz/en/listings/object/kvartira-sotiladi-yunusobod-mavsum-korobka-holatda-160554,10.0,2,10,1,2026-08-21T23:55:40+00:00
160567,2026-08-05,Yakkasaroy,2,210000,https://hata.uz/en/listings/object/prodaetsya-kvartira-na-piramit-tower-160567,63.15,22,48,1,2026-08-21T23:55:40+00:00
160577,2026-08-05,Yakkasaroy,3,105000,https://hata.uz/en/listings/object/srochno-prodam-kvartiru-160577,70.75,2,4,0,2026-08-21T23:55:40+00:00
160581,2026-08-05,Yakkasaroy,2,72000,https://hata.uz/en/listings/object/new-port-yakkasaroy-rayonida-premium-klassdagi-uy-160581,45.0,4,16,1,2026-08-21T23:55:40+00:00
160582,2026-08-05,Yakkasaroy,4,140000,https://hata.uz/en/listings/object/novostroyka-dom-yakkasaroy-160582,121.0,3,10,1,2026-08-21T23:55:40+00:00
160584,2026-08-05,Yakkasaroy,1,48300,https://hata.uz/en/listings/object/srochno-srochno-srochno-gorit-yakkasaroy-tumani-salamatina-kuchasi-1-3-5-160584,38.0,3,5,0,2026-08-21T23:55:40+00:00
160586,2026-08-05,Yakkasaroy,3,85000,https://hata.uz/en/listings/object/zhk-binkat-756-kvm-novostroyka-yakkasarayskiy-rayon-160586,75.6,4,14,1,2026-08-21T23:55:40+00:00
160590,2026-08-05,Yakkasaroy,1,64000,https://hata.uz/en/listings/object/yakkasroy-yakkasaray-kushbegi-vtorichka-dom-eski-dom-160590,40.0,2,5,0,2026-08-21T23:55:40+00:00
160592,2026-08-05,Yakkasaroy,2,120000,https://hata.uz/en/listings/object/novostroyka-zhk-prestige-gardens-2-7-14-ul-shota-rustaveli-160592,60.0,7,14,1,2026-08-21T23:55:40+00:00
160593,2026-08-05,Yakkasaroy,3,139000,https://hata.uz/en/listings/object/srochno-kushbegi-3kom-3-9-10-99kvm-yakkasarayskiy-rayon-160593,99.0,9,10,1,2026-08-21T23:55:40+00:00
160597,2026-08-05,Yakkasaroy,6,295000,https://hata.uz/en/listings/object/prodaetsya-kvartira-svoya-160597,202.0,9,10,1,2026-08-21T23:55:40+00:00
160605,2026-08-05,Yakkasaroy,1,51900,https://hata.uz/en/listings/object/svoya-srochno-oz-makon-32-m2-1-15-15-160605,32.08,15,16,1,2026-08-21T23:55:40+00:00
160607,2026-08-05,Yakkasaroy,2,95000,https://hata.uz/en/listings/object/srochno-prodayu-svoyu-kvartiru-yakkasarayskiy-rayon-tsena-dogovornaya-160607,50.0,5,9,1,2026-08-21T23:55:40+00:00
160621,2026-08-05,Yashnobod,4,100000,https://hata.uz/en/listings/object/prodaetsya-4-komnatnaya-kvartira-tuzel-2-4-etazh-108-kvadtranyh-metrov-160621,108.38,4,5,0,2026-08-21T23:55:40+00:00
160629,2026-08-05,Yashnobod,3,125000,https://hata.uz/en/listings/object/prodayu-3-h-komnatnuyu-kvartiru-v-parkent-village-3-4-5-160629,71.5,4,5,1,2026-08-21T23:55:40+00:00
160631,2026-08-05,Yashnobod,2,63490,https://hata.uz/en/listings/object/prodaetsya-novaya-2-k-kvartira-160631,48.5,6,10,1,2026-08-21T23:55:40+00:00
160635,2026-08-05,Yashnobod,3,77000,https://hata.uz/en/listings/object/birlamchi-va-subsidiyaga-3-honali-podklyuch-novostroyka-uzbumdan-160635,70.0,13,16,1,2026-08-21T23:55:40+00:00
160642,2026-08-05,Yashnobod,2,66000,https://hata.uz/en/listings/object/novostroyka-uy-sotiladi-160642,61.0,5,16,1,2026-08-21T23:55:40+00:00
161157,2026-08-05,Olmazor,4,139000,https://hata.uz/en/listings/object/olmazor-city-4-5-9-161157,93.0,5,9,1,2026-08-21T23:55:40+00:00
161158,2026-08-05,Olmazor,5,200000,https://hata.uz/en/listings/object/107-m2-5-5-9-sebzor-naprotiv-riviera-v-dol-dorogi-upakovana-161158,107.0,5,9,0,2026-08-21T23:55:40+00:00
161161,2026-08-05,Olmazor,4,113000,https://hata.uz/en/listings/object/prodaetsya-kvartira-tashkent-na-ulitse-shota-rustaveli-binkat-kvartira-161161,150.0,14,15,1,2026-08-21T23:55:40+00:00
161162,2026-08-05,Olmazor,1,32000,https://hata.uz/en/listings/object/srochno-odnokomnatnaya-kvartira-kuylyuk-3-161162,26.0,3,4,0,2026-08-21T23:55:40+00:00
161163,2026-08-05,Olmazor,4,175000,https://hata.uz/en/listings/object/srochno-yunusobod-4-kvartalda-zarafshon-zhk-4-honali-kv-sotiladi-161163,135.0,1,9,0,2026-08-21T23:55:40+00:00
161165,2026-08-05,Olmazor,3,77000,https://hata.uz/en/listings/object/3-honali-4etazhka-gishtlik-uy-remont-yangi-narhi-kelishiladi-161165,64.0,4,4,0,2026-08-21T23:55:40+00:00
161166,2026-08-05,Olmazor,2,90000,https://hata.uz/en/listings/object/prodaetsya-2-komnatnaya-kvartira-v-nrg-jomiy-s-kadastrom-161166,72.12,7,12,1,2026-08-21T23:55:40+00:00
161167,2026-08-05,Olmazor,3,115000,https://hata.uz/en/listings/object/dom-sotiladi-lakatsiya-bomba-161167,101.0,5,5,1,2026-08-21T23:55:40+00:00
161168,2026-08-05,Olmazor,3,74000,https://hata.uz/en/listings/object/prodam-3-h-komnatnuyu-kvartiru-2-etazh-161168,70.0,2,4,0,2026-08-21T23:55:40+00:00
161169,2026-08-05,Olmazor,1,73000,https://hata.uz/en/listings/object/prodaetsya-svoya-1-komnatnaya-kvartira-peredelannaya-v-2-v-tsentre-goroda-161169,42.0,2,4,0,2026-08-21T23:55:40+00:00
161171,2026-08-05,Olmazor,2,149000,https://hata.uz/en/listings/object/srochno-prodaetsya-novaya-2-h-komnatnaya-kvartira-v-zhk-edison-it-park-161171,70.0,4,8,1,2026-08-21T23:55:40+00:00
161172,2026-08-05,Olmazor,3,63000,https://hata.uz/en/listings/object/prodaetsya-kvartira-3h3h5-104-kvm-161172,104.41,3,5,1,2026-08-21T23:55:40+00:00
161175,2026-08-05,Olmazor,9,189000,https://hata.uz/en/listings/object/srochno-prodam-dyupleks-9-komnatnyy-na-mahtumkuli-161175,260.0,7,7,1,2026-08-21T23:55:40+00:00
161178,2026-08-05,Olmazor,2,81000,https://hata.uz/en/listings/object/jk-golden-house-sagbon-2-xonali-kv-sotiladi-hamma-sharoitlari-bor-161178,50.46,8,9,1,2026-08-21T23:55:40+00:00
161182,2026-08-05,Olmazor,2,110000,https://hata.uz/en/listings/object/kvartira-v-nrg-jomiy-161182,56.0,12,12,1,2026-08-21T23:55:40+00:00
161184,2026-08-05,Olmazor,3,85000,https://hata.uz/en/listings/object/yunusobod-4-kvartol-161184,74.0,3,4,0,2026-08-21T23:55:40+00:00
161187,2026-08-05,Olmazor,4,110000,https://hata.uz/en/listings/object/kvartira-4-kom-svoya-chilanzar-18-kv-161187,87.0,9,9,0,2026-08-21T23:55:40+00:00
161190,2026-08-05,Olmazor,1,55000,https://hata.uz/en/listings/object/prodaetsya-svoya-2hevro-komnatnaya-kvartira-asallom-jomy-v-almazarskom-161190,40.0,11,15,1,2026-08-21T23:55:40+00:00
161192,2026-08-05,Olmazor,3,125000,https://hata.uz/en/listings/object/srochno-prodaetsya-svoya-kvartira-kvartira-sotiladi-ne-torets-161192,113.0,2,4,0,2026-08-21T23:55:40+00:00
161196,2026-08-05,Olmazor,3,92000,https://hata.uz/en/listings/object/prodaetsya-novostroyka-2-kom-peredelanna-v3-kom66-kv-9kv-balkon-161196,66.0,2,9,1,2026-08-21T23:55:40+00:00
161197,2026-08-05,Olmazor,3,95000,https://hata.uz/en/listings/object/3-x-komnatnaya-kvartira-161197,85.0,8,9,0,2026-08-21T23:55:40+00:00
161198,2026-08-05,Olmazor,3,77000,https://hata.uz/en/listings/object/prodaetsya-yangihayatskaya-rayon-sputnik-16-a-novostroyka-161198,74.2,7,7,1,2026-08-21T23:55:40+00:00
161204,2026-08-05,Olmazor,4,95000,https://hata.uz/en/listings/object/prodayu-kvartirukarakamysh-2-1-161204,83.0,1,4,0,2026-08-21T23:55:40+00:00
161209,2026-08-05,Olmazor,1,42000,https://hata.uz/en/listings/object/srochni-kvartira-sotiladi-1-xonali-novastroykadan-161209,40.0,9,16,1,2026-08-21T23:55:40+00:00
161215,2026-08-05,Bektemir,3,68000,https://hata.uz/en/listings/object/prodaetsya-kvartira-na-panelnom-344-161215,66.0,4,4,0,2026-08-21T23:55:40+00:00
161216,2026-08-05,Bektemir,2,57000,https://hata.uz/en/listings/object/uy-sotiladi-2-xona-161216,50.0,1,2,0,2026-08-21T23:55:40+00:00
161217,2026-08-05,Bektemir,1,59000,https://hata.uz/en/listings/object/prodam-svoyu-kvartiru-2-1-5-161217,50.0,1,5,0,2026-08-21T23:55:40+00:00
161219,2026-08-05,Bektemir,4,85000,https://hata.uz/en/listings/object/srochna-sotiladi-4h-honali-shahar-kuylu-1da-4-tomon-bozor-161219,100.0,6,9,0,2026-08-21T23:55:40+00:00
161220,2026-08-05,Bektemir,2,57000,https://hata.uz/en/listings/object/prodaetsya-kv-na-musaffo-maskan-zhk-1-5-17-vse-novoe-161220,48.0,5,17,1,2026-08-21T23:55:40+00:00
161221,2026-08-05,Bektemir,3,65000,https://hata.uz/en/listings/object/kvartira-3-komnatnyy-161221,64.0,2,2,0,2026-08-21T23:55:40+00:00
161222,2026-08-05,Bektemir,3,62000,https://hata.uz/en/listings/object/3-xonali-kivartira-161222,90.0,2,9,1,2026-08-21T23:55:40+00:00
161223,2026-08-05,Bektemir,1,54000,https://hata.uz/en/listings/object/novostroykada-uy-sotiladi-1-hona-161223,49.0,1,9,1,2026-08-21T23:55:40+00:00
161224,2026-08-05,Bektemir,2,55000,https://hata.uz/en/listings/object/uy-sotiladi-2-xonali-bektemir-tumani-vodnik-musaffo-maskan-161224,59.56,5,17,1,2026-08-21T23:55:40+00:00
161230,2026-08-05,Bektemir,2,38000,https://hata.uz/en/listings/object/prodaetsya-kvartira-161230,42.0,9,9,0,2026-08-21T23:55:40+00:00
161234,2026-08-05,Bektemir,2,50000,https://hata.uz/en/listings/object/kvartira-sotiladi-161234,63.0,2,2,0,2026-08-21T23:55:40+00:00
161238,2026-08-05,Bektemir,2,33500,https://hata.uz/en/listings/object/srochno-sotiladi-svoy-kvartira-161238,35.0,4,4,0,2026-08-21T23:55:40+00:00
161239,2026-08-05,Bektemir,2,33500,https://hata.uz/en/listings/object/yuukorichirchikiykota-161239,48.0,1,2,0,2026-08-21T23:55:40+00:00
161241,2026-08-05,Bektemir,2,53700,https://hata.uz/en/listings/object/toshkent-shahar-bektemir-tumanida-2-honali-kvartira-sotiladi-161241,58.8,4,17,0,2026-08-21T23:55:40+00:00
161242,2026-08-05,Bektemir,3,65500,https://hata.uz/en/listings/object/uy-zo-r-joylashuviham-yaxshi-balkon-2x6-161242,78.0,5,5,0,2026-08-21T23:55:40+00:00
161243,2026-08-05,Bektemir,2,58000,https://hata.uz/en/listings/object/prodaetsya-kvartira-2-honali-dom-sotiladi-161243,62.0,2,4,0,2026-08-21T23:55:40+00:00
161252,2026-08-05,Yashnobod,2,65000,https://hata.uz/en/listings/object/prodayu-kvartiru-srochno-161252,45.0,3,4,1,2026-08-21T23:55:40+00:00
161262,2026-08-05,Mirobod,3,105000,https://hata.uz/en/listings/object/srochno-prodaetsya-svoya-3-h-komnatnaya-kvartira-v-samom-tsentre-tashkenta-161262,70.0,5,5,0,2026-08-21T23:55:40+00:00
161269,2026-08-05,Mirobod,3,57400,https://hata.uz/en/listings/object/srochno-prodaetsya-3-2-2-balkon-2-6-orientir-supermarket-magnit-161269,70.0,2,2,0,2026-08-21T23:55:40+00:00
161272,2026-08-05,Mirobod,2,110000,https://hata.uz/en/listings/object/greenwich-holden-house-2-xonali-kvartira-161272,56.7,7,9,1,2026-08-21T23:55:40+00:00
161275,2026-08-05,Mirobod,4,249900,https://hata.uz/en/listings/object/prodaetsya-kvartira-na-darhane-2-etazh-140kv-4-komnatnaya-161275,140.0,2,4,0,2026-08-21T23:55:40+00:00
161288,2026-08-05,Mirobod,3,119000,https://hata.uz/en/listings/object/elbek-3-2-4-pervushka-161288,83.0,2,4,0,2026-08-21T23:55:40+00:00
161303,2026-08-05,Mirzo Ulugbek,2,69000,https://hata.uz/en/listings/object/2-h-komnatnaya-kvartira-kirpich-s-mebelyu-i-tehnikoy-biy-buz-bazar-161303,54.0,2,3,1,2026-08-21T23:55:40+00:00
161312,2026-08-05,Mirzo Ulugbek,3,81500,https://hata.uz/en/listings/object/ipoteka-yalangach-balkon-2h6-s-remontom-66kv-hozyain-klyuchi-v-notariuse-161312,66.0,2,5,0,2026-08-21T23:55:40+00:00
161329,2026-08-05,Mirzo Ulugbek,3,125000,https://hata.uz/en/listings/object/novomoskovskaya-prodaetsya-3-komnatnaya-kvartira-s-remontom-161329,54.6,5,5,0,2026-08-21T23:55:40+00:00
161330,2026-08-05,Mirzo Ulugbek,2,83369,https://hata.uz/en/listings/object/prodazha-2-h-kom-chayhana-salom-ochen-resursnaya-kv-mulugbekskiy-r-n-161330,68.0,6,9,0,2026-08-21T23:55:40+00:00
161336,2026-08-05,Mirzo Ulugbek,1,55000,https://hata.uz/en/listings/object/prodaetsya-1-komnatnaya-kvartira-na-metro-hamza-v-topovoy-lokatsii-161336,25.0,1,4,0,2026-08-21T23:55:40+00:00
161355,2026-08-05,Sergeli,3,76000,https://hata.uz/en/listings/object/yangi-khaet-tumanidan-3-honali-kvartira-sotiladi-161355,72.0,2,7,0,2026-08-21T23:55:40+00:00
161356,2026-08-05,Sergeli,3,60000,https://hata.uz/en/listings/object/kvartira-v-tashkente-161356,59.0,8,10,0,2026-08-21T23:55:40+00:00
161357,2026-08-05,Sergeli,3,80000,https://hata.uz/en/listings/object/srochno-sotiladi-sergeli-novostroyka-3-7-10-evro-remont-161357,80.0,7,10,1,2026-08-21T23:55:40+00:00
161377,2026-08-05,Sergeli,1,46000,https://hata.uz/en/listings/object/srochno-prodaetsya-1-komn-300-m-ot-metro-choshtepa-1-stantsiya-3-etazh-161377,35.0,3,7,1,2026-08-21T23:55:40+00:00
161380,2026-08-05,Sergeli,4,37000,https://hata.uz/en/listings/object/srochna-uy-sotiladi-uzimni-uyim-161380,4.0,1,1,1,2026-08-21T23:55:40+00:00
161383,2026-08-05,Sergeli,1,48000,https://hata.uz/en/listings/object/prodam-kvartiru-v-sergeli-161383,56.0,1,9,0,2026-08-21T23:55:40+00:00
161384,2026-08-05,Sergeli,4,100000,https://hata.uz/en/listings/object/4-xonali-uy-sergelida-4-bekatda-srochna-161384,90.0,4,9,0,2026-08-21T23:55:40+00:00
161385,2026-08-05,Sergeli,2,72000,https://hata.uz/en/listings/object/2-xonali-kvartira-161385,52.49,1,7,1,2026-08-21T23:55:40+00:00
161391,2026-08-05,Sergeli,4,90000,https://hata.uz/en/listings/object/massiv-qoyliq-5-3v4-xonalik-uy-sotiladi-78-m2-161391,78.0,3,5,0,2026-08-21T23:55:40+00:00
161394,2026-08-05,Sergeli,2,53100,https://hata.uz/en/listings/object/prodaetsya-srochno-kvartira-161394,46.1,6,9,1,2026-08-21T23:55:40+00:00
161403,2026-08-05,Uchtepa,3,72000,https://hata.uz/en/listings/object/prodayutsya-3h-kom-rayon-uchtena-adres-algoritm-30-orientir-konechoya-marsh-161403,66.0,9,12,0,2026-08-21T23:55:40+00:00
161405,2026-08-05,Uchtepa,1,60000,https://hata.uz/en/listings/object/kavarira-sotiladi-srochna-161405,58.8,5,10,1,2026-08-21T23:55:40+00:00
161413,2026-08-05,Uchtepa,2,59000,https://hata.uz/en/listings/object/2-honali-uy-sotiladi-161413,56.0,5,9,0,2026-08-21T23:55:40+00:00
161416,2026-08-05,Uchtepa,6,107000,https://hata.uz/en/listings/object/ibn-sino-1-da-6-xonali-uy-sotiladi-161416,144.0,2,9,0,2026-08-21T23:55:40+00:00
161419,2026-08-05,Uchtepa,4,125000,https://hata.uz/en/listings/object/prodaetsya-4xkomnatnaya-kvartira-na-chilanzar-23kvartale-161419,108.0,1,9,0,2026-08-21T23:55:40+00:00
161420,2026-08-05,Uchtepa,2,29000,https://hata.uz/en/listings/object/srochno-sotiladi-urikzor-rezidens-161420,56.0,8,16,1,2026-08-21T23:55:40+00:00
161426,2026-08-05,Uchtepa,3,70000,https://hata.uz/en/listings/object/uchtepa-24-3-9-9-uchtepa-24-3-9-9-161426,72.0,9,9,0,2026-08-21T23:55:40+00:00
161427,2026-08-05,Uchtepa,4,110000,https://hata.uz/en/listings/object/beltepa-bankovskiy-161427,113.0,4,4,0,2026-08-21T23:55:40+00:00
161429,2026-08-05,Uchtepa,3,80000,https://hata.uz/en/listings/object/uchtepa-15-14-43-161429,75.0,6,16,0,2026-08-21T23:55:40+00:00
161430,2026-08-05,Uchtepa,2,61000,https://hata.uz/en/listings/object/2-honali-uy-sotiladi-161430,62.0,5,9,0,2026-08-21T23:55:40+00:00
161431,2026-08-05,Uchtepa,3,95000,https://hata.uz/en/listings/object/prodaetsya-novostroyka-evro-remont-3-5-7-prodazha-po-dogovoru-161431,75.0,5,7,1,2026-08-21T23:55:40+00:00
161433,2026-08-05,Uchtepa,4,110000,https://hata.uz/en/listings/object/uchtepa-tumani-23-mavze-69-uy-161433,92.0,3,9,0,2026-08-21T23:55:40+00:00
161434,2026-08-05,Uchtepa,3,78000,https://hata.uz/en/listings/object/taqchi-ozbek-mahala-3xona-4-etaj-narx-78000-161434,12.0,4,4,0,2026-08-21T23:55:40+00:00
161435,2026-08-05,Chilonzor,2,96000,https://hata.uz/en/listings/object/2-komn-vysokopotolochka-161435,54.0,2,4,0,2026-08-21T23:55:40+00:00
161436,2026-08-05,Chilonzor,3,96000,https://hata.uz/en/listings/object/chilanzar-5-prodazha-3-h-komnatnogo-doma-161436,72.0,2,4,0,2026-08-21T23:55:40+00:00
161439,2026-08-05,Chilonzor,3,115000,https://hata.uz/en/listings/object/svoya-3-2-4-novza-metro-161439,70.0,2,4,0,2026-08-21T23:55:40+00:00
161443,2026-08-05,Chilonzor,3,98000,https://hata.uz/en/listings/object/uchtepa-tumani-12-kvartl-13-b-dom-bankviskiy-uy-100-kv-161443,99.67,4,4,1,2026-08-21T23:55:40+00:00
161454,2026-08-05,Chilonzor,2,65300,https://hata.uz/en/listings/object/2-3-3-5-chilonzor-24-kvartal-shirin-chorraha-razdelka-161454,47.0,3,5,0,2026-08-21T23:55:40+00:00
161471,2026-08-05,Chilonzor,4,125000,https://hata.uz/en/listings/object/chilonzor-24-da-4-xonali-uyimni-sotaman-161471,100.0,8,9,0,2026-08-21T23:55:40+00:00
161474,2026-08-05,Chilonzor,3,82000,https://hata.uz/en/listings/object/prodaetsya-kvartira-ipoteka-tozhe-mozhno-metro-chilanzar-3-h-komnatnyy-161474,72.0,8,9,0,2026-08-21T23:55:40+00:00
161478,2026-08-05,Chilonzor,5,95000,https://hata.uz/en/listings/object/prodaetsya-4-komnatnaya-kvartira-161478,78.0,2,4,0,2026-08-21T23:55:40+00:00
161480,2026-08-05,Chilonzor,2,77000,https://hata.uz/en/listings/object/chilonzor-3-kvartalda-kvartira-sotiladi-2-xonali-evro-remont-161480,42.0,2,4,0,2026-08-21T23:55:40+00:00
161514,2026-08-05,Shayhontohur,2,295000,https://hata.uz/en/listings/object/prodaetsya-kvartira-v-zhk-nest-one-2-10-51-a-blok-161514,58.0,10,51,1,2026-08-21T23:55:40+00:00
161515,2026-08-05,Shayhontohur,3,155000,https://hata.uz/en/listings/object/huvaydoda-keng-kvartira-mansarda-161515,125.0,6,6,0,2026-08-21T23:55:40+00:00
161518,2026-08-05,Shayhontohur,3,95000,https://hata.uz/en/listings/object/sebzorda-3xonali-razdelni-kvartira-sotiladi-161518,74.0,5,5,0,2026-08-21T23:55:40+00:00
161535,2026-08-05,Yunusobod,1,48000,https://hata.uz/en/listings/object/prodaetsya-odnokomnatnaya-kvartira-161535,38.3,8,16,1,2026-08-21T23:55:40+00:00
161537,2026-08-05,Yunusobod,4,89000,https://hata.uz/en/listings/object/prodaetsya-svoya-kvartira-3-4-4-4-yunus-abad-3kv-evroremont-super-tsena-161537,83.0,4,4,0,2026-08-21T23:55:40+00:00
161541,2026-08-05,Yunusobod,1,65000,https://hata.uz/en/listings/object/yunusabad-bozori-oldida-novostroy-kvartirasi-sotiladi-161541,44.0,7,9,1,2026-08-21T23:55:40+00:00
161547,2026-08-05,Yunusobod,2,178000,https://hata.uz/en/listings/object/prodaetsya-elitnaya-kvartira-v-tsentre-tashkenta-161547,57.0,11,14,1,2026-08-21T23:55:40+00:00
161550,2026-08-05,Yunusobod,2,84900,https://hata.uz/en/listings/object/kvartira-sotiladi-uzimniki-yangi-navastroyka-remont-kilingan-161550,60.0,10,10,1,2026-08-21T23:55:40+00:00
161558,2026-08-05,Yunusobod,2,59000,https://hata.uz/en/listings/object/yunusobad-18svoya-2-h-komnatnaya-2-2-5-uluchshenka-161558,57.0,2,5,0,2026-08-21T23:55:40+00:00
161575,2026-08-05,Yakkasaroy,3,200000,https://hata.uz/en/listings/object/3-komnatnaya-kvartira-v-tsentre-tashkenta-110-m2-metro-kosmonavtov-161575,110.0,3,7,0,2026-08-21T23:55:40+00:00
161586,2026-08-05,Yakkasaroy,1,45000,https://hata.uz/en/listings/object/prodaetsya-1-komnatnaya-kvartira-161586,27.44,2,2,0,2026-08-21T23:55:40+00:00
161592,2026-08-05,Yakkasaroy,1,65978,https://hata.uz/en/listings/object/srochno-1-9-9-kvartira-metro-oybek-kosmonavtov-tsum-ipoteka-805-000-000-sum-prodazha-tashkent-na-olx-161592,40.3,9,9,0,2026-08-21T23:55:40+00:00
161607,2026-08-05,Yashnobod,2,76000,https://hata.uz/en/listings/object/assalom-sohil-2-8-9-161607,47.15,8,9,1,2026-08-21T23:55:40+00:00
161611,2026-08-05,Yashnobod,3,85000,https://hata.uz/en/listings/object/kvartira-sotiladi-161611,72.0,4,16,1,2026-08-21T23:55:40+00:00
161613,2026-08-05,Yashnobod,4,99000,https://hata.uz/en/listings/object/43-komnatnaya-kvartira-v-yashnabade-novostroyka-5-10-91m2-kadastr-est-161613,99.8,5,10,1,2026-08-21T23:55:40+00:00
161623,2026-08-05,Yashnobod,4,110000,https://hata.uz/en/listings/object/4-komn-dom-novostroyka-aristocrat-home-161623,96.0,7,8,1,2026-08-21T23:55:40+00:00
161625,2026-08-05,Yashnobod,4,88000,https://hata.uz/en/listings/object/prodayu-svoyu-kvartiru-161625,92.0,5,5,0,2026-08-21T23:55:40+00:00
161633,2026-08-05,Yashnobod,2,85000,https://hata.uz/en/listings/object/prodaetsya-dupleks-evro-kvartira-besh-chinor-161633,45.0,6,11,1,2026-08-21T23:55:40+00:00
162204,2026-08-05,Olmazor,3,95000,https://hata.uz/en/listings/object/3-honali-kvartira-beruniy-metroda-sotiladi-162204,73.0,4,4,0,2026-08-21T23:55:40+00:00
162205,2026-08-05,Olmazor,3,50000,https://hata.uz/en/listings/object/murobot-oltinkol-a-fitrak-kochasi-40a-dom-162205,47.0,2,4,0,2026-08-21T23:55:40+00:00
162207,2026-08-05,Olmazor,2,49000,https://hata.uz/en/listings/object/navastroyka-sotiladi-162207,37.0,1,20,1,2026-08-21T23:55:40+00:00
162211,2026-08-05,Olmazor,3,98000,https://hata.uz/en/listings/object/prodaetsya-dom-novostroyka-162211,69.55,7,10,1,2026-08-21T23:55:40+00:00
162214,2026-08-05,Olmazor,4,140000,https://hata.uz/en/listings/object/qorasaroy-2-dom-11-kv-4-komnot-3-etaj-9-etajka-114-kvadrat-162214,120.0,3,9,0,2026-08-21T23:55:40+00:00
162216,2026-08-05,Olmazor,5,99000,https://hata.uz/en/listings/object/srochno-korasaroyda-5-honali-kvartira-sotiladi-162216,116.0,3,9,0,2026-08-21T23:55:40+00:00
162217,2026-08-05,Olmazor,1,52999,https://hata.uz/en/listings/object/prodaetsya-kvartira-v-zhk-obi-hayot-1-2-11-162217,42.56,2,11,1,2026-08-21T23:55:40+00:00
162218,2026-08-05,Olmazor,2,88900,https://hata.uz/en/listings/object/srochno-skidka-srochno-nrg-jomiy-2-h-kom-162218,71.0,10,12,1,2026-08-21T23:55:40+00:00
162220,2026-08-05,Olmazor,2,68900,https://hata.uz/en/listings/object/prodaetsya-kvartira-na-massive-kara-kamysh-2-1-57-kvm-162220,57.0,1,4,0,2026-08-21T23:55:40+00:00
162224,2026-08-05,Olmazor,3,78000,https://hata.uz/en/listings/object/farabi-tzhm-3-honali-uy-sotiladi-mulzhal-beruniy-m-162224,86.2,6,10,1,2026-08-21T23:55:40+00:00
162225,2026-08-05,Olmazor,1,69000,https://hata.uz/en/listings/object/prodaetsya-kvartira-162225,54.0,5,12,1,2026-08-21T23:55:40+00:00
162226,2026-08-05,Olmazor,1,52000,https://hata.uz/en/listings/object/1-xonali-uy-sotiladi-162226,37.0,6,9,1,2026-08-21T23:55:40+00:00
162227,2026-08-05,Olmazor,2,47000,https://hata.uz/en/listings/object/prodayu-svoyu-2-8-9-karakamysh-2-4-162227,57.94,8,9,0,2026-08-21T23:55:40+00:00
162242,2026-08-05,Bektemir,3,65000,https://hata.uz/en/listings/object/kvartira-srochno-3-komnata-90kv-m-162242,100.0,6,9,0,2026-08-21T23:55:40+00:00
162243,2026-08-05,Bektemir,3,64900,https://hata.uz/en/listings/object/massiv-vodnik-3-komnatnaya-kvartira-162243,70.0,4,4,0,2026-08-21T23:55:40+00:00
162244,2026-08-05,Bektemir,1,15000,https://hata.uz/en/listings/object/sotiladi-bektemir-tumani-musaffo-maskan-1-10-17-novostroyka-162244,40.0,10,17,1,2026-08-21T23:55:40+00:00
162247,2026-08-05,Bektemir,1,50000,https://hata.uz/en/listings/object/svoya-kvartira-3-etazh-1-komnatnaya-4-etazhnogo-doma-vodnik-2-162247,44.0,3,4,0,2026-08-21T23:55:40+00:00
162249,2026-08-05,Bektemir,4,170000,https://hata.uz/en/listings/object/tashkent-bektemirskiy-rayon-4-komnatniy-dom-162249,450.0,1,2,0,2026-08-21T23:55:40+00:00
162252,2026-08-05,Bektemir,2,53000,https://hata.uz/en/listings/object/vodnikda-2-honali-kvartira-sotiladi-162252,45.0,3,4,1,2026-08-21T23:55:40+00:00
162253,2026-08-05,Bektemir,2,60000,https://hata.uz/en/listings/object/dom-toshkent-sotiladi-162253,57.0,3,4,1,2026-08-21T23:55:40+00:00
162255,2026-08-05,Bektemir,2,95000,https://hata.uz/en/listings/object/china-house-64-kvm-plyus-11-kvm-balkon-162255,63.84,9,10,1,2026-08-21T23:55:40+00:00
162257,2026-08-05,Bektemir,3,115000,https://hata.uz/en/listings/object/chilonzor-17-kv-ort-havas-3-2-9-78-kv-162257,78.0,2,9,1,2026-08-21T23:55:40+00:00
162258,2026-08-05,Bektemir,2,83850,https://hata.uz/en/listings/object/kvartira-novostroyka-162258,64.7,7,9,1,2026-08-21T23:55:40+00:00
162261,2026-08-05,Bektemir,2,52000,https://hata.uz/en/listings/object/prodaetsya-2-komnatnaya-kvartira-novostroyka-bektemir-162261,53.0,3,17,0,2026-08-21T23:55:40+00:00
162262,2026-08-05,Bektemir,3,88000,https://hata.uz/en/listings/object/prodam-dom-28-sotik-v-tashkente-fergana-yoli-orintir-sangorit-162262,280.0,1,1,0,2026-08-21T23:55:40+00:00
162267,2026-08-05,Bektemir,1,8000,https://hata.uz/en/listings/object/srochno-prodaetsya-kvartira-v-rassrochku-162267,39.0,4,4,0,2026-08-21T23:55:40+00:00
162268,2026-08-05,Bektemir,2,45000,https://hata.uz/en/listings/object/prodaetsya-2h-komnatnaya-kvartira-v-bektemirskom-rayone-162268,38.0,1,2,0,2026-08-21T23:55:40+00:00
162269,2026-08-05,Bektemir,2,58000,https://hata.uz/en/listings/object/bektemir-tumanida-kvartira-srochna-arzon-narxda-sotiladi-162269,58.0,2,17,1,2026-08-21T23:55:40+00:00
162270,2026-08-05,Bektemir,1,42000,https://hata.uz/en/listings/object/1-honali-kvartira-sotiladi-162270,40.0,13,16,1,2026-08-21T23:55:40+00:00
162271,2026-08-05,Bektemir,1,42000,https://hata.uz/en/listings/object/srochno-prodaetsya-dom-1-kom-162271,28.0,8,9,0,2026-08-21T23:55:40+00:00
162272,2026-08-05,Bektemir,2,51000,https://hata.uz/en/listings/object/musaffo-maskan-2-honali-uy-evroremont-162272,50.0,6,10,0,2026-08-21T23:55:40+00:00
162273,2026-08-05,Bektemir,3,75000,https://hata.uz/en/listings/object/kvartira-3-4-4-162273,76.0,4,4,0,2026-08-21T23:55:40+00:00
162274,2026-08-05,Yashnobod,2,80000,https://hata.uz/en/listings/object/kvartira-2-honali-162274,60.0,6,12,1,2026-08-21T23:55:40+00:00
162283,2026-08-05,Yashnobod,3,85000,https://hata.uz/en/listings/object/3-komnatnaya-kvartira-kirpich-162283,70.0,1,4,0,2026-08-21T23:55:40+00:00
162295,2026-08-05,Mirobod,3,79111,https://hata.uz/en/listings/object/prodaetsya-3x-kvartira-s-remontom-mirabadskiy-rayon-965-000-000-sum-prodazha-tashkent-na-olx-162295,77.0,4,4,0,2026-08-21T23:55:40+00:00
162322,2026-08-05,Mirzo Ulugbek,3,116000,https://hata.uz/en/listings/object/prodam-svoyu-kvartiru-zhk-shahriabad-s-remontom-srochno-162322,90.0,9,11,1,2026-08-21T23:55:40+00:00
162323,2026-08-05,Mirzo Ulugbek,3,91000,https://hata.uz/en/listings/object/prodaetsya-svoya-3-2-5-hudozhnikov-raysobes-yagona-darcha-162323,70.0,2,5,0,2026-08-21T23:55:40+00:00
162327,2026-08-05,Mirzo Ulugbek,2,50000,https://hata.uz/en/listings/object/kvartira-2-komnatnaya-162327,67.0,7,9,1,2026-08-21T23:55:40+00:00
162330,2026-08-05,Mirzo Ulugbek,5,150000,https://hata.uz/en/listings/object/karasu-2-korzinka-prodaetya-162330,110.0,5,5,0,2026-08-21T23:55:40+00:00
162339,2026-08-05,Mirzo Ulugbek,3,79000,https://hata.uz/en/listings/object/srochno-prodaetsya-3-h-komnatnaya-kvartira-3-4-5-yalangach-tennisnyy-kort-162339,67.0,4,5,0,2026-08-21T23:55:40+00:00
162342,2026-08-05,Mirzo Ulugbek,2,66000,https://hata.uz/en/listings/object/dom-sotiladi-navastroyka-mirzo-ulugbek-rayon-162342,55.0,8,10,1,2026-08-21T23:55:40+00:00
162343,2026-08-05,Mirzo Ulugbek,2,39350,https://hata.uz/en/listings/object/prodaetsya-kvartira-novostroyka-v-kibrae-dom-kirpich-480-000-000-sum-prodazha-tashkent-na-olx-162343,58.0,9,9,1,2026-08-21T23:55:40+00:00
162347,2026-08-05,Mirzo Ulugbek,2,86000,https://hata.uz/en/listings/object/86000-ga-sotiladi-kimga-qiziq-bosa-korishila-mumkin-qulay-lakatsiya-162347,57.0,1,9,0,2026-08-21T23:55:40+00:00
162349,2026-08-05,Mirzo Ulugbek,2,65000,https://hata.uz/en/listings/object/prodaetsya-kvartira-2-4-4-s-novym-remontom-i-tehnikoy-162349,54.0,4,4,0,2026-08-21T23:55:40+00:00
162354,2026-08-05,Mirzo Ulugbek,1,69000,https://hata.uz/en/listings/object/svoya-ozmahal-1-kom-kvartira-s-vidom-vo-vdvor-i-na-televyshku-162354,36.73,4,12,1,2026-08-21T23:55:40+00:00
162363,2026-08-05,Mirzo Ulugbek,2,104600,https://hata.uz/en/listings/object/zhk-oz-mahal-2-h-komnatnaya-63-m2-mirzo-ulugbekskiy-162363,57.0,9,11,1,2026-08-21T23:55:40+00:00
162382,2026-08-05,Sergeli,4,90000,https://hata.uz/en/listings/object/sergeli-2-da-kvartira-sotiladi-162382,96.0,2,9,0,2026-08-21T23:55:40+00:00
162383,2026-08-05,Sergeli,4,77000,https://hata.uz/en/listings/object/srochno-prodam-svoya-kvartira-sergeli-2-4-4-4-92kvm-162383,91.0,4,4,0,2026-08-21T23:55:40+00:00
162389,2026-08-05,Sergeli,3,80000,https://hata.uz/en/listings/object/sergeli7-3-8-9-balkon-2-6i2-3-84kvadrat-liftovoy-avtoparkovka-162389,84.0,8,9,0,2026-08-21T23:55:40+00:00
162393,2026-08-05,Sergeli,5,92000,https://hata.uz/en/listings/object/prodaetsya-svoya-5-komnatnaya-kvartira-162393,108.0,5,5,0,2026-08-21T23:55:40+00:00
162394,2026-08-05,Sergeli,6,105000,https://hata.uz/en/listings/object/sergeli-kuruvchi-6-hona-140-kvadrat-162394,140.0,4,9,0,2026-08-21T23:55:40+00:00
162399,2026-08-05,Sergeli,2,62000,https://hata.uz/en/listings/object/choshtepa-2-xonalik-uy-bezmakler-sotiladi-162399,47.0,11,12,0,2026-08-21T23:55:40+00:00
162400,2026-08-05,Sergeli,1,45089,https://hata.uz/en/listings/object/prodaetsya-sputnik-15-1-2-5-550-000-000-sum-prodazha-tashkent-na-olx-162400,41.39,2,5,0,2026-08-21T23:55:40+00:00
162409,2026-08-05,Sergeli,3,42500,https://hata.uz/en/listings/object/prodaetsya-kvartira-svoyu-162409,66.0,2,2,1,2026-08-21T23:55:40+00:00
162411,2026-08-05,Sergeli,2,68000,https://hata.uz/en/listings/object/sergeli-7-2-5-9-ozoda-shifo-162411,60.0,5,9,0,2026-08-21T23:55:40+00:00
162417,2026-08-05,Sergeli,2,54000,https://hata.uz/en/listings/object/prodaetsya-kvartira-v-novostroyke-grand-siti-ploschad-495-m2-162417,49.5,5,6,1,2026-08-21T23:55:40+00:00
162419,2026-08-05,Sergeli,4,72000,https://hata.uz/en/listings/object/kvartira-4x-kom-sergeli-162419,91.0,4,5,0,2026-08-21T23:55:40+00:00
162420,2026-08-05,Sergeli,2,54000,https://hata.uz/en/listings/object/prodaetsya-kvartira-sotiladi-kvartira-2-5-7-162420,54.0,5,7,1,2026-08-21T23:55:40+00:00
162423,2026-08-05,Sergeli,2,60000,https://hata.uz/en/listings/object/sergili-3-metro-yakinida-2-hona-7-etazhi-3-etazh-honadonila-sotiladi-162423,43.0,3,7,1,2026-08-21T23:55:40+00:00
162426,2026-08-05,Sergeli,1,34999,https://hata.uz/en/listings/object/uy-sotiladi-1-honali-green-house-sepreli-indeks-bozori-162426,39.0,8,9,1,2026-08-21T23:55:40+00:00
162428,2026-08-05,Sergeli,3,103000,https://hata.uz/en/listings/object/kvatira-sotiladi-162428,77.0,3,4,1,2026-08-21T23:55:40+00:00
162429,2026-08-05,Sergeli,4,105000,https://hata.uz/en/listings/object/prodazha-kvartiry-1-3-5-162429,78.0,1,5,0,2026-08-21T23:55:40+00:00
162439,2026-08-05,Uchtepa,1,55000,https://hata.uz/en/listings/object/zhk-art-house-kokcha-oktepa-5089kvm-1-6-10-sotiladi-kadastr-bor-162439,50.89,6,10,1,2026-08-21T23:55:40+00:00
162440,2026-08-05,Uchtepa,3,65000,https://hata.uz/en/listings/object/srochno-kvartira-sotiladi-srochno-prodaetsya-kvartira-162440,56.0,3,4,0,2026-08-21T23:55:40+00:00
162443,2026-08-05,Uchtepa,2,110000,https://hata.uz/en/listings/object/prodaetsya-svoya-kvartira-162443,73.5,1,5,1,2026-08-21T23:55:40+00:00
162448,2026-08-05,Uchtepa,4,81000,https://hata.uz/en/listings/object/srochno-prodam-svoy-4-h-komnatnyy-kvartira-162448,93.0,7,9,0,2026-08-21T23:55:40+00:00
162451,2026-08-05,Uchtepa,5,150000,https://hata.uz/en/listings/object/yangi-toshmi-jar-ariqda-5-xonalik-uy-sotiladi-162451,111.0,3,9,0,2026-08-21T23:55:40+00:00
162452,2026-08-05,Uchtepa,4,105000,https://hata.uz/en/listings/object/srochno-prodam-svoya-4-3-5-kirpich-uchtepinskiy-r-n-162452,90.0,3,5,0,2026-08-21T23:55:40+00:00
162453,2026-08-05,Uchtepa,4,88000,https://hata.uz/en/listings/object/kvartira-4-komnatnaya-na-4-etazhe-162453,77.0,4,5,0,2026-08-21T23:55:40+00:00
162454,2026-08-05,Uchtepa,2,71000,https://hata.uz/en/listings/object/uchtepa-urikzorda-dupleks-kvartira-sotiladi-162454,66.0,2,3,1,2026-08-21T23:55:40+00:00
162455,2026-08-05,Uchtepa,4,130000,https://hata.uz/en/listings/object/srochno-prodaetsya-4-komnatnaya-novostroyka-vsemi-udobstvami-162455,124.0,2,3,1,2026-08-21T23:55:40+00:00
162456,2026-08-05,Uchtepa,3,73000,https://hata.uz/en/listings/object/tsh-uch-tepa-tumani-3-xonali-kvartira-srochniy-sotladi-162456,3.0,1,4,0,2026-08-21T23:55:40+00:00
162457,2026-08-05,Uchtepa,2,60000,https://hata.uz/en/listings/object/uchtepa-23-kvartal-azhoyib-narhda-sotiladi-162457,49.0,2,5,0,2026-08-21T23:55:40+00:00
162458,2026-08-05,Uchtepa,2,57000,https://hata.uz/en/listings/object/kvartira-2komtnaya-162458,49.0,1,4,0,2026-08-21T23:55:40+00:00
162459,2026-08-05,Uchtepa,7,54300,https://hata.uz/en/listings/object/chilonzor-uy-sotiladi-novostroyka-srochni-162459,42.0,7,6,1,2026-08-21T23:55:40+00:00
162461,2026-08-05,Uchtepa,2,25900,https://hata.uz/en/listings/object/orikzor-residence-srochniga-2-xonali-uy-sotiladi-2-4-16-162461,70.0,4,16,1,2026-08-21T23:55:40+00:00
162462,2026-08-05,Uchtepa,3,72500,https://hata.uz/en/listings/object/kvartira-sotiladi-162462,82.0,9,9,0,2026-08-21T23:55:40+00:00
162470,2026-08-05,Chilonzor,1,50000,https://hata.uz/en/listings/object/prodam-kvartiru-kirpichnyy-dom-162470,25.44,5,5,0,2026-08-21T23:55:40+00:00
162473,2026-08-05,Chilonzor,3,93000,https://hata.uz/en/listings/object/prodaetsya-3-2-4-ne-torets-mnovza-162473,66.0,2,4,0,2026-08-21T23:55:40+00:00
162480,2026-08-05,Chilonzor,2,75000,https://hata.uz/en/listings/object/prodaetsya-kvartira-s-remontom-uy-remontli-kirib-yashashli-uy-sotiladi-162480,52.45,4,4,0,2026-08-21T23:55:40+00:00
162482,2026-08-05,Chilonzor,3,66500,https://hata.uz/en/listings/object/chilanzar-24-3-1-4-or-r-olmos-tuyhona-162482,60.0,1,4,0,2026-08-21T23:55:40+00:00
162485,2026-08-05,Chilonzor,3,93000,https://hata.uz/en/listings/object/prodaetsya-svoya-3-h-komnatnaya-chilanzar-5-sport-tovary-m-novza-162485,66.0,2,4,0,2026-08-21T23:55:40+00:00
162487,2026-08-05,Chilonzor,2,82000,https://hata.uz/en/listings/object/srochna-navastroyka-sotiladi-2-xona-75-kv-162487,75.0,5,6,1,2026-08-21T23:55:40+00:00
162511,2026-08-05,Shayhontohur,1,125000,https://hata.uz/en/listings/object/nest-one-kvartira-a-blok-162511,34.0,13,51,1,2026-08-21T23:55:40+00:00
162512,2026-08-05,Shayhontohur,3,87000,https://hata.uz/en/listings/object/beltepa-prodaetsya-3h-komnatnaya-kvartira-3-honali-kvartira-sotiladi-162512,82.0,3,9,0,2026-08-21T23:55:40+00:00
162522,2026-08-05,Shayhontohur,3,88000,https://hata.uz/en/listings/object/3-honali-uy-huvaydo-zafarobod-kuchasi-12-dom-63-kvartira-uy-huvaydo-162522,78.0,2,5,0,2026-08-21T23:55:40+00:00
162528,2026-08-05,Shayhontohur,3,103000,https://hata.uz/en/listings/object/labzak-ts12-3-3-4-s-obstanovkoy-parkovka-svoya-sobstvennik-162528,72.0,3,4,0,2026-08-21T23:55:40+00:00
162536,2026-08-05,Shayhontohur,2,95000,https://hata.uz/en/listings/object/prodaetsya-kvartira-okolo-tashkent-siti-koratash-2-2-5-etazhnyy-dom-162536,58.0,2,5,0,2026-08-21T23:55:40+00:00
162543,2026-08-05,Shayhontohur,5,150000,https://hata.uz/en/listings/object/qoraqamish-2-4-168-kv-162543,168.0,1,4,1,2026-08-21T23:55:40+00:00
162547,2026-08-05,Yunusobod,1,44900,https://hata.uz/en/listings/object/prodaetsya-1-komnatnaya-novostroyka-honsaroy-zhk-orzular-8-etazh-479-m2-162547,47.9,8,16,1,2026-08-21T23:55:40+00:00
162551,2026-08-05,Yunusobod,3,190000,https://hata.uz/en/listings/object/zhk-wiston-darhan-3-9-10-162551,116.0,9,10,1,2026-08-21T23:55:40+00:00
162552,2026-08-05,Yunusobod,2,78500,https://hata.uz/en/listings/object/prodayu-svoyu-kvartiru-2h-komnatnaya-55-m2-s-remontom-na-yunusabad-4-162552,55.0,1,4,0,2026-08-21T23:55:40+00:00
162555,2026-08-05,Yunusobod,2,58000,https://hata.uz/en/listings/object/prodaetsya-kvartira-162555,50.0,4,4,0,2026-08-21T23:55:40+00:00
162557,2026-08-05,Yunusobod,3,87000,https://hata.uz/en/listings/object/prodaetsya-kv-3-3-4-yunusabad-11-162557,68.0,3,4,0,2026-08-21T23:55:40+00:00
162563,2026-08-05,Yunusobod,2,59000,https://hata.uz/en/listings/object/prodaetsya-kvartira-zhk-xonsaroy-ocean-2-15-16-5051kv-162563,60.61,15,16,1,2026-08-21T23:55:40+00:00
162564,2026-08-05,Yunusobod,4,125000,https://hata.uz/en/listings/object/srochno-prodayu-4-xonali-yunusobod-tumani-15-kvartalda-yevro-remont-162564,96.0,1,5,0,2026-08-21T23:55:40+00:00
162570,2026-08-05,Yunusobod,2,65000,https://hata.uz/en/listings/object/2-h-komnatnaya-kvartira-162570,57.0,5,5,0,2026-08-21T23:55:40+00:00
162579,2026-08-05,Yunusobod,2,87500,https://hata.uz/en/listings/object/gentlemans-pub-svoya-2-h-komnatnaya-na-ts-5-massiv-kiet-162579,55.0,4,4,0,2026-08-21T23:55:40+00:00
162580,2026-08-05,Yunusobod,2,54900,https://hata.uz/en/listings/object/nrg-zamon-1170-za-kvm-s-gotovym-kadastrom-162580,47.0,1,12,1,2026-08-21T23:55:40+00:00
162582,2026-08-05,Yunusobod,3,83000,https://hata.uz/en/listings/object/prodaetsya-yunusabad-113-4-4-162582,70.0,4,4,0,2026-08-21T23:55:40+00:00
162596,2026-08-05,Yakkasaroy,2,89700,https://hata.uz/en/listings/object/novostroyka-2-3-8-uzbekfilm-69-kvm-162596,69.0,3,8,1,2026-08-21T23:55:40+00:00
162624,2026-08-05,Yakkasaroy,7,197000,https://hata.uz/en/listings/object/yakkasaroy-tekstilnida-yevro-remont-uy-sotiladi-162624,152.0,1,8,1,2026-08-21T23:55:40+00:00
162625,2026-08-05,Yakkasaroy,2,150000,https://hata.uz/en/listings/object/prodaetsya-svoya-2-komnatnaya-s-evro-remontom-s-mebelyu-i-tehnikoy-162625,60.0,3,12,1,2026-08-21T23:55:40+00:00
162640,2026-08-05,Yashnobod,2,73000,https://hata.uz/en/listings/object/kvartira-2-5-10-sotiladi-yashnabod-tumani-olmos-mahalla-162640,67.3,5,10,0,2026-08-21T23:55:40+00:00
162644,2026-08-05,Yashnobod,1,47500,https://hata.uz/en/listings/object/prodayu-1-7-9-kadysheva-162644,47.0,7,9,0,2026-08-21T23:55:40+00:00
162647,2026-08-05,Yashnobod,2,59500,https://hata.uz/en/listings/object/2-5-5-frantsuzkoy-planirovki-remont-2013-g-orientir-rkadyshev-162647,59.0,5,5,0,2026-08-21T23:55:40+00:00
162651,2026-08-05,Yashnobod,2,37000,https://hata.uz/en/listings/object/yashnabad-y-rayonkuylyuk2h-komn-ya-2etazh-2et-kiobshaya-ploshad45kvm-162651,45.0,2,2,0,2026-08-21T23:55:40+00:00
162660,2026-08-05,Yashnobod,2,55000,https://hata.uz/en/listings/object/novostroyka-s-gotovym-kadastrom-55000-162660,45.0,8,8,1,2026-08-21T23:55:40+00:00
162671,2026-08-05,Yashnobod,3,90000,https://hata.uz/en/listings/object/yashnabad-novostroykadan-3honali-kvartira-sotamiz-162671,85.0,8,16,1,2026-08-21T23:55:40+00:00
162674,2026-08-05,Yashnobod,3,89000,https://hata.uz/en/listings/object/prodayu-novostroyku-s-evroremontom-v-zhk-golden-hause-162674,54.0,9,9,1,2026-08-21T23:55:40+00:00
162675,2026-08-05,Yashnobod,3,72000,https://hata.uz/en/listings/object/aviasozlar-1-kadysheva-61-sonli-maktab-enida-162675,68.0,4,4,0,2026-08-21T23:55:40+00:00
162679,2026-08-05,Yashnobod,3,70000,https://hata.uz/en/listings/object/prodaetsya-3-3-9-kvartira-v-panelnyy-v-yashnobodskom-rayone-novostroyka-162679,65.0,3,9,1,2026-08-21T23:55:40+00:00
163287,2026-08-05,Olmazor,2,68000,https://hata.uz/en/listings/object/prodaetsya-novostroyka-s-bolshim-bolkonom-i-udobstvom-163287,60.0,5,9,1,2026-08-21T23:55:40+00:00
163288,2026-08-05,Olmazor,2,56000,https://hata.uz/en/listings/object/prodam-bolshuyu-1-peredelannuyu-v-2h-kv-v-tsentre-na-druzhba-narodov-163288,56000.0,12,12,0,2026-08-21T23:55:40+00:00
163290,2026-08-05,Olmazor,1,27000,https://hata.uz/en/listings/object/kvartira-studio-1-hona-163290,25.0,5,20,1,2026-08-21T23:55:40+00:00
163292,2026-08-05,Olmazor,1,24589,https://hata.uz/en/listings/object/sotiladi-kvartira-karobka-kholatida-300-000-000-sum-prodazha-tashkent-na-olx-163292,25.0,13,20,1,2026-08-21T23:55:40+00:00
163293,2026-08-05,Olmazor,4,102500,https://hata.uz/en/listings/object/prodaetsya-karasaray-4kom-uy-sotiladi-olmazor-tumani-qorasaroy-4-xona-163293,110.0,8,9,0,2026-08-21T23:55:40+00:00
163294,2026-08-05,Olmazor,4,145000,https://hata.uz/en/listings/object/prodaetsya-kvarita-v-zhk-golden-house-sagbon-163294,97.0,2,9,1,2026-08-21T23:55:40+00:00
163295,2026-08-05,Olmazor,1,49000,https://hata.uz/en/listings/object/yangi-olmozor-9g-9-etazh-33-kvartira-163295,5.0,9,9,0,2026-08-21T23:55:40+00:00
163296,2026-08-05,Olmazor,3,70000,https://hata.uz/en/listings/object/prodaetsya-svoya-3-4-4-korakamysh-1-3-163296,69.58,4,4,0,2026-08-21T23:55:40+00:00
163299,2026-08-05,Olmazor,12,450000,https://hata.uz/en/listings/object/yunusobod-tumani-benazir-2-berk-3-b-uy-163299,10.0,1,1,0,2026-08-21T23:55:40+00:00
163302,2026-08-05,Olmazor,5,127000,https://hata.uz/en/listings/object/dubleks-kvartira-75-75-163302,150.0,2,4,1,2026-08-21T23:55:40+00:00
163307,2026-08-05,Olmazor,2,66000,https://hata.uz/en/listings/object/beruniy-metroda-2-4-5-uy-sotiladi-srochna-eko-bozor-gul-bozorni-orqasi-163307,45.0,4,5,0,2026-08-21T23:55:40+00:00
163308,2026-08-05,Olmazor,1,58000,https://hata.uz/en/listings/object/1-2-8-12-algoritm-30-muhlisa-orientir-promstroybank-163308,55.0,8,12,0,2026-08-21T23:55:40+00:00
163311,2026-08-05,Olmazor,4,92000,https://hata.uz/en/listings/object/srochno-prodaetsya-163311,88.0,2,4,0,2026-08-21T23:55:40+00:00
163316,2026-08-05,Olmazor,4,90000,https://hata.uz/en/listings/object/srochno-prodaetsya-4-3-4chilanzar-14-kvartal-4-komnatnaya-kvartira-163316,75.0,3,4,0,2026-08-21T23:55:40+00:00
163320,2026-08-05,Olmazor,3,69900,https://hata.uz/en/listings/object/almazarskiy-rayon-med-gorodok-novyy-remont-163320,57.0,1,5,0,2026-08-21T23:55:40+00:00
163326,2026-08-05,Olmazor,3,1000,https://hata.uz/en/listings/object/qora-qamish-bitonka-dom-kvartira-163326,82.0,6,9,1,2026-08-21T23:55:40+00:00
163331,2026-08-05,Olmazor,4,150000,https://hata.uz/en/listings/object/kvartira-korobka-v-novostroyke-136m2-163331,137.0,2,7,1,2026-08-21T23:55:40+00:00
163346,2026-08-05,Bektemir,2,73000,https://hata.uz/en/listings/object/prodam-kvartira-2-kom-svoya-yunusabad-19-kvartal-163346,62.0,3,5,0,2026-08-21T23:55:40+00:00
163347,2026-08-05,Bektemir,2,42000,https://hata.uz/en/listings/object/2-h-komnatnaya-kvartira-2-xonali-kvartira-163347,55.0,1,2,0,2026-08-21T23:55:40+00:00
163349,2026-08-05,Bektemir,4,38000,https://hata.uz/en/listings/object/4-honali-uy-sotiladi-163349,3.0,1,1,1,2026-08-21T23:55:40+00:00
163350,2026-08-05,Bektemir,2,45000,https://hata.uz/en/listings/object/prodaetsya-2h-komnatnaya-kvartira-163350,54.0,1,2,0,2026-08-21T23:55:40+00:00
163354,2026-08-05,Bektemir,3,68000,https://hata.uz/en/listings/object/prodaetsya-3-2-4-bektemir-tuman-vodnik-163354,74.0,2,4,0,2026-08-21T23:55:40+00:00
163357,2026-08-05,Bektemir,3,58500,https://hata.uz/en/listings/object/karopka-uy-sotiladi-orinter-kuyluk-targoviy-tsentr-kompas-dan-200-metr-163357,70.0,5,8,1,2026-08-21T23:55:40+00:00
163363,2026-08-05,Bektemir,1,16500,https://hata.uz/en/listings/object/urtachirchik-tumani-opytnyyda1hona-2etazh-2et-dakuylikdan-4km-163363,20.0,2,2,0,2026-08-21T23:55:40+00:00
163365,2026-08-05,Bektemir,3,66000,https://hata.uz/en/listings/object/3-hona-bektemir-tumani-163365,64.0,1,4,0,2026-08-21T23:55:40+00:00
163367,2026-08-05,Bektemir,3,70000,https://hata.uz/en/listings/object/bektemir-tumani-abay-mahallasi-rohat-kochasi-15-uy-2-xonadon-163367,65.0,10,1,1,2026-08-21T23:55:40+00:00
163368,2026-08-05,Bektemir,3,40000,https://hata.uz/en/listings/object/uy-sotiladi-e-obmen-163368,70.0,1,2,0,2026-08-21T23:55:40+00:00
163370,2026-08-05,Bektemir,2,50000,https://hata.uz/en/listings/object/kvartira-2-kom-kirpichnyy-163370,61.0,2,2,0,2026-08-21T23:55:40+00:00
163371,2026-08-05,Bektemir,2,35000,https://hata.uz/en/listings/object/kvartira-sotiladi-163371,60.0,1,2,0,2026-08-21T23:55:40+00:00
163372,2026-08-05,Bektemir,3,50000,https://hata.uz/en/listings/object/prodam-kvartiru-v-binakre-163372,60.0,2,2,0,2026-08-21T23:55:40+00:00
163375,2026-08-05,Bektemir,3,29700,https://hata.uz/en/listings/object/srochna-uy-sotiladi-163375,34.83,3,4,0,2026-08-21T23:55:40+00:00
163376,2026-08-05,Bektemir,2,70000,https://hata.uz/en/listings/object/dvuh-komnatnaya-kvartira-s-remontom-163376,60.0,2,9,0,2026-08-21T23:55:40+00:00
163378,2026-08-05,Bektemir,3,53000,https://hata.uz/en/listings/object/dom-sotiladi-srochna-163378,67.0,4,4,0,2026-08-21T23:55:40+00:00
163379,2026-08-05,Bektemir,2,62000,https://hata.uz/en/listings/object/prodaetsya-kvartira-163379,64.0,4,4,0,2026-08-21T23:55:40+00:00
163380,2026-08-05,Bektemir,4,85000,https://hata.uz/en/listings/object/dom-sotiladi-4-xonali-163380,82.0,2,2,1,2026-08-21T23:55:40+00:00
163388,2026-08-05,Yashnobod,3,130000,https://hata.uz/en/listings/object/svoya-3-3-9-new-life-mahtumkuli-163388,80.0,3,9,1,2026-08-21T23:55:40+00:00
163395,2026-08-05,Mirobod,2,102900,https://hata.uz/en/listings/object/prodaetsya-kvartira-na-zhk-alfraganus-2-7-9-163395,52.0,7,9,1,2026-08-21T23:55:40+00:00
163397,2026-08-05,Mirobod,4,128000,https://hata.uz/en/listings/object/srochno-svoya-kvartira-3-v-4-8-9-163397,100.0,8,9,0,2026-08-21T23:55:40+00:00
163406,2026-08-05,Mirobod,5,95000,https://hata.uz/en/listings/object/5-komnatnaya-kvartira-v-mirabadskom-rayone-ryadom-park-furkat-163406,108.0,5,5,0,2026-08-21T23:55:40+00:00
163407,2026-08-05,Mirobod,2,186900,https://hata.uz/en/listings/object/tsentr-1-etazh-pervaya-liniya-pod-bizness-163407,70.0,1,3,0,2026-08-21T23:55:40+00:00
163413,2026-08-05,Mirobod,5,135000,https://hata.uz/en/listings/object/prodaetsya-kvartira-150-kv-m-163413,150.0,10,10,1,2026-08-21T23:55:40+00:00
163415,2026-08-05,Mirobod,2,67500,https://hata.uz/en/listings/object/prodazha-2-h-komn-kvartiry-kuylyuk-5-163415,72.07,4,9,1,2026-08-21T23:55:40+00:00
163426,2026-08-05,Mirobod,3,118000,https://hata.uz/en/listings/object/amir-temur-shoh-said-baraka-tsentr-svoya-3h-komn-kvartira-163426,69.16,3,4,0,2026-08-21T23:55:40+00:00
163431,2026-08-05,Mirobod,2,78500,https://hata.uz/en/listings/object/zhk-city-tower-group-uzbum-2-8-16-alfraganus-uzbum-uzbum-163431,36.28,8,16,1,2026-08-21T23:55:40+00:00
163434,2026-08-05,Mirobod,1,49500,https://hata.uz/en/listings/object/sotiladi-1-honali-kvartira-50-kvm-novostroyka-mirabadskiy-rayon-163434,50.0,5,12,1,2026-08-21T23:55:40+00:00
163459,2026-08-05,Mirzo Ulugbek,3,140000,https://hata.uz/en/listings/object/prodaetsya-kvartira-ozmahal-163459,57.0,11,14,1,2026-08-21T23:55:40+00:00
163468,2026-08-05,Mirzo Ulugbek,3,130000,https://hata.uz/en/listings/object/3-2-7-zhk-oq-saroy-de-lux-163468,87.0,2,7,1,2026-08-21T23:55:40+00:00
163471,2026-08-05,Mirzo Ulugbek,2,48000,https://hata.uz/en/listings/object/kvartira-2kom-1-etazh-163471,35.0,1,4,0,2026-08-21T23:55:40+00:00
163515,2026-08-05,Sergeli,2,15750,https://hata.uz/en/listings/object/nurafshonda-toytepa-1-xonali-uy-2-xona-qilingan-43-kv-metr-sotiladi-163515,43.0,5,9,1,2026-08-21T23:55:40+00:00
163518,2026-08-05,Sergeli,3,62000,https://hata.uz/en/listings/object/sputnik-16a-srochnoprodam-svoyu-kv3-10-16skvoznaya-planirovka-sputnik-16a-163518,77.0,10,16,1,2026-08-21T23:55:40+00:00
163521,2026-08-05,Sergeli,2,57500,https://hata.uz/en/listings/object/prodam-svoyu-dvuhkomnatnuyu-kvartiru-yangihaetskiy-rayon-163521,57.0,2,5,0,2026-08-21T23:55:40+00:00
163525,2026-08-05,Sergeli,5,70000,https://hata.uz/en/listings/object/sergili-kamenterinda-uy-sotiladi-163525,2.2,1,1,1,2026-08-21T23:55:40+00:00
163526,2026-08-05,Sergeli,1,29900,https://hata.uz/en/listings/object/svoya-srochno-1-komn-sergeli-index-bazar-163526,28.0,1,1,0,2026-08-21T23:55:40+00:00
163527,2026-08-05,Sergeli,4,85000,https://hata.uz/en/listings/object/4-komnatnaya-kvartira-100-m2-sergeli-massiv-stroitel-163527,100.0,9,9,0,2026-08-21T23:55:40+00:00
163528,2026-08-05,Sergeli,3,77000,https://hata.uz/en/listings/object/prodaetsya-kvartira-163528,80.0,1,9,0,2026-08-21T23:55:40+00:00
163537,2026-08-05,Sergeli,2,75000,https://hata.uz/en/listings/object/126-kvmv-korobka-dupleks-tashkente-honabod-kuruvchi-163537,126.0,1,3,1,2026-08-21T23:55:40+00:00
163549,2026-08-05,Sergeli,1,43500,https://hata.uz/en/listings/object/kvartira-sergeli-novostroyka-1-hona-uy-kvartira-163549,37.0,2,2,1,2026-08-21T23:55:40+00:00
163556,2026-08-05,Sergeli,3,65000,https://hata.uz/en/listings/object/srochno-prodaetsya-kvartira-3-hona-sergeli-6a-163556,49.0,6,7,0,2026-08-21T23:55:40+00:00
163558,2026-08-05,Sergeli,2,62000,https://hata.uz/en/listings/object/prodaetsya-dvuh-komnatnaya-kvartira-sergeli-4-163558,60.0,4,5,0,2026-08-21T23:55:40+00:00
163563,2026-08-05,Sergeli,3,95000,https://hata.uz/en/listings/object/sergeyli-birda-kvartira-sotladi-evro-remont-mebeli-tenikasi-bilan-163563,127.0,2,7,1,2026-08-21T23:55:40+00:00
163569,2026-08-05,Sergeli,2,56963,https://hata.uz/en/listings/object/sergeli-green-haus-693-000-000-sum-prodazha-tashkent-na-olx-163569,63.0,6,9,1,2026-08-21T23:55:40+00:00
163570,2026-08-05,Sergeli,3,85000,https://hata.uz/en/listings/object/kvartira-sotiladi-163570,84.0,3,9,0,2026-08-21T23:55:40+00:00
163585,2026-08-05,Sergeli,3,55500,https://hata.uz/en/listings/object/3hona-kilingan-yangihaet-metro-kipchok-150-metr-kv-sotiladishoshilinch-163585,50.0,5,5,1,2026-08-21T23:55:40+00:00
163587,2026-08-05,Uchtepa,3,77000,https://hata.uz/en/listings/object/uch-tepa-novostroyka-163587,77.0,3,3,1,2026-08-21T23:55:40+00:00
163588,2026-08-05,Uchtepa,3,120000,https://hata.uz/en/listings/object/prodayu-kvartiru-na-darhane-163588,68.0,5,9,0,2026-08-21T23:55:40+00:00
163591,2026-08-05,Uchtepa,5,100000,https://hata.uz/en/listings/object/prodaetsya-kvartira-shayhantohur-massiv-belte-163591,118.0,5,1,0,2026-08-21T23:55:40+00:00
163595,2026-08-05,Uchtepa,1,65000,https://hata.uz/en/listings/object/uchtepiskiy-rayon-163595,54.0,1,5,0,2026-08-21T23:55:40+00:00
163598,2026-08-05,Uchtepa,3,145000,https://hata.uz/en/listings/object/prodaetsya-kvartira-novostroyka-soy-boyi-murad-bilding-163598,90.0,6,15,1,2026-08-21T23:55:40+00:00
163602,2026-08-05,Uchtepa,6,290815,https://hata.uz/en/listings/object/dupleks-novostroyka-6-komnatnaya-kvartira-3-538-000-000-sum-prodazha-tashkent-na-olx-163602,202.0,5,5,1,2026-08-21T23:55:40+00:00
163606,2026-08-05,Uchtepa,3,89500,https://hata.uz/en/listings/object/kvartira-algoritm-31kv-163606,75.0,4,5,1,2026-08-21T23:55:40+00:00
163607,2026-08-05,Uchtepa,3,88000,https://hata.uz/en/listings/object/prodaetsya-svoya-kvartira-algoritm-31rodaetsya-3-h-komnatnaya-kvartira-163607,72.0,3,4,0,2026-08-21T23:55:40+00:00
163609,2026-08-05,Uchtepa,2,55000,https://hata.uz/en/listings/object/orikzor-residens-163609,54.29,5,16,1,2026-08-21T23:55:40+00:00
163622,2026-08-05,Uchtepa,4,75000,https://hata.uz/en/listings/object/prodayu-3-4-komnateuyu-163622,86.0,12,12,0,2026-08-21T23:55:40+00:00
163624,2026-08-05,Uchtepa,3,780,https://hata.uz/en/listings/object/prodaetsya-kvartira-novostroyka-9-500-000-sum-prodazha-tashkent-na-olx-163624,100.8,6,10,1,2026-08-21T23:55:40+00:00
163628,2026-08-05,Uchtepa,3,85000,https://hata.uz/en/listings/object/kvartira-sotilad-163628,83.0,2,3,1,2026-08-21T23:55:40+00:00
163630,2026-08-05,Uchtepa,2,70000,https://hata.uz/en/listings/object/kvartira-sotiladi-163630,60.0,3,9,0,2026-08-21T23:55:40+00:00
163631,2026-08-05,Uchtepa,2,65000,https://hata.uz/en/listings/object/uchtepa-tumani-hokimyat-choraxasida-15-kv-163631,50.0,2,4,0,2026-08-21T23:55:40+00:00
163632,2026-08-05,Uchtepa,2,76000,https://hata.uz/en/listings/object/uy-sotiladi-67kv-urigzor-residins-163632,2.0,12,16,1,2026-08-21T23:55:40+00:00
163633,2026-08-05,Uchtepa,2,76000,https://hata.uz/en/listings/object/uy-sotiladi-urigzor-residins-163633,2.0,12,12,1,2026-08-21T23:55:40+00:00
163634,2026-08-05,Uchtepa,3,120000,https://hata.uz/en/listings/object/takachi-novostroyka-3-2-6-163634,90.0,2,6,1,2026-08-21T23:55:40+00:00
163635,2026-08-05,Uchtepa,3,90000,https://hata.uz/en/listings/object/prodaetsya-kvartira-163635,80.0,3,4,0,2026-08-21T23:55:40+00:00
163636,2026-08-05,Uchtepa,4,93000,https://hata.uz/en/listings/object/uy-sotiladi-toshkent-163636,120.0,3,5,0,2026-08-21T23:55:40+00:00
163639,2026-08-05,Uchtepa,2,58000,https://hata.uz/en/listings/object/prodaetsya-2-4-4-perekrestok-shirin-farhadskiy-163639,44.0,4,4,0,2026-08-21T23:55:40+00:00
163641,2026-08-05,Uchtepa,1,55000,https://hata.uz/en/listings/object/1-komnatnaya-kvartira-163641,40.89,8,9,0,2026-08-21T23:55:40+00:00
163642,2026-08-05,Uchtepa,3,80000,https://hata.uz/en/listings/object/prodaetsya-na-algoritm-30kvartal-70m2-163642,70.0,10,12,0,2026-08-21T23:55:40+00:00
163644,2026-08-05,Uchtepa,3,80000,https://hata.uz/en/listings/object/kvartira-sotiladi-3-2-5-163644,70.0,2,5,0,2026-08-21T23:55:40+00:00
163648,2026-08-05,Chilonzor,2,89900,https://hata.uz/en/listings/object/srochno-prodaetsya-navastroyka-chilanzar-25-kvartal-163648,75.0,5,6,1,2026-08-21T23:55:40+00:00
163660,2026-08-05,Chilonzor,4,110000,https://hata.uz/en/listings/object/prodaetsya-4-komnatnaya-chilanzar-19kv-4-1-4-163660,79.0,1,4,0,2026-08-21T23:55:40+00:00
163661,2026-08-05,Chilonzor,2,58500,https://hata.uz/en/listings/object/kvatira-srochna-sotiladi-163661,48.0,4,4,0,2026-08-21T23:55:40+00:00
163666,2026-08-05,Chilonzor,2,63500,https://hata.uz/en/listings/object/2-komnatnaya-peredelannaya-v-3-chilanzar-17-or-r-parlament-163666,47.0,4,4,0,2026-08-21T23:55:40+00:00
163667,2026-08-05,Chilonzor,3,80000,https://hata.uz/en/listings/object/chilonzor-15-14-43-uchtepa-hokimyat-16-etajkani-6-etaji-163667,70.0,6,16,0,2026-08-21T23:55:40+00:00
163676,2026-08-05,Chilonzor,4,98000,https://hata.uz/en/listings/object/4-xonali-uy-sotiladi-163676,86.0,6,9,0,2026-08-21T23:55:40+00:00
163687,2026-08-05,Shayhontohur,2,235000,https://hata.uz/en/listings/object/prodazha-svoya-2-2-8-tashkent-siti-zhk-gardens-residence-163687,46.0,2,8,1,2026-08-21T23:55:40+00:00
163693,2026-08-05,Shayhontohur,5,190000,https://hata.uz/en/listings/object/prodaetsya-svoya-kvartira-163693,200.0,4,4,1,2026-08-21T23:55:40+00:00
163704,2026-08-05,Shayhontohur,3,90000,https://hata.uz/en/listings/object/prodayu-svoyu-3-h-komnatnuyu-kvartiru-na-metro-tinchlik-163704,64.0,4,4,0,2026-08-21T23:55:40+00:00
163709,2026-08-05,Shayhontohur,6,160000,https://hata.uz/en/listings/object/215-m2-penthaus-minor-malika-anhor-163709,215.0,10,10,1,2026-08-21T23:55:40+00:00
163710,2026-08-05,Shayhontohur,1,59000,https://hata.uz/en/listings/object/ts13-shayhontohur-rayon-163710,40.0,4,4,0,2026-08-21T23:55:40+00:00
163730,2026-08-05,Shayhontohur,3,80000,https://hata.uz/en/listings/object/prodam-kvartiru-v-labzake-163730,72.0,9,9,0,2026-08-21T23:55:40+00:00
163737,2026-08-05,Yunusobod,4,94000,https://hata.uz/en/listings/object/srochno-yunusabad-19-4-2-5-98-kvm-163737,94.0,2,5,0,2026-08-21T23:55:40+00:00
163753,2026-08-05,Yunusobod,3,149800,https://hata.uz/en/listings/object/prodaetsya-3-3-10-novostroyka-zhk-minor-river-163753,85.0,3,10,1,2026-08-21T23:55:40+00:00
163765,2026-08-05,Yunusobod,4,270000,https://hata.uz/en/listings/object/bez-makler-novostroyka-ot-goldek-haus-zhiloy-kompleks-ettichinor-svoya-163765,140.0,3,7,1,2026-08-21T23:55:40+00:00
163775,2026-08-05,Yunusobod,2,86000,https://hata.uz/en/listings/object/prodaetsya-2-h-komnatnaya-kvartira-na-chinabade-na-1-m-etazhe-163775,53.0,1,10,1,2026-08-21T23:55:40+00:00
163804,2026-08-05,Yakkasaroy,2,88300,https://hata.uz/en/listings/object/prodaetsya-2-3-2-5-na-chilanzare-163804,56.0,2,5,0,2026-08-21T23:55:40+00:00
163811,2026-08-05,Yakkasaroy,2,104900,https://hata.uz/en/listings/object/prodam-svoyu-evro-kvartiru-posrednikov-prosba-ne-bespokoit-163811,55.0,13,17,1,2026-08-21T23:55:40+00:00
163813,2026-08-05,Yakkasaroy,3,125000,https://hata.uz/en/listings/object/kushbegida-3-honali-3-kavat-5-kavatli-dom-163813,78.0,3,5,0,2026-08-21T23:55:40+00:00
163817,2026-08-05,Yashnobod,2,49000,https://hata.uz/en/listings/object/prodaetsya-kvartira2-komnaty-163817,50.0,2,2,0,2026-08-21T23:55:40+00:00
163826,2026-08-05,Yashnobod,2,80000,https://hata.uz/en/listings/object/srochno-redkaya-2-h-komnatnaya-kvartira-kadysheva-i-metro-tuzel-ryadomzizh-163826,53.58,4,4,0,2026-08-21T23:55:40+00:00
163836,2026-08-05,Yashnobod,3,77000,https://hata.uz/en/listings/object/srochno-prodaetsya-evro-3h-kom-kvartira-zhkozzamin-maszhid-islomota-163836,51.5,8,15,1,2026-08-21T23:55:40+00:00
163838,2026-08-05,Yashnobod,3,80000,https://hata.uz/en/listings/object/prodaetsya-kvartira-163838,72.0,7,9,0,2026-08-21T23:55:40+00:00
163841,2026-08-05,Yashnobod,1,27000,https://hata.uz/en/listings/object/prodaetsya-kvartira-1-4-4-163841,22.0,4,4,0,2026-08-21T23:55:40+00:00
163842,2026-08-05,Yashnobod,3,80000,https://hata.uz/en/listings/object/100-kvm-3-komn-8-etazh-obi-hayot-risovyy-bazar-163842,100.0,8,11,1,2026-08-21T23:55:40+00:00
163860,2026-08-05,Yashnobod,2,54900,https://hata.uz/en/listings/object/srochno-2-komnatnaya-kvartira-svoya-risovyy-163860,55.0,4,4,0,2026-08-21T23:55:40+00:00
163866,2026-08-05,Yashnobod,4,120000,https://hata.uz/en/listings/object/prodaetsya-4-kom-kvartira-163866,88.21,7,9,0,2026-08-21T23:55:40+00:00
164390,2026-08-05,Olmazor,2,75000,https://hata.uz/en/listings/object/prodaetsya-2h-komnatnaya-kvartira-na-sagbane-zhk-nurafshonsaroy-164390,68.0,7,10,1,2026-08-21T23:55:40+00:00
164396,2026-08-05,Olmazor,5,180000,https://hata.uz/en/listings/object/prodaetsya-kvartira-5-5-9-164396,200.0,5,9,0,2026-08-21T23:55:40+00:00
164397,2026-08-05,Olmazor,3,80000,https://hata.uz/en/listings/object/medgaradok-3-xona-164397,66.0,4,4,0,2026-08-21T23:55:40+00:00
164400,2026-08-05,Olmazor,3,125000,https://hata.uz/en/listings/object/prodaetsya-novaya-kvartira-82m2-na-severnom-almazare-164400,82.0,13,15,1,2026-08-21T23:55:40+00:00
164402,2026-08-05,Olmazor,2,109000,https://hata.uz/en/listings/object/srochno-2-komnatnaya-kvartira-164402,69.0,7,10,1,2026-08-21T23:55:40+00:00
164414,2026-08-05,Bektemir,2,39000,https://hata.uz/en/listings/object/2h-komnatnaya-kvartira-164414,56.0,1,2,0,2026-08-21T23:55:40+00:00
164415,2026-08-05,Bektemir,2,12688,https://hata.uz/en/listings/object/sergeli-yangi-hayotda-tayyor-kvartiralar-sotiladi-2-ta-155-000-000-sum-prodazha-tashkent-na-olx-164415,41.0,2,16,1,2026-08-21T23:55:40+00:00
164417,2026-08-05,Bektemir,2,55000,https://hata.uz/en/listings/object/prodazha-kvartiry-164417,68.99,1,7,1,2026-08-21T23:55:40+00:00
164418,2026-08-05,Bektemir,2,43000,https://hata.uz/en/listings/object/kvartira-v-bektemire-164418,54.89,3,3,1,2026-08-21T23:55:40+00:00
164421,2026-08-05,Bektemir,2,48000,https://hata.uz/en/listings/object/2-komnatnaya-kvartira-164421,55.0,1,2,0,2026-08-21T23:55:40+00:00
164425,2026-08-05,Bektemir,3,50000,https://hata.uz/en/listings/object/1-tsokolnyy-etazh-vdol-dorogi-75m2-dlya-biznesa-otlichnyy-variant-164425,75.0,1,17,1,2026-08-21T23:55:40+00:00
164426,2026-08-05,Bektemir,1,37000,https://hata.uz/en/listings/object/kvartira-prodaetsya-164426,36.0,7,17,1,2026-08-21T23:55:40+00:00
164428,2026-08-05,Bektemir,1,48000,https://hata.uz/en/listings/object/1-xonalik-2-etaj-assalom-sohil-164428,26.0,2,12,1,2026-08-21T23:55:40+00:00
164429,2026-08-05,Bektemir,2,44270,https://hata.uz/en/listings/object/prodayu-dvuh-kom-komnatnaya-kvartira-v-bektemirovskom-rayone-540-000-000-sum-prodazha-tashkent-na-olx-164429,53.0,9,10,1,2026-08-21T23:55:40+00:00
164430,2026-08-05,Bektemir,3,55000,https://hata.uz/en/listings/object/3-xonali-kvartira-3h-komnatnaya-kvartira-164430,72.0,1,2,0,2026-08-21T23:55:40+00:00
164435,2026-08-05,Bektemir,2,48000,https://hata.uz/en/listings/object/prodaetsya-2h-komnatnaya-kvartira-164435,58.0,4,9,0,2026-08-21T23:55:40+00:00
164436,2026-08-05,Bektemir,3,65000,https://hata.uz/en/listings/object/3xonali-kvartira-sotiladi-164436,78.0,4,4,0,2026-08-21T23:55:40+00:00
164437,2026-08-05,Bektemir,1,37000,https://hata.uz/en/listings/object/1-xonali-kvartira-sotiladi-164437,42.0,5,9,0,2026-08-21T23:55:40+00:00
164439,2026-08-05,Yashnobod,2,81000,https://hata.uz/en/listings/object/tuzel-metro-bekati-va-kadisheva-bozoriga-yaqin-2-xonali-avtorskiy-uy-164439,53.58,4,4,0,2026-08-21T23:55:40+00:00
164451,2026-08-05,Yashnobod,3,85000,https://hata.uz/en/listings/object/yashnobod-novostroyka-3-xona-164451,81.0,2,9,1,2026-08-21T23:55:40+00:00
164455,2026-08-05,Mirobod,4,415000,https://hata.uz/en/listings/object/gabus-taras-shevchenko-4-6-6-203-m2-orientir-irish-pub-164455,203.27,6,6,0,2026-08-21T23:55:40+00:00
164458,2026-08-05,Mirobod,2,45000,https://hata.uz/en/listings/object/prodaetsya-svoya-kvartira-mansarda-v-stroyaschemsya-zhilom-komplekse-164458,42.0,6,6,1,2026-08-21T23:55:40+00:00
164465,2026-08-05,Mirobod,3,157999,https://hata.uz/en/listings/object/s1-dom-4-xona-3-xona-qilingan-sotiladi-164465,4.0,2,4,0,2026-08-21T23:55:40+00:00
164476,2026-08-05,Mirobod,4,75500,https://hata.uz/en/listings/object/srochno-4-4-4-razdelnye-mebel-s-remontom-bakaleya-risovyy-magnit-svoya-164476,80.0,4,4,0,2026-08-21T23:55:40+00:00
164486,2026-08-05,Mirobod,2,55000,https://hata.uz/en/listings/object/mirobodda-2xonali-kvartira-sotiladi-164486,51.0,3,3,0,2026-08-21T23:55:40+00:00
164490,2026-08-05,Mirzo Ulugbek,3,75000,https://hata.uz/en/listings/object/ttz-4-3honali-uy-sotiladi-164490,68.0,4,5,0,2026-08-21T23:55:40+00:00
164494,2026-08-05,Mirzo Ulugbek,3,117000,https://hata.uz/en/listings/object/prodam-kvartiru-darhan-det-sad-intellekt-3-komn-73-kv-164494,73.0,9,9,0,2026-08-21T23:55:40+00:00
164519,2026-08-05,Mirzo Ulugbek,2,95000,https://hata.uz/en/listings/object/prodaetsya-kvartira-164519,46.0,5,7,1,2026-08-21T23:55:40+00:00
164539,2026-08-05,Sergeli,2,62000,https://hata.uz/en/listings/object/sergeli-6a-da-2-xoan-sotiladi-164539,123.0,2,7,1,2026-08-21T23:55:40+00:00
164543,2026-08-05,Sergeli,2,50000,https://hata.uz/en/listings/object/srochno-prodayu-2-kom-kv-na-sergeli-massiv-stroitel-kuruvchi-8-et-9-164543,63.0,8,9,0,2026-08-21T23:55:40+00:00
164546,2026-08-05,Sergeli,2,73000,https://hata.uz/en/listings/object/srochna-prodaetsya-svoya-uyutnaya-kvartira-164546,66.2,3,7,1,2026-08-21T23:55:40+00:00
164551,2026-08-05,Sergeli,2,79000,https://hata.uz/en/listings/object/sergeli-moshina-bozorda-kvartira2-xona-53-53-terrasa-narxi-79000-ye-164551,53.0,9,9,1,2026-08-21T23:55:40+00:00
164552,2026-08-05,Sergeli,3,62000,https://hata.uz/en/listings/object/ne-makler-kvartira-2v3-6-7-yangihaet-novostroyka-8-uchastok-54kv-164552,54.0,6,7,1,2026-08-21T23:55:40+00:00
164555,2026-08-05,Sergeli,2,30000,https://hata.uz/en/listings/object/30000obshejita-2xona-164555,36.0,3,4,0,2026-08-21T23:55:40+00:00
164561,2026-08-05,Sergeli,3,75000,https://hata.uz/en/listings/object/3-komnatnaya-v-sergeli-164561,52.0,3,8,0,2026-08-21T23:55:40+00:00
164562,2026-08-05,Sergeli,2,66000,https://hata.uz/en/listings/object/prodaetsya-kvartira-v-sergeli-sputnik-16-164562,62.0,1,9,0,2026-08-21T23:55:40+00:00
164563,2026-08-05,Sergeli,3,75000,https://hata.uz/en/listings/object/sergeli-yangi-choshtepa-3-7-7-164563,71.6,7,7,1,2026-08-21T23:55:40+00:00
164566,2026-08-05,Sergeli,1,44300,https://hata.uz/en/listings/object/kvartira-1v2-komnatnaya-metro-sergeli-164566,30.5,5,6,1,2026-08-21T23:55:40+00:00
164568,2026-08-05,Sergeli,1,45000,https://hata.uz/en/listings/object/prodaetsya-kvartira-sergeli-5-1-9-9-szadi-torgovogo-tsentra-golden-life-164568,54.4,9,9,0,2026-08-21T23:55:40+00:00
164569,2026-08-05,Sergeli,4,100000,https://hata.uz/en/listings/object/4-komnatnaya-kvartira-s-svezhim-evro-remontom-164569,107.0,5,9,0,2026-08-21T23:55:40+00:00
164573,2026-08-05,Sergeli,2,53000,https://hata.uz/en/listings/object/prodaetsya-2h-komnatnaya-kvartira-164573,54.0,5,5,0,2026-08-21T23:55:40+00:00
164582,2026-08-05,Sergeli,2,56000,https://hata.uz/en/listings/object/uy-sotiladi-2-7-7-sergeli-6a-164582,50.0,7,7,0,2026-08-21T23:55:40+00:00
164583,2026-08-05,Sergeli,4,90000,https://hata.uz/en/listings/object/kvartira-4-5-9-100-kvm-164583,100.0,5,9,0,2026-08-21T23:55:40+00:00
164584,2026-08-05,Uchtepa,2,65000,https://hata.uz/en/listings/object/prodaetsya-2h-komnatnaya-kvartira-4-4-164584,45.0,4,4,0,2026-08-21T23:55:40+00:00
164586,2026-08-05,Uchtepa,3,86000,https://hata.uz/en/listings/object/prodazha-kvartiry-164586,76.0,2,5,0,2026-08-21T23:55:40+00:00
164594,2026-08-05,Uchtepa,3,76000,https://hata.uz/en/listings/object/kvartira-na-prodazhu-164594,66.66,3,5,0,2026-08-21T23:55:40+00:00
164595,2026-08-05,Uchtepa,3,88000,https://hata.uz/en/listings/object/3-honalik-uy-gishtli-algoritm-biser-oldida-2-etazh-164595,68.0,2,4,0,2026-08-21T23:55:40+00:00
164596,2026-08-05,Uchtepa,2,65000,https://hata.uz/en/listings/object/kvartira-1-etaj-2-xona-164596,52.0,1,4,0,2026-08-21T23:55:40+00:00
164601,2026-08-05,Uchtepa,2,61000,https://hata.uz/en/listings/object/2-h-komnatnaya-kvartira-25-kvartal-uchtepinskom-rayone-164601,52.7,4,4,0,2026-08-21T23:55:40+00:00
164602,2026-08-05,Uchtepa,2,60000,https://hata.uz/en/listings/object/uchtepa-tumani-taqachi-164602,56.0,5,9,0,2026-08-21T23:55:40+00:00
164603,2026-08-05,Uchtepa,3,83000,https://hata.uz/en/listings/object/prodaetsya-svoya-kvartira-164603,90.0,9,9,0,2026-08-21T23:55:40+00:00
164604,2026-08-05,Uchtepa,1,1000,https://hata.uz/en/listings/object/novostroyka-depo-plazadan-404-kv-164604,40.4,10,10,1,2026-08-21T23:55:40+00:00
164605,2026-08-05,Uchtepa,4,100000,https://hata.uz/en/listings/object/uy-sotiladi-uchtepa-tumani-21-kvartal-164605,80.0,2,4,0,2026-08-21T23:55:40+00:00
164606,2026-08-05,Uchtepa,4,66000,https://hata.uz/en/listings/object/srochno-yangi-qurilgan-honadon-sotiladi-164606,80.0,2,2,1,2026-08-21T23:55:40+00:00
164607,2026-08-05,Uchtepa,4,85000,https://hata.uz/en/listings/object/prodaetsya-4-kvartira-164607,82.0,5,9,0,2026-08-21T23:55:40+00:00
164608,2026-08-05,Uchtepa,2,55000,https://hata.uz/en/listings/object/prodaetsya-kvartira-2x-komnatnaya-164608,47.0,4,3,0,2026-08-21T23:55:40+00:00
164609,2026-08-05,Uchtepa,1,55000,https://hata.uz/en/listings/object/prodayu-kvartira-svoy-164609,48.0,2,4,0,2026-08-21T23:55:40+00:00
164610,2026-08-05,Uchtepa,2,98000,https://hata.uz/en/listings/object/prodaetsya-kvartira-65-kv-2-3-4-mirzoulugbekskiy-rayon-164610,65.0,3,4,0,2026-08-21T23:55:40+00:00
164611,2026-08-05,Uchtepa,2,64500,https://hata.uz/en/listings/object/srochno-prodaetsya-2-komnatnaya-kvartira-na-chilanzar-20-kvartal-1-etazh-164611,50.0,1,4,0,2026-08-21T23:55:40+00:00
164613,2026-08-05,Uchtepa,4,80000,https://hata.uz/en/listings/object/dom-sotiladi-3-4-164613,4.0,5,5,0,2026-08-21T23:55:40+00:00
164618,2026-08-05,Chilonzor,2,125000,https://hata.uz/en/listings/object/prodaetsya-kvartira2-6-10-novostroyka-chilanzar-elit-zhk-katartal-164618,60.0,6,10,1,2026-08-21T23:55:40+00:00
164621,2026-08-05,Chilonzor,2,78000,https://hata.uz/en/listings/object/prodayu-svoyu-kvartiru-v-chilanzare-10-164621,54.0,3,4,0,2026-08-21T23:55:40+00:00
164632,2026-08-05,Chilonzor,4,140000,https://hata.uz/en/listings/object/chilanzar-19-kvartal-3-1-2-4-164632,90.0,2,4,0,2026-08-21T23:55:40+00:00
164633,2026-08-05,Chilonzor,2,72000,https://hata.uz/en/listings/object/srochnaya-prodazha-novostroyka-2-komnatnaya-70m2-katartal-parus-164633,70.0,7,10,1,2026-08-21T23:55:40+00:00
164634,2026-08-05,Chilonzor,3,75000,https://hata.uz/en/listings/object/prodayu-kvartiru-3-5-5-uchtepa-24-kvartal-164634,65.0,5,5,0,2026-08-21T23:55:40+00:00
164640,2026-08-05,Chilonzor,1,55500,https://hata.uz/en/listings/object/prodaetsya-16-kvartal-2-2-4-164640,30.0,2,4,0,2026-08-21T23:55:40+00:00
164643,2026-08-05,Chilonzor,1,48300,https://hata.uz/en/listings/object/chilonzor-20-kv-uy-sotiladi-164643,36.0,4,4,0,2026-08-21T23:55:40+00:00
164647,2026-08-05,Chilonzor,2,70500,https://hata.uz/en/listings/object/uy-sotiladi-uchtepa-13-mavze-2-3-9-164647,65.0,3,9,0,2026-08-21T23:55:40+00:00
164650,2026-08-05,Chilonzor,4,79500,https://hata.uz/en/listings/object/4-h-komnatnaya-balkon-2h6-kirpichnyy-dom-164650,80.0,4,5,0,2026-08-21T23:55:40+00:00
164657,2026-08-05,Chilonzor,2,64643,https://hata.uz/en/listings/object/svoya-chilanzar-7kv-2-3-4-bez-makler-788-500-000-sum-prodazha-tashkent-na-olx-164657,41.15,3,4,0,2026-08-21T23:55:40+00:00
164658,2026-08-05,Chilonzor,2,66000,https://hata.uz/en/listings/object/srochno-2-3-4-4-chilanzar-16-164658,48.0,4,4,0,2026-08-21T23:55:40+00:00
164659,2026-08-05,Chilonzor,2,80000,https://hata.uz/en/listings/object/prodam-svoyu-kvartiru-164659,50.0,3,4,0,2026-08-21T23:55:40+00:00
164663,2026-08-05,Chilonzor,3,120000,https://hata.uz/en/listings/object/dizaynerskiy-remont-kvartira-3-4-12-novza-metro-30metrov-164663,71.0,4,12,0,2026-08-21T23:55:40+00:00
164670,2026-08-05,Shayhontohur,3,80000,https://hata.uz/en/listings/object/xonali-dom-2-etaj-72kv-metr-164670,73.0,2,4,0,2026-08-21T23:55:40+00:00
164696,2026-08-05,Shayhontohur,1,52000,https://hata.uz/en/listings/object/shayxontohur-tumani-kokcha-darvoza-1-xonali-164696,40.18,4,9,1,2026-08-21T23:55:40+00:00
164708,2026-08-05,Yunusobod,1,59900,https://hata.uz/en/listings/object/ochen-srochno-svoya-yunusvbvd-5-kvartal-164708,45.0,1,5,0,2026-08-21T23:55:40+00:00
164717,2026-08-05,Yunusobod,2,34000,https://hata.uz/en/listings/object/2-xonalik-uy-eco-bozor-164717,34.0,6,9,1,2026-08-21T23:55:40+00:00
164722,2026-08-05,Yunusobod,1,55000,https://hata.uz/en/listings/object/1-komnatnaya-kvartira-164722,30.0,2,1,0,2026-08-21T23:55:40+00:00
164723,2026-08-05,Yunusobod,2,62000,https://hata.uz/en/listings/object/kvartira-svoya-2-komnatnaya-164723,60.0,3,9,0,2026-08-21T23:55:40+00:00
164730,2026-08-05,Yunusobod,3,92900,https://hata.uz/en/listings/object/3-xonali-kvartira-92-m2-yunusobod-metro-yaqin-mega-planet-164730,92.0,3,5,0,2026-08-21T23:55:40+00:00
164731,2026-08-05,Yunusobod,3,115000,https://hata.uz/en/listings/object/svoya-3-komnatnaya-kvartira-badamzar-mechet-82m2-164731,82.0,6,9,0,2026-08-21T23:55:40+00:00
164738,2026-08-05,Yunusobod,1,41000,https://hata.uz/en/listings/object/prodaetsya-1-kom-kvartira-korobka-honsaroy-yunusabad-orzular-164738,38.0,8,16,1,2026-08-21T23:55:40+00:00
164744,2026-08-05,Yunusobod,4,135000,https://hata.uz/en/listings/object/prodaetsya-4-komnatnaya-kvartira-v-yunusabade-17-kvartal-164744,106.0,1,5,1,2026-08-21T23:55:40+00:00
164747,2026-08-05,Yunusobod,1,73000,https://hata.uz/en/listings/object/prodaetsya-kvartira-v-novostroyke-546kv-164747,54.6,5,13,1,2026-08-21T23:55:40+00:00
164749,2026-08-05,Yunusobod,4,88000,https://hata.uz/en/listings/object/yunusobod-16kv-164749,85.0,2,5,0,2026-08-21T23:55:40+00:00
164767,2026-08-05,Yunusobod,2,66000,https://hata.uz/en/listings/object/yunusabod-15kv-2-1-4-sotiladi-164767,49.8,1,4,0,2026-08-21T23:55:40+00:00
164772,2026-08-05,Yakkasaroy,2,96000,https://hata.uz/en/listings/object/kvartira-novastroyka-sotiladi-srochno-164772,90.0,8,12,1,2026-08-21T23:55:40+00:00
164784,2026-08-05,Yakkasaroy,3,155000,https://hata.uz/en/listings/object/yakkasaroy-kushbegida-3-honalik-kvartira-sotiladi-bez-makler-uzimniki-164784,120.0,10,13,1,2026-08-21T23:55:40+00:00
164801,2026-08-05,Yakkasaroy,1,98000,https://hata.uz/en/listings/object/top-lokatsiya-yakasaray-askiya-bazardo-aeroporta-10-12-minut-164801,59.84,6,13,1,2026-08-21T23:55:40+00:00
164812,2026-08-05,Yashnobod,3,135000,https://hata.uz/en/listings/object/prodam-svoya-kvartira-est-kadastr-164812,90.0,7,10,1,2026-08-21T23:55:40+00:00
164830,2026-08-05,Yashnobod,1,50000,https://hata.uz/en/listings/object/1-komnatnaya-kvartira-zhk-harizma-ot-golden-haus-164830,32.0,10,16,1,2026-08-21T23:55:40+00:00
164846,2026-08-05,Yashnobod,3,110000,https://hata.uz/en/listings/object/yashnobod-tumani-chkalov-metro-3-hona-97-kv-164846,97.0,3,9,1,2026-08-21T23:55:40+00:00
164856,2026-08-05,Yashnobod,2,75000,https://hata.uz/en/listings/object/prodayu-2-h-komnatnuyu-kvartiru-zhk-oz-zamin-golden-house-164856,43.4,7,15,1,2026-08-21T23:55:40+00:00
165388,2026-08-05,Olmazor,3,107000,https://hata.uz/en/listings/object/kvartira-sotiladi-ulitsa-beruni-2a-165388,96.0,8,8,1,2026-08-21T23:55:40+00:00
165389,2026-08-05,Olmazor,3,102000,https://hata.uz/en/listings/object/prodaetsya-3-komnatnaya-kvartira-na-5-etozhe-83kv-ms-mebelyu-i-tehnikoy-165389,83.0,5,5,1,2026-08-21T23:55:40+00:00
165392,2026-08-05,Olmazor,2,50000,https://hata.uz/en/listings/object/prodayu-korobku-eshon-guzar-novostroyka-165392,63.0,5,13,1,2026-08-21T23:55:40+00:00
165394,2026-08-05,Olmazor,3,85000,https://hata.uz/en/listings/object/kivartira-sotiladi-5-3-3-165394,47.0,3,5,0,2026-08-21T23:55:40+00:00
165395,2026-08-05,Olmazor,4,165000,https://hata.uz/en/listings/object/yunusobod-markazida-uy-sotiladi-165395,107.0,7,9,1,2026-08-21T23:55:40+00:00
165396,2026-08-05,Olmazor,3,83000,https://hata.uz/en/listings/object/navastroyka-nurafshon-avenue-kokcha-oq-tepa-sotiladi-kastri-bor-165396,62.0,12,12,1,2026-08-21T23:55:40+00:00
165397,2026-08-05,Olmazor,3,71000,https://hata.uz/en/listings/object/prodaetsya-kvartira-165397,69.0,1,4,0,2026-08-21T23:55:40+00:00
165402,2026-08-05,Olmazor,4,125000,https://hata.uz/en/listings/object/prodayotsya-kvartira-na-karasaray-v-dol-doroge-4-h-komntnaya-165402,110.0,6,9,0,2026-08-21T23:55:40+00:00
165403,2026-08-05,Olmazor,1,29750,https://hata.uz/en/listings/object/srochno-1-komn-studiya-35m2-1-liniya-nizhe-rynka-ye-850-m2-almazar-165403,35.0,19,20,1,2026-08-21T23:55:40+00:00
165418,2026-08-05,Olmazor,5,105000,https://hata.uz/en/listings/object/olmazor-tumani-qora-qamish-2-1-da-5-xonali-dom-sotiladi-165418,97.0,2,4,0,2026-08-21T23:55:40+00:00
165421,2026-08-05,Olmazor,3,72000,https://hata.uz/en/listings/object/prodaetsya-3-h-komnatnaya-kvartira-165421,80.0,9,9,0,2026-08-21T23:55:40+00:00
165422,2026-08-05,Olmazor,1,52500,https://hata.uz/en/listings/object/olmazor-rayon-qoraqamish-1-2-1-xonali-1-etaj-uy-sotiladi-srochni-165422,42.0,1,5,0,2026-08-21T23:55:40+00:00
165425,2026-08-05,Olmazor,3,200000,https://hata.uz/en/listings/object/sebzor-107-kv-3-xona-1-5-10-riviera-torisida-parkovka-padval-165425,107.0,5,5,0,2026-08-21T23:55:40+00:00
165426,2026-08-05,Olmazor,2,53000,https://hata.uz/en/listings/object/prodaetsya-svoya-kvartira-165426,40.0,5,5,0,2026-08-21T23:55:40+00:00
165427,2026-08-05,Olmazor,4,135000,https://hata.uz/en/listings/object/4-honali-uy-qora-qamish-2-5-165427,130.0,4,4,0,2026-08-21T23:55:40+00:00
165429,2026-08-05,Bektemir,5,55000,https://hata.uz/en/listings/object/katej-uy-5-xona-165429,118.0,2,2,1,2026-08-21T23:55:40+00:00
165430,2026-08-05,Bektemir,2,35000,https://hata.uz/en/listings/object/vodnikda-bivshiy-obshejitya-hozir-hususiy-bogan-165430,35.0,4,4,0,2026-08-21T23:55:40+00:00
165431,2026-08-05,Bektemir,25,60000,https://hata.uz/en/listings/object/mehmonxona-uy-yoki-dom-qurgani-idealni-joy-dakumentlar-hammasi-joyida-165431,200.0,1,1,1,2026-08-21T23:55:40+00:00
165432,2026-08-05,Bektemir,2,46000,https://hata.uz/en/listings/object/prodaetsya-2-komnatnyy-kvartira-na-massiv-vodnik-165432,57.0,1,4,0,2026-08-21T23:55:40+00:00
165433,2026-08-05,Bektemir,2,65000,https://hata.uz/en/listings/object/bektemir-qoyliq-postan-otganda-qulay-lakatsiya-165433,54.0,3,3,1,2026-08-21T23:55:40+00:00
165436,2026-08-05,Bektemir,1,45000,https://hata.uz/en/listings/object/prodaetsya-1-komnatnaya-kvartira-165436,44.73,3,10,1,2026-08-21T23:55:40+00:00
165437,2026-08-05,Bektemir,1,35000,https://hata.uz/en/listings/object/prodaetsya-odnokomnatnaya-kvartira-165437,34.0,2,4,0,2026-08-21T23:55:40+00:00
165438,2026-08-05,Bektemir,5,120000,https://hata.uz/en/listings/object/kvartira-sotiladi-5-xona-165438,142.0,3,3,1,2026-08-21T23:55:40+00:00
165443,2026-08-05,Bektemir,2,57000,https://hata.uz/en/listings/object/bektemirda-musaffo-maskani-165443,2.0,2,17,1,2026-08-21T23:55:40+00:00
165446,2026-08-05,Bektemir,2,55000,https://hata.uz/en/listings/object/bektemir-prokuraturani-yonida-qurilgan-yangi-dom-3-qavatda-4955kv-165446,50.0,3,9,1,2026-08-21T23:55:40+00:00
165449,2026-08-05,Yashnobod,3,55000,https://hata.uz/en/listings/object/prodaetsya-svoya-kvartira-165449,47.0,1,2,0,2026-08-21T23:55:40+00:00
165450,2026-08-05,Yashnobod,4,110000,https://hata.uz/en/listings/object/prodaetsya-kvartira-4-3-5-yashnobadrayon-165450,91.0,3,5,0,2026-08-21T23:55:40+00:00
165460,2026-08-05,Yashnobod,3,159000,https://hata.uz/en/listings/object/afsona-stroy-predlagaet-3h-komnatnaya-kvartiru-s-avtorskim-remontom-165460,118.0,5,9,1,2026-08-21T23:55:40+00:00
165461,2026-08-05,Yashnobod,3,85000,https://hata.uz/en/listings/object/prodaetsya-3h-komnatnaya-kvartira-822-metrov-5-etazh-165461,82.0,5,5,0,2026-08-21T23:55:40+00:00
165464,2026-08-05,Yashnobod,4,110000,https://hata.uz/en/listings/object/4-komnatnaya-kvartira-otlichnoe-raspolozhen-e-165464,100.0,2,5,0,2026-08-21T23:55:40+00:00
165465,2026-08-05,Yashnobod,2,80000,https://hata.uz/en/listings/object/prodaetsya-kvartira-na-22-aviagorodke-165465,66.5,1,3,0,2026-08-21T23:55:40+00:00
165467,2026-08-05,Mirobod,3,105000,https://hata.uz/en/listings/object/prodayu-3-5-6-novostroyku-naprotiv-zhk-assalom-sohil-165467,75.0,5,6,1,2026-08-21T23:55:40+00:00
165471,2026-08-05,Mirobod,2,300000,https://hata.uz/en/listings/object/srochno-prodayu-kvartiru-165471,72.0,2,16,1,2026-08-21T23:55:40+00:00
165475,2026-08-05,Mirobod,5,350000,https://hata.uz/en/listings/object/prodaetsya-elitnaya-5-komnatnaya-kvartira-165475,183.0,2,8,0,2026-08-21T23:55:40+00:00
165486,2026-08-05,Mirobod,1,45000,https://hata.uz/en/listings/object/1-honali-uy-yashnabod-tumani-pahlavon-mahmud-kuchasi-orentir-mashinasozlar-165486,20.88,2,5,0,2026-08-21T23:55:40+00:00
165505,2026-08-05,Mirobod,2,35000,https://hata.uz/en/listings/object/srochno-prodaetsya-dom-165505,34.0,1,1,1,2026-08-21T23:55:40+00:00
165506,2026-08-05,Mirzo Ulugbek,4,208000,https://hata.uz/en/listings/object/elitnaya-novostroyka-novomoskovskaya-149-m2-srochnaya-tsena-165506,149.0,3,7,1,2026-08-21T23:55:40+00:00
165509,2026-08-05,Mirzo Ulugbek,3,90000,https://hata.uz/en/listings/object/prodaetsya-kvartira-3-1-7-165509,62.16,1,7,1,2026-08-21T23:55:40+00:00
165527,2026-08-05,Mirzo Ulugbek,1,45000,https://hata.uz/en/listings/object/prodaetsya-1-komnatnaya-peredelannaya-v-2-h-komeatnuyu-aviosozlar-165527,45.0,1,4,0,2026-08-21T23:55:40+00:00
165549,2026-08-05,Sergeli,2,68000,https://hata.uz/en/listings/object/kvartira-prodaetsya-sergili-6a-165549,50.0,1,7,1,2026-08-21T23:55:40+00:00
165551,2026-08-05,Sergeli,1,46000,https://hata.uz/en/listings/object/1-komnatnye-kvartiry-nurhayot-165551,46.1,3,9,1,2026-08-21T23:55:40+00:00
165561,2026-08-05,Sergeli,3,48900,https://hata.uz/en/listings/object/srochno-prodaetsya-kvartira-gotovaya-novostroyka-53kv-kadastr-est-165561,53.0,5,12,1,2026-08-21T23:55:40+00:00
165562,2026-08-05,Sergeli,2,52000,https://hata.uz/en/listings/object/2-xonali-uy-kvartira-sotladi-165562,50.0,2,2,1,2026-08-21T23:55:40+00:00
165563,2026-08-05,Sergeli,2,44000,https://hata.uz/en/listings/object/kvartira-v-starom-sergeli-165563,60.0,2,4,0,2026-08-21T23:55:40+00:00
165566,2026-08-05,Sergeli,3,120000,https://hata.uz/en/listings/object/elite-house-kvartira-165566,105.0,5,9,1,2026-08-21T23:55:40+00:00
165567,2026-08-05,Sergeli,4,92000,https://hata.uz/en/listings/object/prodaetsya-4h-komnatnaya-kvartirana-pervom-etazhe-orientir-sergeli-3-165567,94.0,1,5,0,2026-08-21T23:55:40+00:00
165570,2026-08-05,Sergeli,5,110000,https://hata.uz/en/listings/object/prodaetsya-kvartira-srochno-165570,155.0,1,2,1,2026-08-21T23:55:40+00:00
165578,2026-08-05,Sergeli,4,88000,https://hata.uz/en/listings/object/sergeli-8a-kvartira-sotiladi-165578,98.0,4,9,0,2026-08-21T23:55:40+00:00
165580,2026-08-05,Sergeli,3,117000,https://hata.uz/en/listings/object/sergeli-moshina-bozor-kvartira-3-hona-75-75m2-terrasa-narhi-117000-ue-165580,75.0,9,9,1,2026-08-21T23:55:40+00:00
165581,2026-08-05,Sergeli,2,65000,https://hata.uz/en/listings/object/prodaetsya-kvartira-v-yangihayat-9-kurilish-165581,56.0,7,7,1,2026-08-21T23:55:40+00:00
165585,2026-08-05,Sergeli,3,65300,https://hata.uz/en/listings/object/sergeli-yangi-darhon-3-honali-novostroyka-65300-ue-165585,72.0,4,16,1,2026-08-21T23:55:40+00:00
165587,2026-08-05,Sergeli,3,70000,https://hata.uz/en/listings/object/kvartira-aotiladi-165587,72.0,4,5,0,2026-08-21T23:55:40+00:00
165598,2026-08-05,Sergeli,4,82000,https://hata.uz/en/listings/object/sergelida-4-xonali-uy-165598,92.0,6,9,0,2026-08-21T23:55:40+00:00
165600,2026-08-05,Sergeli,4,75000,https://hata.uz/en/listings/object/sergelida-4-xonali-kvartira-sotiladi-4-8-9-165600,103.0,8,9,0,2026-08-21T23:55:40+00:00
165601,2026-08-05,Sergeli,3,74000,https://hata.uz/en/listings/object/prodaetsya-kvartira-uy-sotiladi-yangi-darhon-165601,82.0,12,16,0,2026-08-21T23:55:40+00:00
165610,2026-08-05,Uchtepa,3,118000,https://hata.uz/en/listings/object/sotiladi-beltepa-novostroyka-3-6-7-100kv-yakin-165610,94.0,6,7,1,2026-08-21T23:55:40+00:00
165611,2026-08-05,Uchtepa,2,73000,https://hata.uz/en/listings/object/prodaetsaya-kvartira-165611,58.0,3,9,0,2026-08-21T23:55:40+00:00
165612,2026-08-05,Uchtepa,2,73000,https://hata.uz/en/listings/object/prodaetsya-2-komnatnuyu-kvartiru-2-3-9-165612,58.0,3,9,0,2026-08-21T23:55:40+00:00
165613,2026-08-05,Uchtepa,4,120000,https://hata.uz/en/listings/object/bel-tepada-dom-sotiladi-4-2-5-165613,100.0,2,5,0,2026-08-21T23:55:40+00:00
165614,2026-08-05,Uchtepa,2,76500,https://hata.uz/en/listings/object/art-house-kokcha-optepa-navastroyka-165614,75.0,9,10,1,2026-08-21T23:55:40+00:00
165617,2026-08-05,Uchtepa,2,55000,https://hata.uz/en/listings/object/uchtepa-tummani-da-2-honali-honadon-sotiladi-165617,1.0,4,4,0,2026-08-21T23:55:40+00:00
165619,2026-08-05,Uchtepa,1,54000,https://hata.uz/en/listings/object/srochni-sotiladi-1-xonali-34-kvadrat-chilonzor-24-kvartil-25-dom-165619,34.0,1,5,0,2026-08-21T23:55:40+00:00
165620,2026-08-05,Uchtepa,4,120000,https://hata.uz/en/listings/object/prodaetsya-kvartira-v-uchtepinskom-rayone-11-kvartal-5-dom-165620,75.56,1,4,0,2026-08-21T23:55:40+00:00
165621,2026-08-05,Uchtepa,3,80000,https://hata.uz/en/listings/object/srochno-prodoyutsya-3-komnatnayu-kvartira-bez-pasrednik-165621,90.0,1,4,0,2026-08-21T23:55:40+00:00
165622,2026-08-05,Uchtepa,1,48000,https://hata.uz/en/listings/object/algaritm-uchtepa-30-165622,47.0,9,12,0,2026-08-21T23:55:40+00:00
165628,2026-08-05,Uchtepa,4,105000,https://hata.uz/en/listings/object/prodaetsya-kvartira-165628,85.0,4,5,0,2026-08-21T23:55:40+00:00
165630,2026-08-05,Uchtepa,3,75000,https://hata.uz/en/listings/object/farhadskiy-rynok-trehkomnatnaya-na-vtorom-etazhe-165630,65.0,2,4,0,2026-08-21T23:55:40+00:00
165631,2026-08-05,Uchtepa,4,100000,https://hata.uz/en/listings/object/prodaetsya-kvartira-165631,67.0,2,5,0,2026-08-21T23:55:40+00:00
165633,2026-08-05,Uchtepa,3,80000,https://hata.uz/en/listings/object/kvartira-sotiladi-algoritm-massiv-guliston-3-4-4-165633,70.0,4,4,0,2026-08-21T23:55:40+00:00
165634,2026-08-05,Uchtepa,3,105000,https://hata.uz/en/listings/object/novastroyka-beltepa-bitonka-165634,85.0,4,5,1,2026-08-21T23:55:40+00:00
165635,2026-08-05,Uchtepa,3,80000,https://hata.uz/en/listings/object/uy-sotiladi-ibn-sino-1-165635,72.0,2,5,0,2026-08-21T23:55:40+00:00
165638,2026-08-05,Uchtepa,2,56000,https://hata.uz/en/listings/object/prodaetsya-1-komnatnaya-kvartira-v-novastroyke-165638,58.0,7,10,1,2026-08-21T23:55:40+00:00
165640,2026-08-05,Uchtepa,3,89000,https://hata.uz/en/listings/object/xonadon-sotiladi-3-1-5-165640,71.0,1,5,0,2026-08-21T23:55:40+00:00
165641,2026-08-05,Chilonzor,2,60000,https://hata.uz/en/listings/object/kvartira-yunus-abad-17-kv-l-165641,58.0,11,11,1,2026-08-21T23:55:40+00:00
165642,2026-08-05,Chilonzor,2,64000,https://hata.uz/en/listings/object/srochno-prodaetsya-2-h-komnatnaya-kvartira-chilanzar-20-165642,48.0,1,4,0,2026-08-21T23:55:40+00:00
165665,2026-08-05,Chilonzor,3,75000,https://hata.uz/en/listings/object/srochno-prodaetsya-2-3-3-4-chilonzor-19-165665,56.0,3,4,0,2026-08-21T23:55:40+00:00
165668,2026-08-05,Chilonzor,1,66900,https://hata.uz/en/listings/object/prestige-garden-tayyor-kvartira-165668,28.0,6,14,1,2026-08-21T23:55:40+00:00
165682,2026-08-05,Chilonzor,5,38500,https://hata.uz/en/listings/object/dom-sotiladi-tayor-holatda-165682,42.0,4,6,1,2026-08-21T23:55:40+00:00
165687,2026-08-05,Shayhontohur,1,190000,https://hata.uz/en/listings/object/sotiladi-nestone-park-1-15-51-a-blok-165687,38.0,15,51,1,2026-08-21T23:55:40+00:00
165688,2026-08-05,Shayhontohur,4,137000,https://hata.uz/en/listings/object/4-h-komnatnaya-kvartira-v-tsentre-165688,90.0,2,4,0,2026-08-21T23:55:40+00:00
165693,2026-08-05,Shayhontohur,2,92999,https://hata.uz/en/listings/object/koh-ota-bazis-t-15-evro-kvartira-165693,54.4,7,12,1,2026-08-21T23:55:40+00:00
165697,2026-08-05,Shayhontohur,4,150000,https://hata.uz/en/listings/object/svoya-bankovskayaspetsplan-4-8-9skvoznaya-metro-tinchlik-guncha-165697,110.0,8,9,0,2026-08-21T23:55:40+00:00
165704,2026-08-05,Shayhontohur,4,186000,https://hata.uz/en/listings/object/tsentr-goroda-4-h-komnatnaya-153-m2-165704,153.0,7,9,0,2026-08-21T23:55:40+00:00
165705,2026-08-05,Shayhontohur,2,42500,https://hata.uz/en/listings/object/prodayu-svoyu-2-komnatnuyu-kvartiru-v-zhk-yangi-baht-yangi-baxt-ot-nrg-165705,44.0,9,9,1,2026-08-21T23:55:40+00:00
165731,2026-08-05,Yunusobod,2,82000,https://hata.uz/en/listings/object/prodaetsya-cherez-ipoteku-yunusabad-19-kvartal-2-1-5-165731,58.0,1,5,0,2026-08-21T23:55:40+00:00
165733,2026-08-05,Yunusobod,3,115000,https://hata.uz/en/listings/object/prodam-yunusobod-tashkent-rayon-yunusobod-orientir-chinab-165733,93.0,4,9,1,2026-08-21T23:55:40+00:00
165735,2026-08-05,Yunusobod,3,130000,https://hata.uz/en/listings/object/svoya-prodaetsya-kvartira-165735,111.0,5,9,0,2026-08-21T23:55:40+00:00
165736,2026-08-05,Yunusobod,2,79500,https://hata.uz/en/listings/object/prodazha-kvartira-2-honali-745kvm-xon-saroy-ocean-165736,75.0,8,16,1,2026-08-21T23:55:40+00:00
165737,2026-08-05,Yunusobod,1,81855,https://hata.uz/en/listings/object/it-park-saf-towers-165737,47.59,9,25,1,2026-08-21T23:55:40+00:00
165740,2026-08-05,Yunusobod,3,90000,https://hata.uz/en/listings/object/srochno-prodayu-kvartiru-90-kv-m-19-kvartal-yunusabad-3-4-5-165740,90.0,4,5,0,2026-08-21T23:55:40+00:00
165742,2026-08-05,Yunusobod,4,75500,https://hata.uz/en/listings/object/yunsobod-15-kvartal-kvartira-165742,70.0,4,4,0,2026-08-21T23:55:40+00:00
165745,2026-08-05,Yunusobod,3,65000,https://hata.uz/en/listings/object/kvartira-sotiladi-165745,49.0,2,4,0,2026-08-21T23:55:40+00:00
165746,2026-08-05,Yunusobod,6,360798,https://hata.uz/en/listings/object/kvartira-v-novostroyke-zhk-minor-river-penthaus-4-400-000-000-sum-prodazha-tashkent-na-olx-165746,250.0,10,10,1,2026-08-21T23:55:40+00:00
165757,2026-08-05,Yunusobod,2,45000,https://hata.uz/en/listings/object/dom-2-2-2-kvartira-165757,35.0,2,2,0,2026-08-21T23:55:40+00:00
165760,2026-08-05,Yunusobod,3,94000,https://hata.uz/en/listings/object/prodaetsya-svoya-3-h-kvartira-novostroyka-165760,103.09,6,11,1,2026-08-21T23:55:40+00:00
165768,2026-08-05,Yunusobod,3,74000,https://hata.uz/en/listings/object/yunusobod-18-kvartal-77-seriya-2-1-xonali-60-kvadrat-165768,60.0,3,4,0,2026-08-21T23:55:40+00:00
165773,2026-08-05,Yunusobod,1,45000,https://hata.uz/en/listings/object/srochna-prodaetsya-ili-ipoteku-hon-saroy-1-11-16-36-6-m2-165773,42.0,11,16,1,2026-08-21T23:55:40+00:00
165776,2026-08-05,Yunusobod,1,55000,https://hata.uz/en/listings/object/srochna-kvartira-sotiladi-165776,43.0,2,4,0,2026-08-21T23:55:40+00:00
165780,2026-08-05,Yakkasaroy,2,74000,https://hata.uz/en/listings/object/prodaetsya-kvartira-sergeli-yangihaet-mfi-novostroyka-165780,66.88,1,16,1,2026-08-21T23:55:40+00:00
165789,2026-08-05,Yakkasaroy,5,480000,https://hata.uz/en/listings/object/prodayu-kvartiru-v-zhk-diplomat-165789,166.0,3,9,1,2026-08-21T23:55:40+00:00
165801,2026-08-05,Yashnobod,3,270000,https://hata.uz/en/listings/object/svoya-sobstvennik-infiniti-novostroyka-165801,65.0,7,14,1,2026-08-21T23:55:40+00:00
165802,2026-08-05,Yashnobod,3,74000,https://hata.uz/en/listings/object/srochno-3h-komnatnaya-kvartira-mansarda-165802,107.7,9,9,1,2026-08-21T23:55:40+00:00
165805,2026-08-05,Yashnobod,2,64500,https://hata.uz/en/listings/object/svoya-2-3-4-frantsiya-aviasozlar-1-lisunova-1-rynok-kadyshva-165805,60.0,3,4,0,2026-08-21T23:55:40+00:00
165810,2026-08-05,Yashnobod,3,70000,https://hata.uz/en/listings/object/srochno-novostroyka-sotiladi-165810,75.5,2,6,1,2026-08-21T23:55:40+00:00
165819,2026-08-05,Yashnobod,1,36000,https://hata.uz/en/listings/object/prodayu-kvartiru-na-dubovoy-1-4-4-165819,30.0,4,4,0,2026-08-21T23:55:40+00:00
165821,2026-08-05,Yashnobod,3,85000,https://hata.uz/en/listings/object/zhk-assalom-sohil-3-h-komnatnaya-kvartira-165821,74.0,9,9,0,2026-08-21T23:55:40+00:00
165832,2026-08-05,Yashnobod,3,67000,https://hata.uz/en/listings/object/3-xona-uy-sotiladi-165832,63.0,7,8,0,2026-08-21T23:55:40+00:00
165839,2026-08-05,Yashnobod,3,54000,https://hata.uz/en/listings/object/3-h-komnatnaya-kvartira-kadastrtoshkent-yashnobod-165839,63.0,5,10,0,2026-08-21T23:55:40+00:00
165842,2026-08-05,Yashnobod,2,100000,https://hata.uz/en/listings/object/prodetsya-kvartira-44-kv2-nrg-bi-sado-business-class-165842,44.0,6,9,1,2026-08-21T23:55:40+00:00
166386,2026-08-05,Olmazor,3,129000,https://hata.uz/en/listings/object/baurum-qorasaroy-sagbon-110kv-3hona-dupleks-7-8-166386,110.0,7,8,1,2026-08-21T23:55:40+00:00
166387,2026-08-05,Olmazor,3,110000,https://hata.uz/en/listings/object/3-komn-70m2-6-6-yunusabad-4-kvartal-gotovaya-kvartira-s-remontom-166387,70.0,6,6,0,2026-08-21T23:55:40+00:00
166389,2026-08-05,Olmazor,2,58000,https://hata.uz/en/listings/object/2h-komntanaya-kvartra-77-seriya-adres-tuzel-1-166389,58.0,4,4,0,2026-08-21T23:55:40+00:00
166393,2026-08-05,Olmazor,3,73000,https://hata.uz/en/listings/object/qoraqamish-olimpiya-4-4-3-xona-70-kv-gishli-uy-166393,70.0,4,4,0,2026-08-21T23:55:40+00:00
166398,2026-08-05,Olmazor,2,54999,https://hata.uz/en/listings/object/novostroyka-dom-prodaetsya-166398,70.0,3,7,1,2026-08-21T23:55:40+00:00
166399,2026-08-05,Olmazor,3,110000,https://hata.uz/en/listings/object/qorasuv6-uy-sotiladi-166399,84.0,1,9,0,2026-08-21T23:55:40+00:00
166403,2026-08-05,Olmazor,3,120000,https://hata.uz/en/listings/object/sotiladi-talabalarda-vuz-korobka-narhidan-arzon-10-ta-oynali-uy-166403,104.17,1,4,0,2026-08-21T23:55:40+00:00
166408,2026-08-05,Olmazor,3,92000,https://hata.uz/en/listings/object/prodaetsya-kvartira-bankovskiy-dom-166408,85.0,4,4,0,2026-08-21T23:55:40+00:00
166414,2026-08-05,Olmazor,1,80000,https://hata.uz/en/listings/object/novyy-kotezh-almazarskiy-rayon-1-2-karakamysh-1-2-mnogo-etazhka-166414,86.2,4,21,1,2026-08-21T23:55:40+00:00
166417,2026-08-05,Olmazor,2,30000,https://hata.uz/en/listings/object/prodaetsya-kvartira-svoya-dom-sotiladi-ozimniki-166417,43.0,2,2,0,2026-08-21T23:55:40+00:00
166420,2026-08-05,Olmazor,2,67000,https://hata.uz/en/listings/object/2-komnatnaya-kvartira-166420,65.0,2,5,1,2026-08-21T23:55:40+00:00
166422,2026-08-05,Olmazor,1,42000,https://hata.uz/en/listings/object/novostroyka-honadon-sotiladi-kora-kamish-1-2-1-9-10-166422,40.0,9,10,1,2026-08-21T23:55:40+00:00
166423,2026-08-05,Olmazor,1,31500,https://hata.uz/en/listings/object/toshkent-shahardan-yangi-topshirilgan-uy-qoraqamish-1-2-166423,31.0,15,20,1,2026-08-21T23:55:40+00:00
166424,2026-08-05,Olmazor,6,176000,https://hata.uz/en/listings/object/super-tsena-252-kvm-7-8-etazh-dupleks-korobka-zhk-korasaroy-bauram-166424,252.0,7,8,1,2026-08-21T23:55:40+00:00
166425,2026-08-05,Olmazor,1,44500,https://hata.uz/en/listings/object/qora-qamish-1-2-1-xona-2-xona-qilingan-5-etaj-4-etaj-36-kv-44500-166425,36.0,4,5,0,2026-08-21T23:55:40+00:00
166427,2026-08-05,Olmazor,2,50000,https://hata.uz/en/listings/object/srochno-prodaetsya-kvartira-2-6-9-40kv-almazarskiy-rayon-166427,40.0,6,9,0,2026-08-21T23:55:40+00:00
166433,2026-08-05,Bektemir,3,82000,https://hata.uz/en/listings/object/prodaetsya-kvartira-mirabpdskiy-r-n-166433,72.0,4,9,0,2026-08-21T23:55:40+00:00
166434,2026-08-05,Bektemir,3,60000,https://hata.uz/en/listings/object/qoyliq-kompasda-tayyor-tamirlangan-3-xonali-kvartira-166434,55.0,1,6,1,2026-08-21T23:55:40+00:00
166435,2026-08-05,Bektemir,2,54000,https://hata.uz/en/listings/object/kvartira-2-komnatnaya-novostroyka-zhk-compas-166435,56.0,1,7,1,2026-08-21T23:55:40+00:00
166436,2026-08-05,Bektemir,3,65000,https://hata.uz/en/listings/object/kvartira-3-honali-bektimir-bek-shoh-kuch-sotiladi-166436,74.0,2,2,0,2026-08-21T23:55:40+00:00
166440,2026-08-05,Bektemir,3,72000,https://hata.uz/en/listings/object/novostroyka-65-kvm-3-5-10-bektemir-musafo-maskan-turar-zhoy-166440,65.0,5,10,1,2026-08-21T23:55:40+00:00
166441,2026-08-05,Bektemir,2,50000,https://hata.uz/en/listings/object/srochno-prodaetsya-2h-kvartira-166441,48.0,1,4,0,2026-08-21T23:55:40+00:00
166442,2026-08-05,Bektemir,3,60900,https://hata.uz/en/listings/object/prodaetsya-kvartira-v-tashkentskom-oblasti-166442,100.0,1,4,0,2026-08-21T23:55:40+00:00
166443,2026-08-05,Bektemir,3,55000,https://hata.uz/en/listings/object/kvartira-sotiladi-3-xonali-xama-sharoyitlari-bor-166443,65.0,2,2,0,2026-08-21T23:55:40+00:00
166447,2026-08-05,Bektemir,1,20000,https://hata.uz/en/listings/object/urta-chirchik-tumani-1hona-2etazh-2et-daumumiy-mayd23kvmkuylikdan-4km-166447,23.0,2,2,0,2026-08-21T23:55:40+00:00
166448,2026-08-05,Bektemir,2,56572,https://hata.uz/en/listings/object/prodaetsya-kvartira-v-kuylyuke-690-000-000-sum-prodazha-tashkent-na-olx-166448,61.0,3,9,0,2026-08-21T23:55:40+00:00
166449,2026-08-05,Bektemir,3,85000,https://hata.uz/en/listings/object/prodaetsya-svoya-3-komnatnaya-kvartira-v-novostroyke-166449,81.3,6,9,1,2026-08-21T23:55:40+00:00
166450,2026-08-05,Bektemir,1,37000,https://hata.uz/en/listings/object/prodaetsya-kvartira-v-byvshem-obschezhitii-166450,35.0,2,2,0,2026-08-21T23:55:40+00:00
166451,2026-08-05,Bektemir,2,47000,https://hata.uz/en/listings/object/kvartira-sotiladi-166451,48.0,4,4,1,2026-08-21T23:55:40+00:00
166452,2026-08-05,Bektemir,2,56000,https://hata.uz/en/listings/object/56-kv-m-kvartira-sotiladi-166452,56.0,1,17,1,2026-08-21T23:55:40+00:00
166453,2026-08-05,Bektemir,3,68000,https://hata.uz/en/listings/object/prodaetsya-3-h-komnatnaya-kvartira-166453,67.9,3,9,0,2026-08-21T23:55:40+00:00
166454,2026-08-05,Bektemir,2,64000,https://hata.uz/en/listings/object/srochna-2xonali-uy-sotiladi-bektemir-tumanida-166454,60.0,1,2,0,2026-08-21T23:55:40+00:00
166455,2026-08-05,Bektemir,1,19000,https://hata.uz/en/listings/object/uzimniki-214-m2-yangi-kuylyuk-tzhm-food-city-bozor-166455,21.4,2,12,1,2026-08-21T23:55:40+00:00
166461,2026-08-05,Yashnobod,2,50150,https://hata.uz/en/listings/object/zhk-triumph-residence-59-m2-166461,59.0,6,10,1,2026-08-21T23:55:40+00:00
166464,2026-08-05,Yashnobod,3,120000,https://hata.uz/en/listings/object/yashnobod-tumani-aristocrat-home-novastroyka-3-xonali-uy-sotiladi-166464,92.0,5,7,1,2026-08-21T23:55:40+00:00
166465,2026-08-05,Yashnobod,1,30000,https://hata.uz/en/listings/object/srochno-kvartira-sotiladi-1-xona-parkentski-shastri-166465,22.0,3,3,1,2026-08-21T23:55:40+00:00
166470,2026-08-05,Yashnobod,2,55500,https://hata.uz/en/listings/object/kvartira-sotiladi-2-4-4-aviasozlar-bozori-166470,48.0,4,4,0,2026-08-21T23:55:40+00:00
166473,2026-08-05,Yashnobod,3,70000,https://hata.uz/en/listings/object/prodayu-3-h-komnatnuyu-kvartiru-166473,72.0,6,7,1,2026-08-21T23:55:40+00:00
166477,2026-08-05,Mirobod,3,105000,https://hata.uz/en/listings/object/prodaetsya-kvartira-3-6-9-166477,70.0,6,9,0,2026-08-21T23:55:40+00:00
166478,2026-08-05,Mirobod,4,161000,https://hata.uz/en/listings/object/prodaetsya-svoya-kvartira-4-8-9-na-m-oybek-166478,96.0,8,9,0,2026-08-21T23:55:40+00:00
166482,2026-08-05,Mirobod,3,170000,https://hata.uz/en/listings/object/prodaetsya-kvartira-na-ts-1-ul-fuchika-166482,89.0,5,5,0,2026-08-21T23:55:40+00:00
166486,2026-08-05,Mirobod,2,250000,https://hata.uz/en/listings/object/prodazha-nrg-oybek-166486,73.0,3,16,0,2026-08-21T23:55:40+00:00
166487,2026-08-05,Mirobod,1,60000,https://hata.uz/en/listings/object/novostroyka-klyuchi-i-kadastr-na-rukah-orientir-tts-kompas-166487,75.21,2,8,1,2026-08-21T23:55:40+00:00
166492,2026-08-05,Mirobod,2,120000,https://hata.uz/en/listings/object/srochno-prodaetsya-2-12-16-zhk-oz-makon-ot-golden-house-166492,58.0,12,16,1,2026-08-21T23:55:40+00:00
166494,2026-08-05,Mirobod,4,125000,https://hata.uz/en/listings/object/prodaetsya-4-2-5-kvartira-vygodnyy-variant-v-mirabadskom-rayone-166494,109.0,2,5,0,2026-08-21T23:55:40+00:00
166511,2026-08-05,Mirobod,3,90000,https://hata.uz/en/listings/object/svoya-kvartira-79-kv-v-mirabadskom-rayone-166511,79.0,1,2,0,2026-08-21T23:55:40+00:00
166543,2026-08-05,Mirzo Ulugbek,4,75000,https://hata.uz/en/listings/object/prodam-nedvizhimost-uy-sotiladi-166543,118.0,3,3,1,2026-08-21T23:55:40+00:00
166544,2026-08-05,Mirzo Ulugbek,3,122000,https://hata.uz/en/listings/object/prodaetsya-kvartira-v-elitnoy-novostroyke-qorasuv-plaza-3-kom-93-kvm-166544,93.0,7,11,1,2026-08-21T23:55:40+00:00
166549,2026-08-05,Mirzo Ulugbek,3,255000,https://hata.uz/en/listings/object/prodaetsya-svoya-3-18-25-zhk-akay-city-120-60m2-s-terassoy-166549,180.0,18,25,1,2026-08-21T23:55:40+00:00
166551,2026-08-05,Mirzo Ulugbek,4,125000,https://hata.uz/en/listings/object/prodaetsya-4-h-kom-kvartira-166551,80.0,2,3,0,2026-08-21T23:55:40+00:00
166552,2026-08-05,Mirzo Ulugbek,4,70000,https://hata.uz/en/listings/object/srochno-prodaetsya-4-h-komkvartira-boyzhigit-70000-166552,72.0,4,4,0,2026-08-21T23:55:40+00:00
166580,2026-08-05,Mirzo Ulugbek,3,175000,https://hata.uz/en/listings/object/manhettan-zhk-darhan-metro-hamid-alimdzhan-tsentr-tashkenta-telman-p-166580,87.0,15,16,1,2026-08-21T23:55:40+00:00
166585,2026-08-05,Sergeli,4,78000,https://hata.uz/en/listings/object/prodam-svoyu-kvartiru-sergeli-1-1-y-etazh4-h-komnatnaya-97mkv-166585,97.0,1,5,0,2026-08-21T23:55:40+00:00
166589,2026-08-05,Sergeli,3,93000,https://hata.uz/en/listings/object/prodam-3-komnatnuyu-kvartiru-zhk-green-house-166589,62.0,8,10,1,2026-08-21T23:55:40+00:00
166594,2026-08-05,Sergeli,4,97000,https://hata.uz/en/listings/object/sergeli-7-4-1-9-nahtga-razdelka-ogorod-bolkon-sunnatiga-utiladi-166594,100.0,1,9,0,2026-08-21T23:55:40+00:00
166597,2026-08-05,Sergeli,3,130000,https://hata.uz/en/listings/object/zhk-crand-capital-sergiliyskiy-r-birlik-ul-90-mkv-3-komnatnaya-kv-166597,90.0,7,9,1,2026-08-21T23:55:40+00:00
166598,2026-08-05,Sergeli,3,88000,https://hata.uz/en/listings/object/yangi-xayot-tumani-3-a-da-kv-sotladi-3-7-7-166598,59.0,7,7,1,2026-08-21T23:55:40+00:00
166606,2026-08-05,Sergeli,2,43000,https://hata.uz/en/listings/object/srochno-prodaetsya-kvartira-2-h-komnatnaya-kvartira-bez-posrednikov-166606,58.44,1,4,0,2026-08-21T23:55:40+00:00
166608,2026-08-05,Sergeli,2,44900,https://hata.uz/en/listings/object/sergeli-tumani-yangi-qo-yliq-ko-chasi-mavrid-mavzesi-550-000-000-sum-prodazha-tashkent-na-olx-166608,54.0,12,14,1,2026-08-21T23:55:40+00:00
166613,2026-08-05,Sergeli,10,135000,https://hata.uz/en/listings/object/yangi-hayot-tumanchortoq-mahalla-55-sotih-uy-sotiladi-166613,5000.0,2,2,1,2026-08-21T23:55:40+00:00
166618,2026-08-05,Sergeli,3,65000,https://hata.uz/en/listings/object/3-honali-kvartira-sotiladi-166618,57.0,7,7,1,2026-08-21T23:55:40+00:00
166619,2026-08-05,Uchtepa,2,65000,https://hata.uz/en/listings/object/2-xonali-dom-sotiladi-166619,72.0,6,1,1,2026-08-21T23:55:40+00:00
166620,2026-08-05,Uchtepa,3,68000,https://hata.uz/en/listings/object/urikzor-3-10-16-srochno-novostroyka-68ming-166620,65.0,10,16,1,2026-08-21T23:55:40+00:00
166623,2026-08-05,Uchtepa,3,78000,https://hata.uz/en/listings/object/srochno-prodaetsya-kvartira-otlichnaya-tsena-166623,72.0,7,9,0,2026-08-21T23:55:40+00:00
166624,2026-08-05,Uchtepa,4,130000,https://hata.uz/en/listings/object/algaritim-30kv-ozmzani-uy-bez-makler-yana-otib-beriladi-166624,103.0,9,10,1,2026-08-21T23:55:40+00:00
166625,2026-08-05,Uchtepa,3,75000,https://hata.uz/en/listings/object/uchtepa-11-kvartal-43-dom-23-kvartira-bez-posrednikov-kvartiry-svoi-166625,65.0,2,4,0,2026-08-21T23:55:40+00:00
166626,2026-08-05,Uchtepa,3,70000,https://hata.uz/en/listings/object/uy-sotiladi-srochna-uchtepa-15-kv-22-dom-5-etaj-40-kv-166626,50.0,5,5,1,2026-08-21T23:55:40+00:00
166628,2026-08-05,Uchtepa,4,82000,https://hata.uz/en/listings/object/prodaetsya-svoya-kv-chilanzar-22-kvartal-4-4-4-2x6-balkon-166628,87.0,4,4,0,2026-08-21T23:55:40+00:00
166632,2026-08-05,Uchtepa,4,89000,https://hata.uz/en/listings/object/beshqayragochda-uy-sotiladi-166632,105.0,2,4,0,2026-08-21T23:55:40+00:00
166638,2026-08-05,Uchtepa,1,50000,https://hata.uz/en/listings/object/dom-1-kom-navastroyka-166638,35.0,8,8,1,2026-08-21T23:55:40+00:00
166639,2026-08-05,Uchtepa,4,115000,https://hata.uz/en/listings/object/prodaetsya-4-komnatnaya-kvartira-na-2-etazhe-5-etazhnogo-kirpichnogo-doma-166639,80.0,2,5,0,2026-08-21T23:55:40+00:00
166640,2026-08-05,Uchtepa,2,53500,https://hata.uz/en/listings/object/zudlik-bilan-sotiladi-166640,59.0,9,9,0,2026-08-21T23:55:40+00:00
166643,2026-08-05,Uchtepa,2,61000,https://hata.uz/en/listings/object/bez-makler-zhk-uryukzor-rezidents-2-7-16-evro-56m2-ipoteka-est-166643,56.0,7,16,1,2026-08-21T23:55:40+00:00
166646,2026-08-05,Uchtepa,4,132000,https://hata.uz/en/listings/object/srochna-sotiladi-4xonali-124kwm-166646,124.0,2,3,1,2026-08-21T23:55:40+00:00
166647,2026-08-05,Uchtepa,4,120000,https://hata.uz/en/listings/object/jarariq-mahallasida-4-xonali-uy-sotiladi-166647,150.0,1,9,0,2026-08-21T23:55:40+00:00
166656,2026-08-05,Uchtepa,1,37500,https://hata.uz/en/listings/object/honsaroy-okean-loyhasidan-bir-honali-karopka-holatida-166656,37.0,15,16,1,2026-08-21T23:55:40+00:00
166659,2026-08-05,Uchtepa,2,75000,https://hata.uz/en/listings/object/uchtepa-tumanida-2-xonali-xonadon-sotiladi-holati-evroremont-166659,54.0,1,4,1,2026-08-21T23:55:40+00:00
166660,2026-08-05,Uchtepa,2,75000,https://hata.uz/en/listings/object/sotiladi-uchtepa-tuman-2-xonali-holati-ideal-166660,54.0,1,4,1,2026-08-21T23:55:40+00:00
166661,2026-08-05,Uchtepa,3,78000,https://hata.uz/en/listings/object/2-xonali-kvartira-sotiladi-prodaetsya-kvartira-chilonzor-14-kvartal-166661,50.0,1,4,0,2026-08-21T23:55:40+00:00
166662,2026-08-05,Uchtepa,4,125000,https://hata.uz/en/listings/object/navastroyka-beltepa-166662,123.0,7,7,1,2026-08-21T23:55:40+00:00
166663,2026-08-05,Uchtepa,3,65000,https://hata.uz/en/listings/object/uchtepada-3-xonali-kvartira-sotiladi-holati-yaxshi-166663,67.0,4,4,0,2026-08-21T23:55:40+00:00
166664,2026-08-05,Uchtepa,3,65000,https://hata.uz/en/listings/object/sotiladi-uchtepada-3-xonali-kvartira-holati-ortacha-166664,67.0,4,4,0,2026-08-21T23:55:40+00:00
166665,2026-08-05,Uchtepa,5,120000,https://hata.uz/en/listings/object/zhar-arik-jar-ariq-dom-sotiladi-1-etazh-5-hona-166665,100.0,1,9,0,2026-08-21T23:55:40+00:00
166666,2026-08-05,Uchtepa,2,75000,https://hata.uz/en/listings/object/prodatsya-2-8-16-uchtepa-hokimiyat-166666,64.0,8,16,0,2026-08-21T23:55:40+00:00
166668,2026-08-05,Uchtepa,2,65000,https://hata.uz/en/listings/object/prodayu-kvartiru-svoyu-2-4-4-chilanzar-11kv-perekrestok-shuhrat-166668,52.0,4,4,0,2026-08-21T23:55:40+00:00
166669,2026-08-05,Uchtepa,3,80004,https://hata.uz/en/listings/object/prodaetsya-novostroyka-3-5-9-uchtepa-ul-foziltepa-980-000-000-sum-prodazha-tashkent-na-olx-166669,88.75,5,9,1,2026-08-21T23:55:40+00:00
166671,2026-08-05,Chilonzor,3,80000,https://hata.uz/en/listings/object/chilanzar15-kv-3-1-5-166671,66.68,1,5,0,2026-08-21T23:55:40+00:00
166672,2026-08-05,Chilonzor,2,57000,https://hata.uz/en/listings/object/prodam-kvartiru-dvuhkomnatnuyu-166672,58.0,9,9,0,2026-08-21T23:55:40+00:00
166673,2026-08-05,Chilonzor,2,50000,https://hata.uz/en/listings/object/prodaetsya-svoya-kvartira-166673,55.46,3,5,0,2026-08-21T23:55:40+00:00
166680,2026-08-05,Chilonzor,2,71000,https://hata.uz/en/listings/object/srochno-kvartira-sotiladi-1-etazh-2-3-hona-kilingan-166680,40.0,4,1,0,2026-08-21T23:55:40+00:00
166682,2026-08-05,Chilonzor,4,150000,https://hata.uz/en/listings/object/uy-sotiladi-chilonzor-tuman-algaritm-massiv-guliston-166682,180.0,1,5,0,2026-08-21T23:55:40+00:00
166713,2026-08-05,Shayhontohur,3,100000,https://hata.uz/en/listings/object/ts-26-massiv-gulobod-3-1-4-mahalla-sarhumdon-41-dom-166713,70.0,1,4,0,2026-08-21T23:55:40+00:00
166730,2026-08-05,Shayhontohur,1,60000,https://hata.uz/en/listings/object/karatash-1-5-5-panel-komnaty-razdelnye-obschploschad-42kv-166730,42.0,5,5,0,2026-08-21T23:55:40+00:00
166735,2026-08-05,Yunusobod,4,82000,https://hata.uz/en/listings/object/prodaetsya-kvartira-srochno-166735,114.0,10,10,1,2026-08-21T23:55:40+00:00
166744,2026-08-05,Yunusobod,4,158000,https://hata.uz/en/listings/object/prodaetsya-4-1-4-pod-ofis-na-ts5-vtoraya-liniya-166744,88.0,1,4,0,2026-08-21T23:55:40+00:00
166781,2026-08-05,Yakkasaroy,2,105000,https://hata.uz/en/listings/object/prodaetsya-kvartira-stalinka-vysokopotolochka-2-3-4-166781,43.0,3,4,0,2026-08-21T23:55:40+00:00
166796,2026-08-05,Yakkasaroy,3,185000,https://hata.uz/en/listings/object/prostornaya-trehkomnatnaya-kvartira-v-zhk-uzbegim-166796,114.0,8,12,1,2026-08-21T23:55:40+00:00
166819,2026-08-05,Yashnobod,3,95000,https://hata.uz/en/listings/object/ochen-srochno-sergili-yangi-hayot-3-1-7-166819,74.0,1,7,0,2026-08-21T23:55:40+00:00
166825,2026-08-05,Yashnobod,2,63500,https://hata.uz/en/listings/object/svoya-2-2-4-yashnobod-tum-aviasozlar-4-metro-yashnobod-bekati-166825,50.0,2,4,0,2026-08-21T23:55:40+00:00
166830,2026-08-05,Yashnobod,5,120000,https://hata.uz/en/listings/object/prodaetsya-kvartira-v-tuzele-5-1-5-166830,105.0,1,5,0,2026-08-21T23:55:40+00:00
166847,2026-08-05,Yashnobod,2,70000,https://hata.uz/en/listings/object/srochniy-novostroyka-sotiladi-166847,51.0,4,7,1,2026-08-21T23:55:40+00:00
166852,2026-08-05,Yashnobod,2,95000,https://hata.uz/en/listings/object/srochno-prodaetsya-svoya-kvartira-2-3-10-na-aviasuzlar-166852,77.0,3,10,1,2026-08-21T23:55:40+00:00
166863,2026-08-05,Yashnobod,1,40000,https://hata.uz/en/listings/object/novostroyka-1kom-zhk-grand-166863,34.0,2,6,1,2026-08-21T23:55:40+00:00
167390,2026-08-05,Olmazor,2,66000,https://hata.uz/en/listings/object/prodaetsya-2h-komnatnaya-kvartira-167390,58.1,4,4,0,2026-08-21T23:55:40+00:00
167391,2026-08-05,Olmazor,1,55000,https://hata.uz/en/listings/object/prodaetsya-kvartira-almazar-sitti-almazarskiy-rayon-bez-maklera-167391,34.55,9,9,1,2026-08-21T23:55:40+00:00
167393,2026-08-05,Olmazor,3,70000,https://hata.uz/en/listings/object/olmazor-tumani-beshqorgon-4-1-uy-34-xonadon-167393,70.0,5,5,0,2026-08-21T23:55:40+00:00
167394,2026-08-05,Olmazor,2,85000,https://hata.uz/en/listings/object/beruniyda-2-honali-uy-sotiladi-yaahshi-remont-167394,78.0,8,9,0,2026-08-21T23:55:40+00:00
167398,2026-08-05,Olmazor,2,112500,https://hata.uz/en/listings/object/pod-ofisga-nurafshon-2-1-5-evroremont-dupleks-novostroyk-sagbon-chorraha-167398,72.0,1,5,1,2026-08-21T23:55:40+00:00
167399,2026-08-05,Olmazor,2,135000,https://hata.uz/en/listings/object/umnaya-2-kom-na-mahtumkuli-novostroyka-new-life-yashnaabadskiy-rayon-167399,70.0,8,9,1,2026-08-21T23:55:40+00:00
167400,2026-08-05,Olmazor,4,95000,https://hata.uz/en/listings/object/prodayu-srochno-kvartiru-novostroyka-3-komnatnaya-zadelano-4-komnatnyy-167400,86.0,6,9,1,2026-08-21T23:55:40+00:00
167402,2026-08-05,Olmazor,2,88000,https://hata.uz/en/listings/object/prodaetsya-nrg-jomiy-biznes-167402,47.0,10,12,1,2026-08-21T23:55:40+00:00
167408,2026-08-05,Olmazor,2,65900,https://hata.uz/en/listings/object/shoshilinch-kadastrli-yangi-qurilgan-uy-sagbon-167408,54.0,8,8,1,2026-08-21T23:55:40+00:00
167409,2026-08-05,Olmazor,4,120000,https://hata.uz/en/listings/object/srochno-sotiladi-4-6-9-toshkent-shahar-olmazor-tumani-167409,110.0,6,9,0,2026-08-21T23:55:40+00:00
167416,2026-08-05,Olmazor,4,80000,https://hata.uz/en/listings/object/srochno-prodaetsya-svoya-4h-komnatnaya-kvartira4-4-4-kara-kamysh-2-5-167416,84.86,4,4,0,2026-08-21T23:55:40+00:00
167421,2026-08-05,Bektemir,4,109900,https://hata.uz/en/listings/object/koylik-4honali-kvartira-sotiladi-167421,100.0,5,9,0,2026-08-21T23:55:40+00:00
167422,2026-08-05,Bektemir,1,44000,https://hata.uz/en/listings/object/uy-sotiladi-eshonguzarda-167422,28.0,2,9,1,2026-08-21T23:55:40+00:00
167423,2026-08-05,Bektemir,1,40000,https://hata.uz/en/listings/object/srochno-prodaetsya-1-2-komnatnaya-kvartira-167423,36.0,1,2,0,2026-08-21T23:55:40+00:00
167428,2026-08-05,Bektemir,2,49500,https://hata.uz/en/listings/object/yangi-uy-turay-joy-167428,49.0,4,10,1,2026-08-21T23:55:40+00:00
167429,2026-08-05,Bektemir,3,69000,https://hata.uz/en/listings/object/prodam-kvartiru-na-kuyluke-svoya-3x-kom-167429,80.0,7,9,0,2026-08-21T23:55:40+00:00
167430,2026-08-05,Bektemir,3,55000,https://hata.uz/en/listings/object/iyk-ota-kvartira-sotiladi-srochna-3xona-63-kv-58000-167430,63.0,1,2,0,2026-08-21T23:55:40+00:00
167431,2026-08-05,Bektemir,1,26000,https://hata.uz/en/listings/object/1-honali-uy-sotiladi-167431,24.0,2,2,0,2026-08-21T23:55:40+00:00
167432,2026-08-05,Bektemir,3,55000,https://hata.uz/en/listings/object/kvartira-novostroyka-167432,65.0,6,10,1,2026-08-21T23:55:40+00:00
167433,2026-08-05,Bektemir,2,62000,https://hata.uz/en/listings/object/prodaetsya-2-komnatnaya-kvartira-167433,64.0,6,9,0,2026-08-21T23:55:40+00:00
167435,2026-08-05,Bektemir,1,37000,https://hata.uz/en/listings/object/1-xonali-kvartira-sotiladi-167435,42.0,5,9,0,2026-08-21T23:55:40+00:00
167436,2026-08-05,Bektemir,3,76000,https://hata.uz/en/listings/object/dom-sotiladi-srochna-167436,62.0,3,5,0,2026-08-21T23:55:40+00:00
167439,2026-08-05,Bektemir,3,59219,https://hata.uz/en/listings/object/yashnobodda-ipotekaga-gishtli-3-hona-uy-724-000-000-sum-prodazha-tashkent-na-olx-167439,62.02,9,10,1,2026-08-21T23:55:40+00:00
167441,2026-08-05,Bektemir,2,45000,https://hata.uz/en/listings/object/prodazha-kvartiry-167441,62.0,2,2,0,2026-08-21T23:55:40+00:00
167442,2026-08-05,Bektemir,2,58000,https://hata.uz/en/listings/object/kop-qavatli-uy-bektemir-tumani-zilola-maxallsi-167442,63.36,9,9,0,2026-08-21T23:55:40+00:00
167443,2026-08-05,Bektemir,3,55000,https://hata.uz/en/listings/object/3-h-komnatnaya-kvartira-yik-ota-poselok-167443,68.6,1,2,0,2026-08-21T23:55:40+00:00
167445,2026-08-05,Bektemir,3,49000,https://hata.uz/en/listings/object/kvartira-na-zemle-3-komn-bez-uchastka-167445,70.0,1,1,1,2026-08-21T23:55:40+00:00
167447,2026-08-05,Bektemir,5,78000,https://hata.uz/en/listings/object/srochno-prodam-kvartiru-167447,150.0,1,2,0,2026-08-21T23:55:40+00:00
167448,2026-08-05,Bektemir,1,69000,https://hata.uz/en/listings/object/panelniy-ohangrabo-2-hona-1-etaj-no-turarga-mos-kvartira-sotiladi-167448,58.0,1,5,0,2026-08-21T23:55:40+00:00
167449,2026-08-05,Bektemir,3,55000,https://hata.uz/en/listings/object/srochnaprodaetsya-167449,75.29,10,16,1,2026-08-21T23:55:40+00:00
167450,2026-08-05,Bektemir,2,53000,https://hata.uz/en/listings/object/prodaetsya-kvartira-musaffo-maskan-v-bektemirskom-rayone-167450,66.0,9,10,1,2026-08-21T23:55:40+00:00
167451,2026-08-05,Bektemir,2,61346,https://hata.uz/en/listings/object/uy-sotaman-2-4-4-58000-750-000-000-sum-prodazha-tashkent-na-olx-167451,56.19,4,4,0,2026-08-21T23:55:40+00:00
167452,2026-08-05,Bektemir,8,114000,https://hata.uz/en/listings/object/8-xona-uy-sotiladi-bektemir-tumani-xalq-qabulxonasini-oldida-167452,300.0,3,3,1,2026-08-21T23:55:40+00:00
167453,2026-08-05,Bektemir,3,110000,https://hata.uz/en/listings/object/dom-sotiladi-3hona-167453,73.0,5,9,1,2026-08-21T23:55:40+00:00
167454,2026-08-05,Bektemir,1,33000,https://hata.uz/en/listings/object/prodazha-1-komnatnry-kvartiry-yangiabad-rezidens-167454,30.0,1,10,1,2026-08-21T23:55:40+00:00
167455,2026-08-05,Bektemir,1,42000,https://hata.uz/en/listings/object/srochno-prodam-kvartiru-167455,51.0,5,9,1,2026-08-21T23:55:40+00:00
167464,2026-08-05,Yashnobod,4,80000,https://hata.uz/en/listings/object/yashnobod-tumani-olmos-mahallada-4-xonali-uy-sotiladi-110-kv-167464,110.0,16,16,1,2026-08-21T23:55:40+00:00
167466,2026-08-05,Yashnobod,2,54000,https://hata.uz/en/listings/object/prodaetsya-kvartira-v-panelnom-dome-167466,43.51,3,4,0,2026-08-21T23:55:40+00:00
167485,2026-08-05,Mirobod,2,215000,https://hata.uz/en/listings/object/kvartira-80-m2-s-potentsialom-do-110-120-m2-potolki-46-m-terrasa-167485,80.11,2,15,1,2026-08-21T23:55:40+00:00
167490,2026-08-05,Mirobod,2,125000,https://hata.uz/en/listings/object/yakkasaroyda-2-honali-novostroyka-sotiladi-167490,62.0,7,8,1,2026-08-21T23:55:40+00:00
167500,2026-08-05,Mirobod,3,65000,https://hata.uz/en/listings/object/prodaetsya-dom-bez-dvora-3kom-80kv-internet-ogorod-167500,80.0,1,1,0,2026-08-21T23:55:40+00:00
167511,2026-08-05,Mirzo Ulugbek,3,70000,https://hata.uz/en/listings/object/prodaetsya-dom-srochno-3h-komnatnaya-167511,78.43,5,5,0,2026-08-21T23:55:40+00:00
167514,2026-08-05,Mirzo Ulugbek,2,60000,https://hata.uz/en/listings/object/srochno-prodaetsya-svoya-2-komnatnaya-kvartira-novostroyka-167514,43.23,8,9,1,2026-08-21T23:55:40+00:00
167517,2026-08-05,Mirzo Ulugbek,5,115000,https://hata.uz/en/listings/object/srochno-prodayu-4-1-5-5-vozle-metro-buyuk-ipak-yuli-kirpich-167517,80.0,5,5,0,2026-08-21T23:55:40+00:00
167522,2026-08-05,Mirzo Ulugbek,4,210000,https://hata.uz/en/listings/object/unikalnyy-spetsplan-v-darhane-117-m2-ot-sobstvennika-167522,117.0,4,6,0,2026-08-21T23:55:40+00:00
167524,2026-08-05,Mirzo Ulugbek,2,70000,https://hata.uz/en/listings/object/srochno-prodaetsya-kvartira-2-5-5-kvartira-2-5-5-peredelannaya-v-3-komna-167524,50.0,5,5,0,2026-08-21T23:55:40+00:00
167527,2026-08-05,Mirzo Ulugbek,4,122500,https://hata.uz/en/listings/object/4-komnatnaya-kvartira-s-evroremontom-v-mirzo-ulugbekskom-rayone-167527,97.0,6,9,0,2026-08-21T23:55:40+00:00
167528,2026-08-05,Mirzo Ulugbek,4,210000,https://hata.uz/en/listings/object/prodaetsya-4h-komnatnaya-v-tsentre-na-darhane-remont-kirpich-metro-super-167528,105.0,2,6,1,2026-08-21T23:55:40+00:00
167544,2026-08-05,Sergeli,3,215000,https://hata.uz/en/listings/object/sergili-8-yol-yuzida-biznes-uchun-joy-kvartira-167544,70.0,1,9,0,2026-08-21T23:55:40+00:00
167548,2026-08-05,Sergeli,2,54000,https://hata.uz/en/listings/object/sergeli-7-a-sorshni-sotilad-167548,45.0,7,7,1,2026-08-21T23:55:40+00:00
167556,2026-08-05,Sergeli,5,100000,https://hata.uz/en/listings/object/sergeli-5-5-5-9-167556,117.64,5,9,0,2026-08-21T23:55:40+00:00
167560,2026-08-05,Sergeli,1,51500,https://hata.uz/en/listings/object/1-xonali-uy-sotiladi-167560,38.0,6,9,1,2026-08-21T23:55:40+00:00
167562,2026-08-05,Sergeli,2,62000,https://hata.uz/en/listings/object/srochno-sotiladi-2-honali-kvartira-yangihaet-9-hududda-2-3-16-64m2-167562,64.0,3,16,1,2026-08-21T23:55:40+00:00
167566,2026-08-05,Sergeli,3,53700,https://hata.uz/en/listings/object/srochno-kvartira-na-sergeliyskom-rayone-novaya-s-evro-remontom-167566,53.0,2,2,1,2026-08-21T23:55:40+00:00
167568,2026-08-05,Sergeli,2,64000,https://hata.uz/en/listings/object/yangihayot-9-qurilishda-kvartira-sotiladi-167568,73.0,15,16,1,2026-08-21T23:55:40+00:00
167569,2026-08-05,Sergeli,3,71500,https://hata.uz/en/listings/object/yangihayot-tumani-kvartira-sotiladi-3-4-7-167569,74.0,4,7,1,2026-08-21T23:55:40+00:00
167575,2026-08-05,Sergeli,3,61000,https://hata.uz/en/listings/object/3h-komnatnaya-srochno-167575,78.0,3,5,0,2026-08-21T23:55:40+00:00
167577,2026-08-05,Sergeli,3,80000,https://hata.uz/en/listings/object/prodaetsya-3h-komnatnaya-kvartira-v-sergeli-167577,80.0,6,9,0,2026-08-21T23:55:40+00:00
167586,2026-08-05,Sergeli,2,68000,https://hata.uz/en/listings/object/prodaetsya-2-8-16-167586,69.5,8,16,1,2026-08-21T23:55:40+00:00
167791,2026-08-05,Olmazor,1,46500,https://hata.uz/en/listings/object/1-komnatnaya-kv-almazarskiy-rayon-167791,4036.0,5,5,0,2026-08-21T23:55:40+00:00
167792,2026-08-05,Olmazor,3,76000,https://hata.uz/en/listings/object/3xona-uy-vuzgorodok-167792,69.0,2,9,0,2026-08-21T23:55:40+00:00
167795,2026-08-05,Olmazor,2,47000,https://hata.uz/en/listings/object/prodaetsya-kvartira-uy-sotiladi-167795,52.0,3,11,1,2026-08-21T23:55:40+00:00
167800,2026-08-05,Olmazor,4,117000,https://hata.uz/en/listings/object/medgaradok-4-hona-167800,110.0,3,9,0,2026-08-21T23:55:40+00:00
167804,2026-08-05,Olmazor,3,108900,https://hata.uz/en/listings/object/zhk-korasaroy-3-9-11-prodaetsya-kvartira-167804,66.0,9,11,1,2026-08-21T23:55:40+00:00
167807,2026-08-05,Olmazor,2,63500,https://hata.uz/en/listings/object/svoya-2v3-2-4-aviasozlar-4-lisunova-4-metro-yashnobod-rynok-kadyshva-167807,50.0,2,4,0,2026-08-21T23:55:40+00:00
167812,2026-08-05,Bektemir,12,350000,https://hata.uz/en/listings/object/novostroyka-dom-kuylyuka-7km-ot-rynok-sholikor-mahalla-ris-opytnyy-167812,250.0,3,3,1,2026-08-21T23:55:40+00:00
167813,2026-08-05,Bektemir,3,70000,https://hata.uz/en/listings/object/srochno-prodaetsya-dom-3-1-9-vodnik-dogovornaya-167813,73.0,1,9,0,2026-08-21T23:55:40+00:00
167814,2026-08-05,Bektemir,2,45801,https://hata.uz/en/listings/object/prodazha-2h-komn-kvartiry-massiv-ahangrabo-yashnabadskiy-r-on-167814,42.42,8,9,0,2026-08-21T23:55:40+00:00
167816,2026-08-05,Bektemir,5,55000,https://hata.uz/en/listings/object/5-honali-2-etazhli-uy-167816,1.0,1,2,1,2026-08-21T23:55:40+00:00
167817,2026-08-05,Bektemir,2,73000,https://hata.uz/en/listings/object/74m2-yangi-novostroyka-orientir-vodnik-167817,74.0,6,9,1,2026-08-21T23:55:40+00:00
167820,2026-08-05,Bektemir,2,61900,https://hata.uz/en/listings/object/sergeli-5-bakatga-10-minut-167820,80.0,1,5,1,2026-08-21T23:55:40+00:00
167830,2026-08-05,Mirobod,2,77000,https://hata.uz/en/listings/object/prodaetsya-kvartira-ozmakon-2-5-14-167830,51.0,5,14,1,2026-08-21T23:55:40+00:00
167831,2026-08-05,Mirobod,5,195000,https://hata.uz/en/listings/object/prodaetsya-5-komnatnaya-kvartira-metro-oybek-167831,115.0,7,9,0,2026-08-21T23:55:40+00:00
167837,2026-08-05,Mirobod,2,49072,https://hata.uz/en/listings/object/zhk-almaz-tower-prodoetsya-kv-2-komnatnaya-52-kvm-167837,54.0,10,16,1,2026-08-21T23:55:40+00:00
167838,2026-08-05,Mirobod,3,85000,https://hata.uz/en/listings/object/prodaetsya-novostroyka-s-kadastrom-167838,91.9,4,7,1,2026-08-21T23:55:40+00:00
167841,2026-08-05,Mirobod,2,72000,https://hata.uz/en/listings/object/aviagorodok-prodayu-2-komnatnuyu-kvartiru-167841,56.4,2,3,0,2026-08-21T23:55:40+00:00
167842,2026-08-05,Mirobod,1,49000,https://hata.uz/en/listings/object/prodaetsya-1-15-15-3208-m237-po-faktu-zhk-ozmakon-byvsh-uzbum-167842,32.08,15,15,1,2026-08-21T23:55:40+00:00
167854,2026-08-05,Mirzo Ulugbek,2,115000,https://hata.uz/en/listings/object/prodaetsya-2h-komnatnaya-kvartira-silk-road-167854,67.5,6,10,1,2026-08-21T23:55:40+00:00
167856,2026-08-05,Mirzo Ulugbek,2,92000,https://hata.uz/en/listings/object/mirzo-ulugbekskiy-rayon-2-komnatnaya-58-m2-v-zhk-botanika-saroyi-167856,58.0,5,16,1,2026-08-21T23:55:40+00:00
167870,2026-08-05,Mirzo Ulugbek,2,79900,https://hata.uz/en/listings/object/prodaetsya-2-komnatnaya-kvartira-38-m2-v-zhk-botanika-saroyi-167870,38.0,11,16,1,2026-08-21T23:55:40+00:00
167871,2026-08-05,Mirzo Ulugbek,2,72500,https://hata.uz/en/listings/object/svoya-kvartira-novostroyka-mirzo-ulugbekskiy-rayon-ulitsa-sayram-167871,54.0,16,18,1,2026-08-21T23:55:40+00:00
167884,2026-08-05,Sergeli,3,100000,https://hata.uz/en/listings/object/srochno-prodaetsya-novostroyka-3-h-komnatnaya-kvartira-167884,76.0,4,4,1,2026-08-21T23:55:40+00:00
167892,2026-08-05,Sergeli,2,54000,https://hata.uz/en/listings/object/prodaetsya-2h-komnatnaya-kvartira-s-podvalom-167892,47.0,1,6,1,2026-08-21T23:55:40+00:00
167893,2026-08-05,Sergeli,1,65000,https://hata.uz/en/listings/object/prodaetsya-kvartira-167893,50.0,5,10,1,2026-08-21T23:55:40+00:00
167897,2026-08-05,Sergeli,2,62000,https://hata.uz/en/listings/object/9-hududda-1-etazh-65-kvm-honadon-sotiladi-ofis-eki-yashashga-167897,65.0,1,16,1,2026-08-21T23:55:40+00:00
167899,2026-08-05,Sergeli,3,77000,https://hata.uz/en/listings/object/srochno-prodaetsya-kvartira-167899,73.0,5,5,0,2026-08-21T23:55:40+00:00
167908,2026-08-05,Uchtepa,1,64900,https://hata.uz/en/listings/object/uchtepa-tumani-vatan-24-kvartal-1-9-10-167908,48.0,9,10,1,2026-08-21T23:55:40+00:00
167910,2026-08-05,Uchtepa,3,80000,https://hata.uz/en/listings/object/uy-sotiladi-3-xonali-167910,72.21,6,12,0,2026-08-21T23:55:40+00:00
167913,2026-08-05,Uchtepa,2,55500,https://hata.uz/en/listings/object/kvartira-na-algoritme-167913,47.0,4,4,0,2026-08-21T23:55:40+00:00
167914,2026-08-05,Uchtepa,3,66500,https://hata.uz/en/listings/object/3-xona-21-167914,65.0,3,4,0,2026-08-21T23:55:40+00:00
167915,2026-08-05,Uchtepa,3,120000,https://hata.uz/en/listings/object/srochno-prodaetsya-3-komnatnaya-kvartir-v-novostroyke-167915,100.0,2,3,1,2026-08-21T23:55:40+00:00
167918,2026-08-05,Uchtepa,7,1200,https://hata.uz/en/listings/object/zh-k-salamatina-yakkasarayskiy-rayon-167918,210.0,9,10,1,2026-08-21T23:55:40+00:00
167919,2026-08-05,Uchtepa,2,60000,https://hata.uz/en/listings/object/2-honali-kvartira-50-kvm-uchtepa-rayon-chilanzar-22-kvartal-167919,50.0,1,4,0,2026-08-21T23:55:40+00:00
167923,2026-08-05,Uchtepa,3,75000,https://hata.uz/en/listings/object/srochni-ibn-sino-1-da-3xonali-fayzli-kvartira-sotiladi-167923,70.0,1,1,0,2026-08-21T23:55:40+00:00
167924,2026-08-05,Uchtepa,3,70000,https://hata.uz/en/listings/object/prodaetsya-3-h-komnatnaya-kvartira-na-kara-kamishe-2-3-mozhno-v-rassrochku-167924,67.0,4,4,0,2026-08-21T23:55:40+00:00
167925,2026-08-05,Uchtepa,6,89000,https://hata.uz/en/listings/object/beltepa-stroymart-7-etaj-5-xona-167925,100.0,7,9,0,2026-08-21T23:55:40+00:00
167926,2026-08-05,Uchtepa,3,83000,https://hata.uz/en/listings/object/prodaetsya-3-h-komnatnaya-kvartira-v-tashkente-167926,72.0,3,9,0,2026-08-21T23:55:40+00:00
167927,2026-08-05,Chilonzor,3,115000,https://hata.uz/en/listings/object/prodaetsya-3kom-kvartira-chilanzar-167927,70.0,4,4,0,2026-08-21T23:55:40+00:00
167946,2026-08-05,Chilonzor,3,74500,https://hata.uz/en/listings/object/prodaetsya-chilanzor-prodaetsya-kvartira-chilanzarskiy-rayon-prodaetsya-kv-167946,65.2,4,5,0,2026-08-21T23:55:40+00:00
167967,2026-08-05,Shayhontohur,3,90000,https://hata.uz/en/listings/object/prodazha-3h-komnatnaya-kvartira-167967,74.0,2,4,0,2026-08-21T23:55:40+00:00
167974,2026-08-05,Yunusobod,2,72000,https://hata.uz/en/listings/object/shayxontohur-rovd-uch-chinor-2-honali-167974,57.0,4,3,0,2026-08-21T23:55:40+00:00
167975,2026-08-05,Yunusobod,4,165000,https://hata.uz/en/listings/object/bankovskiy-yevro-remont-shahristanskiy-124-m2-167975,124.0,5,5,0,2026-08-21T23:55:40+00:00
167976,2026-08-05,Yunusobod,3,160000,https://hata.uz/en/listings/object/prodaetsya-3-komnatnaya-kvartira-v-tsentre-goroda-metro-minor-167976,70.0,3,4,0,2026-08-21T23:55:40+00:00
167978,2026-08-05,Yunusobod,2,49000,https://hata.uz/en/listings/object/kvartira-2-16-16-xonsaroy-ocean-49000ue-est-torg-167978,66.0,16,16,1,2026-08-21T23:55:40+00:00
167979,2026-08-05,Yunusobod,5,158000,https://hata.uz/en/listings/object/prodaetsya-2-kvartiry-v-tsentre-ts6zhile-167979,140.0,3,4,1,2026-08-21T23:55:40+00:00
167985,2026-08-05,Yunusobod,3,105000,https://hata.uz/en/listings/object/prodaetsya-zhk-modern-stroy-167985,86.0,10,14,1,2026-08-21T23:55:40+00:00
167987,2026-08-05,Yunusobod,4,195200,https://hata.uz/en/listings/object/prodayu-svoyu-kvartiru-korobka-muhtasham-167987,122.0,10,11,1,2026-08-21T23:55:40+00:00
167989,2026-08-05,Yunusobod,3,81000,https://hata.uz/en/listings/object/svoya-yunusabad-3-7-9-srochno-167989,71.0,7,9,0,2026-08-21T23:55:40+00:00
167990,2026-08-05,Yunusobod,3,80000,https://hata.uz/en/listings/object/yunusabad-14-3h-kom-7-9metro-petushok-167990,71.0,7,9,0,2026-08-21T23:55:40+00:00
168003,2026-08-05,Yakkasaroy,2,51000,https://hata.uz/en/listings/object/deshevle-chem-u-zastroyschika-2-komnatnaya-kvartira-zhk-zamon-nrg-bi-168003,49.6,3,12,1,2026-08-21T23:55:40+00:00
168005,2026-08-05,Yakkasaroy,2,39371,https://hata.uz/en/listings/object/prodaetsya-2-komn-kvartira-na-askie-168005,43.0,14,16,1,2026-08-21T23:55:40+00:00
168007,2026-08-05,Yakkasaroy,3,165000,https://hata.uz/en/listings/object/novostroyka-3-h-komnatnaya-168007,100.0,8,9,1,2026-08-21T23:55:40+00:00
168023,2026-08-05,Yakkasaroy,4,1200,https://hata.uz/en/listings/object/srochno-korobka-128-kv-skvoznaya-dva-po-64-kv-bok-o-bok-b-blok-168023,128.0,10,12,1,2026-08-21T23:55:40+00:00
168029,2026-08-05,Yashnobod,3,70000,https://hata.uz/en/listings/object/prodam-svoyu-kvartiru-168029,70.0,9,9,0,2026-08-21T23:55:40+00:00
168032,2026-08-05,Yashnobod,1,28000,https://hata.uz/en/listings/object/prodaetsya-1-kom-kvartira-yashnabadskiy-rayon-byvshaya-obschezhitie-byv-168032,22.0,3,4,0,2026-08-21T23:55:40+00:00
168041,2026-08-05,Yashnobod,3,9600,https://hata.uz/en/listings/object/uy-sotiladi-barcha-qulayliklarga-ega-3-xonali-11-qavatda-2-lamch-bor-168041,67.0,11,12,1,2026-08-21T23:55:40+00:00
168045,2026-08-05,Yashnobod,3,99000,https://hata.uz/en/listings/object/srochno-prodam-gotovuyu-kvartiru-nrg-bi-sado-business-1-ochered-168045,69.88,3,8,1,2026-08-21T23:55:40+00:00
168053,2026-08-05,Yashnobod,3,99500,https://hata.uz/en/listings/object/nrg-zhk-zamon-srochno-prodaetsya-995-kvm-3-komnatnaya-svoya-kadastr-est-168053,99.58,6,9,1,2026-08-21T23:55:40+00:00
168056,2026-08-05,Yashnobod,2,60000,https://hata.uz/en/listings/object/kvartira-prodaetsya-168056,57.0,4,4,0,2026-08-21T23:55:40+00:00
168411,2026-08-05,Olmazor,1,45000,https://hata.uz/en/listings/object/odnokomnatnaya-kvartira-42kv-m-168411,42.0,4,4,0,2026-08-21T23:55:40+00:00
168414,2026-08-05,Olmazor,3,78000,https://hata.uz/en/listings/object/prodazha-kvartiry-168414,80.0,1,5,0,2026-08-21T23:55:40+00:00
168420,2026-08-05,Olmazor,4,157000,https://hata.uz/en/listings/object/4-honali-fidokor-168420,94.0,4,9,0,2026-08-21T23:55:40+00:00
168431,2026-08-05,Olmazor,3,82000,https://hata.uz/en/listings/object/sergili-7-kvartal-3-hona-novostroyka-pod-klyuch-dokument-lari-taer-168431,74.5,7,9,1,2026-08-21T23:55:40+00:00
168446,2026-08-05,Bektemir,2,36000,https://hata.uz/en/listings/object/prodaetsya-uyutnaya-kvartira-na-2-m-etazhe-tsena-40-000-ue-idealny-168446,35.0,2,4,0,2026-08-21T23:55:40+00:00
168457,2026-08-05,Yashnobod,7,350000,https://hata.uz/en/listings/object/prodaetsya-dupleks-kvartira-yashnabadskiy-rayon-orientir-tehnopark-168457,260.0,7,7,1,2026-08-21T23:55:40+00:00
168461,2026-08-05,Mirobod,10,380000,https://hata.uz/en/listings/object/ozimni-uyim-bez-makler-168461,1.0,2,2,0,2026-08-21T23:55:40+00:00
168473,2026-08-05,Mirobod,3,78000,https://hata.uz/en/listings/object/zhk-bruklin-na-mirzo-168473,78.0,12,16,1,2026-08-21T23:55:40+00:00
168480,2026-08-05,Mirzo Ulugbek,5,135000,https://hata.uz/en/listings/object/prodaetsya-5-h-5-4-9-komnatnaya-kvartira-s-lgotnim-kreditom-168480,128.0,4,9,0,2026-08-21T23:55:40+00:00
168484,2026-08-05,Mirzo Ulugbek,4,138000,https://hata.uz/en/listings/object/prodaetsya-kvartira-4-7-7-mechet-sheyh-zievuddin-168484,93.0,7,7,1,2026-08-21T23:55:40+00:00
168489,2026-08-05,Mirzo Ulugbek,3,42000,https://hata.uz/en/listings/object/3-h-komnatnaya-kvartira-168489,64.0,2,2,0,2026-08-21T23:55:40+00:00
168495,2026-08-05,Mirzo Ulugbek,3,76000,https://hata.uz/en/listings/object/srochna-prodaetsya-3-4-5-93m2-korobka-zhk-yugnakiy-korobka-kk-yugn-168495,93.0,4,5,1,2026-08-21T23:55:40+00:00
168503,2026-08-05,Mirzo Ulugbek,2,49000,https://hata.uz/en/listings/object/svoya-1v2-prodaetsya-mirzo-ulugbekskiy-rayon-168503,38.0,4,4,0,2026-08-21T23:55:40+00:00
168506,2026-08-05,Mirzo Ulugbek,2,60000,https://hata.uz/en/listings/object/prodaetsya-2-h-kom-kv-na-ttz-buyuk-ipak-yuli-168506,52.0,4,4,0,2026-08-21T23:55:40+00:00
168517,2026-08-05,Sergeli,4,80000,https://hata.uz/en/listings/object/prodam-kvartiru-svoya-sergili-8-168517,87.0,9,9,0,2026-08-21T23:55:40+00:00
168522,2026-08-05,Sergeli,3,70000,https://hata.uz/en/listings/object/uy-sotiladi-sergeli-yangi-168522,58.0,1,7,1,2026-08-21T23:55:40+00:00
168523,2026-08-05,Sergeli,6,125000,https://hata.uz/en/listings/object/prodaetsya-kvartira-s-evroremontom-s-mebelyu-i-tehnikoy-118-kvm-168523,118.0,3,9,0,2026-08-21T23:55:40+00:00
168525,2026-08-05,Sergeli,4,102000,https://hata.uz/en/listings/object/prodaetsya-4h-kvartira-168525,101.0,5,9,1,2026-08-21T23:55:40+00:00
168527,2026-08-05,Sergeli,2,57500,https://hata.uz/en/listings/object/sergeli-6a-2-metro-prodaetsya-kv-168527,50.0,6,7,0,2026-08-21T23:55:40+00:00
168530,2026-08-05,Sergeli,2,59900,https://hata.uz/en/listings/object/kvartira-sotiladi-168530,58.0,3,3,1,2026-08-21T23:55:40+00:00
168540,2026-08-05,Uchtepa,3,83000,https://hata.uz/en/listings/object/uchtepa-24-y-kvartal-15-dom-1-etazh-posle-remonta-168540,60.0,1,5,0,2026-08-21T23:55:40+00:00
168541,2026-08-05,Uchtepa,3,99000,https://hata.uz/en/listings/object/kukcha-oktepa-3-4-10-zh-k-art-hause-106m2-uchtepa-tumani-krobka-168541,106.0,4,10,1,2026-08-21T23:55:40+00:00
168542,2026-08-05,Uchtepa,3,75000,https://hata.uz/en/listings/object/prodaetsya-kvartira-168542,70.0,3,4,0,2026-08-21T23:55:40+00:00
168562,2026-08-05,Uchtepa,3,70000,https://hata.uz/en/listings/object/3h-komnatnaya-kvartira-prodaetsya-168562,77.0,3,4,0,2026-08-21T23:55:40+00:00
168563,2026-08-05,Uchtepa,1,33900,https://hata.uz/en/listings/object/kvartira-2-xonali-uy-sotiladi-nurafshon-shahrida-168563,51.0,1,4,0,2026-08-21T23:55:40+00:00
168564,2026-08-05,Uchtepa,3,60000,https://hata.uz/en/listings/object/prodaetsya-kvartira-v-uchtepinskom-rayone-168564,58.04,9,9,0,2026-08-21T23:55:40+00:00
168566,2026-08-05,Uchtepa,3,85000,https://hata.uz/en/listings/object/prodam-svoy-3-komnatnaya-kvartira-chilanzar-26-168566,67.0,3,5,0,2026-08-21T23:55:40+00:00
168567,2026-08-05,Uchtepa,4,85000,https://hata.uz/en/listings/object/srochno-prodaetsya-4-h-komnatnaya-kvartira-s-mebelyu-i-tehnikoy-168567,100.0,9,9,0,2026-08-21T23:55:40+00:00
168568,2026-08-05,Uchtepa,3,75000,https://hata.uz/en/listings/object/prodayu-kvartir-3-4-4-6334-m2-168568,63.34,4,4,0,2026-08-21T23:55:40+00:00
168570,2026-08-05,Uchtepa,4,105000,https://hata.uz/en/listings/object/uchtepa-14-22-18-sotiladi-168570,77.0,1,4,0,2026-08-21T23:55:40+00:00
168576,2026-08-05,Chilonzor,5,130000,https://hata.uz/en/listings/object/prodaetsya-svoya-kvartira-105m2-ts-kvartal-5-4-9-or-r-gai-168576,105.0,4,9,0,2026-08-21T23:55:40+00:00
168581,2026-08-05,Chilonzor,4,100000,https://hata.uz/en/listings/object/sotiladi-168581,80.0,1,4,0,2026-08-21T23:55:40+00:00
168590,2026-08-05,Chilonzor,2,55000,https://hata.uz/en/listings/object/kvartira-sotiladi-168590,42.64,3,9,0,2026-08-21T23:55:40+00:00
168593,2026-08-05,Shayhontohur,5,1200,https://hata.uz/en/listings/object/muhtasham-kvartiri-rassrochka-est-168593,142.0,11,11,1,2026-08-21T23:55:40+00:00
168594,2026-08-05,Shayhontohur,2,1300,https://hata.uz/en/listings/object/dream-haus-gulobod-168594,55.0,8,9,1,2026-08-21T23:55:40+00:00
168596,2026-08-05,Shayhontohur,4,160000,https://hata.uz/en/listings/object/4-3-9-m-milliybog-druzhba-narodov-96-m2-avtorskiy-remont-mebelyu-168596,105.0,3,9,0,2026-08-21T23:55:40+00:00
168603,2026-08-05,Shayhontohur,4,112000,https://hata.uz/en/listings/object/srochno-uy-sotiladi-168603,93.0,2,9,0,2026-08-21T23:55:40+00:00
168615,2026-08-05,Shayhontohur,1,48500,https://hata.uz/en/listings/object/prodaetsya-1-3-4-oktepa-168615,28.0,3,4,0,2026-08-21T23:55:40+00:00
168621,2026-08-05,Yunusobod,4,145000,https://hata.uz/en/listings/object/yunusobod-chinobod-hightown-95-110-kv-m-16-etazh-parkovochnoe-m-168621,110.0,16,16,1,2026-08-21T23:55:40+00:00
168626,2026-08-05,Yunusobod,6,160000,https://hata.uz/en/listings/object/215-m2-penthaus-minor-malika-anhor-168626,215.41,10,10,1,2026-08-21T23:55:40+00:00
168629,2026-08-05,Yunusobod,2,67500,https://hata.uz/en/listings/object/svoya-224-yunusobod-15-m-turkestan-smezhnye-ipoteka-podhodit-168629,49.0,2,4,0,2026-08-21T23:55:40+00:00
168631,2026-08-05,Yunusobod,3,98000,https://hata.uz/en/listings/object/novostroyka-honsaroy-yunusabad-2kv-3-2-9-168631,90.0,2,9,1,2026-08-21T23:55:40+00:00
168634,2026-08-05,Yunusobod,3,112000,https://hata.uz/en/listings/object/prodaetsya-3-komn-kvartiru-168634,83.0,9,9,1,2026-08-21T23:55:40+00:00
168641,2026-08-05,Yunusobod,2,69000,https://hata.uz/en/listings/object/uy-sotiladi-olmazor-tumani-sebzor-kuchasi-168641,68.0,5,5,0,2026-08-21T23:55:40+00:00
168646,2026-08-05,Yunusobod,4,107000,https://hata.uz/en/listings/object/prodaetsya-kvartira-na-yunus-obod-19-kvartal-5-etazh-ni-dom-4-komna-168646,108.0,4,5,0,2026-08-21T23:55:40+00:00
168649,2026-08-05,Yunusobod,4,130000,https://hata.uz/en/listings/object/prodam-kvartiru-svaya-168649,88.0,3,4,0,2026-08-21T23:55:40+00:00
168659,2026-08-05,Yakkasaroy,2,100000,https://hata.uz/en/listings/object/kvartira-2-13-16-s-remontom-yakkasaray-168659,72.2,13,16,0,2026-08-21T23:55:40+00:00
168661,2026-08-05,Yakkasaroy,1,110000,https://hata.uz/en/listings/object/yakkasaroy-shota-rustaveli-1-holl-9-10-168661,52.0,9,10,1,2026-08-21T23:55:40+00:00
168662,2026-08-05,Yakkasaroy,3,220000,https://hata.uz/en/listings/object/prodaetsya-kvartira-v-elitnom-rayone-goroda-tashkenta-168662,79.59,2,12,1,2026-08-21T23:55:40+00:00
168691,2026-08-05,Yashnobod,4,77000,https://hata.uz/en/listings/object/prodaetsya-kvartira-97-m2-novostroyka-168691,97.0,5,6,1,2026-08-21T23:55:40+00:00
168701,2026-08-05,Yashnobod,2,70000,https://hata.uz/en/listings/object/kvartira-v-kotoroy-vy-budete-pit-kofe-po-utram-u-okna-168701,61.29,8,16,1,2026-08-21T23:55:40+00:00
168702,2026-08-05,Yashnobod,2,50000,https://hata.uz/en/listings/object/olmos-mahalla-9-qavat-2-xona-46kv-168702,46.0,9,9,1,2026-08-21T23:55:40+00:00
168717,2026-08-05,Yashnobod,3,71000,https://hata.uz/en/listings/object/kvartira-sotiladi-prodaetsya-kvartira-168717,67.0,2,5,0,2026-08-21T23:55:40+00:00
169001,2026-08-05,Olmazor,4,105000,https://hata.uz/en/listings/object/4-honali-82-kvadrat-2-6-balkon-169001,82.0,3,5,0,2026-08-21T23:55:40+00:00
169004,2026-08-05,Olmazor,4,275000,https://hata.uz/en/listings/object/prodaetsya-elitnaya-kvartira-156m2-v-zhk-huvaydo-residence-s-parkingom-169004,156.0,3,7,1,2026-08-21T23:55:40+00:00
169018,2026-08-05,Olmazor,6,190000,https://hata.uz/en/listings/object/srochno-prodaetsya-novostroyka-169018,190.0,3,3,1,2026-08-21T23:55:40+00:00
169023,2026-08-05,Olmazor,3,150000,https://hata.uz/en/listings/object/prodaetsya-kvartira-v-tsentre-goroda-169023,88.0,6,12,0,2026-08-21T23:55:40+00:00
169025,2026-08-05,Olmazor,4,115000,https://hata.uz/en/listings/object/srochno-sotiladi-beruniy-metro-o-zmu-shundo-yonida-4-xona-169025,100.0,9,9,0,2026-08-21T23:55:40+00:00
169034,2026-08-05,Bektemir,2,48900,https://hata.uz/en/listings/object/srochno-kvartira-2-komnatnaya-novostroyka-zhk-compas-169034,56.0,1,7,1,2026-08-21T23:55:40+00:00
169035,2026-08-05,Bektemir,2,48000,https://hata.uz/en/listings/object/srochno-prodaetsya-2-komnatnaya-kvartira-169035,55.0,1,2,0,2026-08-21T23:55:40+00:00
169037,2026-08-05,Bektemir,1,34500,https://hata.uz/en/listings/object/kuyluk-massiv-1-1-1-5-169037,31.0,1,5,0,2026-08-21T23:55:40+00:00
169061,2026-08-04,Mirobod,3,155000,https://hata.uz/en/listings/object/oybek-3-2-9-tochka-vkusa-aybek-drobnye-doma-169061,75.0,2,9,0,2026-08-21T23:55:40+00:00
169087,2026-08-05,Mirzo Ulugbek,2,61500,https://hata.uz/en/listings/object/prodaetsya-a-yugnakiy-2-h-komnatnaya-kvartira-ne-tortsevoy-2-balkona-2na-169087,60.0,3,5,0,2026-08-21T23:55:40+00:00
169103,2026-08-05,Mirzo Ulugbek,2,66000,https://hata.uz/en/listings/object/feruza-2-2-4-4-evroremont-razdelnaya-sobestvenik-169103,60.0,4,4,0,2026-08-21T23:55:40+00:00
169112,2026-08-05,Sergeli,2,52500,https://hata.uz/en/listings/object/sergeli-choshtepada-2-8-17-karobka-kvartira-sotiladikvadrati-55-narhi-169112,55.0,8,17,1,2026-08-21T23:55:40+00:00
169118,2026-08-05,Sergeli,2,57000,https://hata.uz/en/listings/object/prodaetsya-kvartira-2v3-na-sergiyah-169118,54.0,7,7,1,2026-08-21T23:55:40+00:00
169120,2026-08-05,Sergeli,3,72000,https://hata.uz/en/listings/object/prodaetsya-3-1-5-kuylyuk-massiv-6-169120,78.0,1,5,0,2026-08-21T23:55:40+00:00
169126,2026-08-05,Sergeli,2,89000,https://hata.uz/en/listings/object/yangihayot-tumanida-kvartira-sotiladi-169126,73.0,6,16,1,2026-08-21T23:55:40+00:00
169128,2026-08-05,Sergeli,2,69464,https://hata.uz/en/listings/object/kvartira-v-aviagorodke2-h-komnatnaya-169128,62.5,4,5,0,2026-08-21T23:55:40+00:00
169134,2026-08-05,Sergeli,3,66000,https://hata.uz/en/listings/object/toshkent-waxrida-sergeli-tumanida-srocna-3xonali-dom-sotlad-169134,84.0,3,9,0,2026-08-21T23:55:40+00:00
169138,2026-08-05,Uchtepa,3,105000,https://hata.uz/en/listings/object/3-honali-kvartira-uch-tepa-169138,93.12,3,4,0,2026-08-21T23:55:40+00:00
169140,2026-08-05,Uchtepa,6,130000,https://hata.uz/en/listings/object/prodaetsya-kvartira-v-novostroyke-gtashkent-169140,130.0,1,10,1,2026-08-21T23:55:40+00:00
169141,2026-08-05,Uchtepa,3,85000,https://hata.uz/en/listings/object/kvar-a-prodaetsya-uchtepe-24-svoya-3-kom-aya-7-etazhe-mebeltehniko-169141,72.0,7,9,0,2026-08-21T23:55:40+00:00
169142,2026-08-05,Uchtepa,1,11500,https://hata.uz/en/listings/object/1-xonali-uy-sotiladi-bita-pasportga-169142,47.0,11,16,1,2026-08-21T23:55:40+00:00
169144,2026-08-05,Uchtepa,2,67000,https://hata.uz/en/listings/object/srochno-chilanzar-15-kvartal-169144,48.0,1,4,0,2026-08-21T23:55:40+00:00
169146,2026-08-05,Uchtepa,3,100000,https://hata.uz/en/listings/object/bankovskaya-mvd-gospitalniy-enida-dom-sotiladi-169146,111.0,4,4,0,2026-08-21T23:55:40+00:00
169147,2026-08-05,Uchtepa,4,117950,https://hata.uz/en/listings/object/uch-tepadan-uy-sotiladi-254169-169147,100.0,6,9,0,2026-08-21T23:55:40+00:00
169148,2026-08-05,Uchtepa,2,57000,https://hata.uz/en/listings/object/literaturniy-jaxon-tillar-oldidan-2-xona-55-kv-57000-169148,55.0,6,9,1,2026-08-21T23:55:40+00:00
169149,2026-08-05,Uchtepa,1,50000,https://hata.uz/en/listings/object/prodaetsya-1-komnatnaya-kvartira-svoya-169149,34.0,7,7,1,2026-08-21T23:55:40+00:00
169151,2026-08-05,Uchtepa,2,112000,https://hata.uz/en/listings/object/srochno-kokcha-masjidi-yaqinida-2-xonali-90-kv-60-30-terassa-uy-169151,90.0,3,10,1,2026-08-21T23:55:40+00:00
169152,2026-08-05,Uchtepa,3,71500,https://hata.uz/en/listings/object/prodaetsya-kvartira-algoritm-31-kvartal-3-4-9-169152,70.34,4,9,0,2026-08-21T23:55:40+00:00
169154,2026-08-05,Uchtepa,2,50000,https://hata.uz/en/listings/object/kvartira-4-4-2-45kv-169154,45.0,4,4,0,2026-08-21T23:55:40+00:00
169157,2026-08-05,Uchtepa,3,75000,https://hata.uz/en/listings/object/uchtepa-tumani-algaritmda-3-xonali-uy-sotiladi-169157,75.0,6,12,0,2026-08-21T23:55:40+00:00
169158,2026-08-05,Uchtepa,3,95000,https://hata.uz/en/listings/object/vash-idealnyy-dom-v-obyatiyah-prirody-chistyy-vozduh-komfort-i-vygoda-169158,80.0,2,5,0,2026-08-21T23:55:40+00:00
169160,2026-08-05,Uchtepa,3,800,https://hata.uz/en/listings/object/kvartira-novostroyka-algoritm-169160,104.0,8,10,1,2026-08-21T23:55:40+00:00
169161,2026-08-05,Uchtepa,2,75000,https://hata.uz/en/listings/object/uchtepada-2xonali-holati-yaxshi-kvartira-sotiladi-169161,54.0,1,4,0,2026-08-21T23:55:40+00:00
169162,2026-08-05,Uchtepa,3,90000,https://hata.uz/en/listings/object/prodayu-svoyu-kvartiru-169162,65.0,2,5,0,2026-08-21T23:55:40+00:00
169164,2026-08-05,Uchtepa,2,95000,https://hata.uz/en/listings/object/gishtli-uy-4-qavatli-uynin-1-qavati-169164,57.0,1,4,0,2026-08-21T23:55:40+00:00
169165,2026-08-05,Uchtepa,3,150000,https://hata.uz/en/listings/object/novostroyka-3-h-komnatnaya-169165,125.0,1,3,1,2026-08-21T23:55:40+00:00
169166,2026-08-05,Uchtepa,4,99000,https://hata.uz/en/listings/object/uy-sotiladi-ibn-sino-2-da-169166,83.0,3,5,0,2026-08-21T23:55:40+00:00
169167,2026-08-05,Uchtepa,2,60000,https://hata.uz/en/listings/object/prodaetsya-svoya-kvartira-ibn-sino-1-169167,65.0,5,5,0,2026-08-21T23:55:40+00:00
169174,2026-08-05,Chilonzor,3,105000,https://hata.uz/en/listings/object/kvartira-srochniy-sotiladi-169174,90.0,1,4,0,2026-08-21T23:55:40+00:00
169177,2026-08-05,Chilonzor,2,77000,https://hata.uz/en/listings/object/2-h-kom-2-etazh-4-chilanzar-3-kv-svoya-bez-posrednikov-169177,48.0,2,4,0,2026-08-21T23:55:40+00:00
169199,2026-08-05,Chilonzor,2,95000,https://hata.uz/en/listings/object/prodaetsya-kvartira-169199,67.0,5,5,0,2026-08-21T23:55:40+00:00
169208,2026-08-05,Shayhontohur,4,144000,https://hata.uz/en/listings/object/srochno-138000-4h-komnatnayas-remontom-i-tehnikoy-169208,87.0,12,12,1,2026-08-21T23:55:40+00:00
169216,2026-08-05,Shayhontohur,7,197000,https://hata.uz/en/listings/object/premium-apartamenty-dupleks-v-tsentre-zhk-minor-residence-169216,166.0,7,8,1,2026-08-21T23:55:40+00:00
169217,2026-08-05,Shayhontohur,5,120000,https://hata.uz/en/listings/object/prodaetsya-kvartira-5-komnatnaya-120-m2-5-8-9-ibn-sino-stroymart-169217,120.0,8,9,1,2026-08-21T23:55:40+00:00
169219,2026-08-05,Shayhontohur,1,63000,https://hata.uz/en/listings/object/srochna-dream-house-kavartir-169219,57.0,8,10,1,2026-08-21T23:55:40+00:00
169228,2026-08-05,Shayhontohur,3,95000,https://hata.uz/en/listings/object/koratosh-3-hona-sotiladi-169228,76.0,1,5,0,2026-08-21T23:55:40+00:00
169236,2026-08-05,Yunusobod,4,170000,https://hata.uz/en/listings/object/shahar-markazidan-4-honali-uy-sotiladi-169236,107.0,3,4,0,2026-08-21T23:55:40+00:00
169246,2026-08-05,Yunusobod,4,98000,https://hata.uz/en/listings/object/yunusabodda-4-xonalik-kvartira-sotiladi-srochniga-169246,94.0,8,9,0,2026-08-21T23:55:40+00:00
169254,2026-08-05,Yunusobod,2,103000,https://hata.uz/en/listings/object/svoya-prodaetsya-novostroyka-zh-k-imperial-club-city-169254,46.79,12,14,1,2026-08-21T23:55:40+00:00
169264,2026-08-05,Yakkasaroy,3,195000,https://hata.uz/en/listings/object/sobstvennik-kvartira-3-13-13-v-novostroyke-s-bolshoy-terrasoy-169264,107.0,13,13,1,2026-08-21T23:55:40+00:00
169276,2026-08-05,Yakkasaroy,3,139000,https://hata.uz/en/listings/object/srochno-prodaetsya-kvartira-169276,103.0,12,12,1,2026-08-21T23:55:40+00:00
169286,2026-08-05,Yashnobod,2,55000,https://hata.uz/en/listings/object/prodazha-kvartir-v-tsentre-tashkenta-169286,41.0,4,4,0,2026-08-21T23:55:40+00:00
169287,2026-08-05,Yashnobod,3,75000,https://hata.uz/en/listings/object/3xona-uy-sotiladi-evro-remont-ayrim-jixozla-qoladi-podvoli-bor-agarot-169287,70.0,1,5,0,2026-08-21T23:55:40+00:00
169293,2026-08-05,Yashnobod,3,83400,https://hata.uz/en/listings/object/novostroyka-tashkent-prodaetsya-kvartira-na-zhk-grand-city-3-3-6-169293,69.5,3,6,1,2026-08-21T23:55:40+00:00
169302,2026-08-05,Yashnobod,1,45000,https://hata.uz/en/listings/object/srochnaya-prodazha-kvartira-1-komnatnaya-svoya-bez-maklera-169302,44.0,7,8,1,2026-08-21T23:55:40+00:00
169639,2026-08-05,Olmazor,2,76800,https://hata.uz/en/listings/object/rassrochka-kvartira-v-novostroyke-livingood-169639,38.4,7,13,1,2026-08-21T23:55:40+00:00
169645,2026-08-05,Olmazor,3,145000,https://hata.uz/en/listings/object/sebzor-noturar-3-1-9-169645,75.0,1,9,0,2026-08-21T23:55:40+00:00
169652,2026-08-05,Olmazor,1,25000,https://hata.uz/en/listings/object/toshkent-olmazor-tumani-qoraqamish-1-4-1-xona-uy-sotiladi-169652,29.0,8,20,1,2026-08-21T23:55:40+00:00
169654,2026-08-05,Olmazor,4,90000,https://hata.uz/en/listings/object/svoya-4-2-3-bektemir-150kv-90-000-169654,150.0,2,3,0,2026-08-21T23:55:40+00:00
169656,2026-08-05,Olmazor,2,62000,https://hata.uz/en/listings/object/olmazor-korasaroy-2-hona-3-hona-kilingan-169656,66.0,9,9,1,2026-08-21T23:55:40+00:00
169657,2026-08-05,Olmazor,2,75000,https://hata.uz/en/listings/object/prodam-kvartiru-na-kara-kamyshe-2-1-cherez-dorogu-park-169657,56.0,2,4,0,2026-08-21T23:55:40+00:00
169659,2026-08-05,Bektemir,3,72600,https://hata.uz/en/listings/object/uy-sotiladi-sharoti-yahshi-169659,71.0,1,9,0,2026-08-21T23:55:40+00:00
169660,2026-08-05,Bektemir,4,80000,https://hata.uz/en/listings/object/kuylik-1-chi-daha-katezh-2-kavat-4-hona-100-kv-tayer-169660,110.0,1,2,1,2026-08-21T23:55:40+00:00
169661,2026-08-05,Bektemir,2,89000,https://hata.uz/en/listings/object/uy-sotiladi-qoyliq-4-18-dom-metro-matonat-169661,60.0,2,5,0,2026-08-21T23:55:40+00:00
169662,2026-08-05,Bektemir,2,57402,https://hata.uz/en/listings/object/prodaetsya-novaya-svoya-2-1-12-v-zhk-nrg-yangi-baxt-s-kadastrom-169662,47.0,1,12,1,2026-08-21T23:55:40+00:00
169664,2026-08-05,Yashnobod,1,37000,https://hata.uz/en/listings/object/uy-sotiladi-1-honali-navastroyka-169664,38.0,1,7,1,2026-08-21T23:55:40+00:00
169675,2026-08-05,Mirobod,3,47990,https://hata.uz/en/listings/object/uyutnyy-dom-kvartira-s-tehnikoy-i-mebelyu-aviagorodok-57m2-2-1-1-169675,56.86,1,1,0,2026-08-21T23:55:40+00:00
169681,2026-08-05,Mirobod,2,57000,https://hata.uz/en/listings/object/prodayu-sampi-mikrorayon-2-3-5-kirpich-52-kv-m-bez-remonta-169681,52.0,3,5,0,2026-08-21T23:55:40+00:00
169713,2026-08-05,Mirzo Ulugbek,2,125000,https://hata.uz/en/listings/object/prodaetsya-2-8-12-novostroyka-zhk-darhan-avenyu-169713,50.0,8,12,1,2026-08-21T23:55:40+00:00
169717,2026-08-05,Mirzo Ulugbek,3,100000,https://hata.uz/en/listings/object/prodaetsya-kvartira-na-karasu-6-bankovskiy-dom-169717,80.0,4,5,0,2026-08-21T23:55:40+00:00
169723,2026-08-05,Mirzo Ulugbek,3,150000,https://hata.uz/en/listings/object/prodazha-kvartiry-ts1-169723,114.0,2,9,0,2026-08-21T23:55:40+00:00
169739,2026-08-05,Sergeli,2,55000,https://hata.uz/en/listings/object/sergili-choshtepada-yangi-uy-metro-1-bekat-oldida-169739,56.3,13,16,1,2026-08-21T23:55:40+00:00
169743,2026-08-05,Sergeli,4,80000,https://hata.uz/en/listings/object/4-honali-uy-sotiladi-9-kavatli-doma-169743,98.0,8,9,0,2026-08-21T23:55:40+00:00
169744,2026-08-05,Sergeli,2,65000,https://hata.uz/en/listings/object/prodaetsya-kvartira-sergeli-1-2v3-1-5-sergeli-rovd-169744,75.0,1,4,0,2026-08-21T23:55:40+00:00
169746,2026-08-05,Sergeli,4,89000,https://hata.uz/en/listings/object/prodam-kvartiru-v-tashkente-sergeli-5-169746,100.0,6,9,0,2026-08-21T23:55:40+00:00
169750,2026-08-05,Sergeli,3,70000,https://hata.uz/en/listings/object/prodayu-svoyu-kvartiru-169750,82.0,12,16,1,2026-08-21T23:55:40+00:00
169757,2026-08-05,Uchtepa,1,65000,https://hata.uz/en/listings/object/ibn-sinoda-uy-sotiladi-169757,42.0,6,9,0,2026-08-21T23:55:40+00:00
169758,2026-08-05,Uchtepa,2,35000,https://hata.uz/en/listings/object/2-komnatnaya-kvartira-169758,35.0,3,4,0,2026-08-21T23:55:40+00:00
169768,2026-08-05,Uchtepa,2,74000,https://hata.uz/en/listings/object/kvartira-ibn-sino-169768,68.0,2,4,1,2026-08-21T23:55:40+00:00
169769,2026-08-05,Uchtepa,2,65000,https://hata.uz/en/listings/object/prodaetsya-svoya-2-h-komnatnaya-peredelannaya-v-3-h-kvartira-169769,50.0,2,5,0,2026-08-21T23:55:40+00:00
169778,2026-08-05,Chilonzor,3,90000,https://hata.uz/en/listings/object/kvatira-chilonzor-sotiladi-5-kvartal-novza-hamza-metro-3-3-4-169778,70.0,3,4,0,2026-08-21T23:55:40+00:00
169780,2026-08-05,Chilonzor,1,59500,https://hata.uz/en/listings/object/svoya-chilanzar-9-mebel-i-tehnika-169780,36.0,3,4,0,2026-08-21T23:55:40+00:00
169788,2026-08-05,Chilonzor,6,295000,https://hata.uz/en/listings/object/prodaetsya-kvartira-murad-building-169788,227.0,1,7,1,2026-08-21T23:55:40+00:00
169792,2026-08-05,Chilonzor,2,78000,https://hata.uz/en/listings/object/chilanzar-8-kv-2-1-4-2-kom-kirpich-balkon-2h6-orentir-parus-169792,55.0,1,4,0,2026-08-21T23:55:40+00:00
169797,2026-08-05,Chilonzor,3,124000,https://hata.uz/en/listings/object/kvartira-sotiladi-13-kv-navastroyka-169797,85.0,1,5,1,2026-08-21T23:55:40+00:00
169803,2026-08-05,Chilonzor,2,104000,https://hata.uz/en/listings/object/srochno-notaryus-sotiladi-169803,70.0,1,4,0,2026-08-21T23:55:40+00:00
169818,2026-08-05,Shayhontohur,2,75000,https://hata.uz/en/listings/object/srochno-prodoetsya-kvartira-169818,48.96,4,4,0,2026-08-21T23:55:40+00:00
169834,2026-08-05,Shayhontohur,7,197000,https://hata.uz/en/listings/object/premium-novostroyka-tsentr-dupleks-minor-rezidens-maszhid-srochno-svoya-169834,166.0,7,8,1,2026-08-21T23:55:40+00:00
169835,2026-08-05,Shayhontohur,5,95000,https://hata.uz/en/listings/object/zhk-guncha-uylari-srochno-169835,110.0,9,9,1,2026-08-21T23:55:40+00:00
169852,2026-08-05,Yunusobod,1,1300,https://hata.uz/en/listings/object/yunusobod-krugda-dom-50-kv-sotiladi-169852,50.0,3,10,1,2026-08-21T23:55:40+00:00
169861,2026-08-05,Yunusobod,4,130000,https://hata.uz/en/listings/object/prodaetsya-4-komnatnaya-badamzar-169861,95.0,3,9,0,2026-08-21T23:55:40+00:00
169865,2026-08-05,Yunusobod,4,90000,https://hata.uz/en/listings/object/prodayu-kvartiru-svoya-17-kvartal-169865,96.0,4,5,0,2026-08-21T23:55:40+00:00
169871,2026-08-05,Yakkasaroy,2,159900,https://hata.uz/en/listings/object/srochno-kvartira-v-piramit-unikalnoe-predlozhenie-do-kontsa-marta-169871,60.0,19,48,1,2026-08-21T23:55:40+00:00
169876,2026-08-05,Yakkasaroy,4,124000,https://hata.uz/en/listings/object/srochno-sotiladi-yakkasaroy-tuyhona-300400-rasstoyanie-169876,117.0,3,16,0,2026-08-21T23:55:40+00:00
169877,2026-08-05,Yakkasaroy,2,86000,https://hata.uz/en/listings/object/yakkasaroy-bobur-teatralnyy-2-2-5-169877,50.0,2,5,0,2026-08-21T23:55:40+00:00
169907,2026-08-05,Yashnobod,2,59000,https://hata.uz/en/listings/object/kvartira-yashnabod-tumanida-169907,50.0,4,4,0,2026-08-21T23:55:40+00:00
169912,2026-08-05,Yashnobod,3,95000,https://hata.uz/en/listings/object/3-xonali-kvartira-sotiladi-169912,83.0,3,8,1,2026-08-21T23:55:40+00:00
169913,2026-08-05,Yashnobod,1,27500,https://hata.uz/en/listings/object/srochno-svoya-1-komnatnaya-27500-169913,28.0,1,1,1,2026-08-21T23:55:40+00:00
169920,2026-08-05,Yashnobod,2,80000,https://hata.uz/en/listings/object/srochno-prodaetsya-kvartira-169920,42.66,7,9,1,2026-08-21T23:55:40+00:00
169921,2026-08-05,Yashnobod,3,51500,https://hata.uz/en/listings/object/2-hona-uy-sotiladi-169921,51.0,4,4,0,2026-08-21T23:55:40+00:00
169925,2026-08-05,Yashnobod,1,26000,https://hata.uz/en/listings/object/kvartira-yashnabod-tumanida-169925,17.0,1,4,0,2026-08-21T23:55:40+00:00
169926,2026-08-05,Yashnobod,2,130000,https://hata.uz/en/listings/object/toshkent-yashnobod-2xonali-62kv-1etaji-169926,62.0,1,4,0,2026-08-21T23:55:40+00:00
170684,2026-08-05,Olmazor,2,100000,https://hata.uz/en/listings/object/kvartira-novaya-zhk-kuh-ota-170684,50.0,8,12,1,2026-08-21T23:55:40+00:00
170688,2026-08-05,Olmazor,2,100000,https://hata.uz/en/listings/object/kvartira-svoya-kvartira-170688,71.0,6,9,0,2026-08-21T23:55:40+00:00
170692,2026-08-05,Olmazor,4,99000,https://hata.uz/en/listings/object/srochno-kvartira-sotiladi-4-hona-1-kavat-170692,70.0,1,5,0,2026-08-21T23:55:40+00:00
170699,2026-08-05,Olmazor,2,110000,https://hata.uz/en/listings/object/uy-sotiladi-narxini-kelishamiz-170699,75.0,5,8,1,2026-08-21T23:55:40+00:00
170702,2026-08-05,Bektemir,1,48000,https://hata.uz/en/listings/object/o-zimni-uyim-1-xona-3-xona-qilingan-1-komnatnaya-3-peredeleno-170702,60.0,9,12,0,2026-08-21T23:55:40+00:00
170705,2026-08-05,Bektemir,2,55000,https://hata.uz/en/listings/object/vodnikda-2-xonali-uy-sotiladi-1-qavat-170705,57.0,1,9,0,2026-08-21T23:55:40+00:00
170706,2026-08-05,Bektemir,4,66200,https://hata.uz/en/listings/object/panelnida-4-xonali-uy-sotiladi-170706,75.0,4,4,0,2026-08-21T23:55:40+00:00
170707,2026-08-05,Bektemir,4,66200,https://hata.uz/en/listings/object/yashnobod-tumani-uysozlar-mfy-ohangrabo-mavzusida-kvartira-sotiladi-170707,75.0,4,4,0,2026-08-21T23:55:40+00:00
170708,2026-08-05,Bektemir,2,38000,https://hata.uz/en/listings/object/kvartira-1-3-10-bir-xonali-kvartira-170708,47.0,3,10,1,2026-08-21T23:55:40+00:00
170710,2026-08-05,Bektemir,2,35000,https://hata.uz/en/listings/object/dom-sotiladi-2xonali-170710,40.0,4,4,0,2026-08-21T23:55:40+00:00
170711,2026-08-05,Bektemir,3,55000,https://hata.uz/en/listings/object/kvartira-sotiladi-170711,56.0,4,4,1,2026-08-21T23:55:40+00:00
170712,2026-08-05,Bektemir,1,40000,https://hata.uz/en/listings/object/1-komnatnaya-kvartira-170712,20.0,3,4,0,2026-08-21T23:55:40+00:00
170713,2026-08-05,Bektemir,2,46000,https://hata.uz/en/listings/object/prodaetsya-1-komnatnaya-kvartira-v-rayone-bektemir-170713,24.0,2,2,0,2026-08-21T23:55:40+00:00
170714,2026-08-05,Sergeli,2,40000,https://hata.uz/en/listings/object/srochno-prodam-kvartiru-2-kom-na-obschezhitie-170714,44.0,3,9,0,2026-08-21T23:55:40+00:00
170754,2026-08-05,Yashnobod,1,52000,https://hata.uz/en/listings/object/prodaetsya-1-komnatnaya-kvartira-peredelannaya-v-2h-komnatnuyu-170754,48.0,10,12,0,2026-08-21T23:55:40+00:00
170756,2026-08-05,Yashnobod,45,105000,https://hata.uz/en/listings/object/yaxshnanot-tumanida-5-xonali-kv-sotiladi-170756,5.0,3,5,0,2026-08-21T23:55:40+00:00
170763,2026-08-05,Yashnobod,3,90000,https://hata.uz/en/listings/object/toshkent-shahar-yashnabod-tumanida-3-honali-novastroyka-gishtli-uy-sotiladi-170763,97.0,5,10,1,2026-08-21T23:55:40+00:00
170764,2026-08-05,Sergeli,1,50000,https://hata.uz/en/listings/object/1xonali-uy-sotiladi-50-170764,42.0,1,2,0,2026-08-21T23:55:40+00:00
170798,2026-08-05,Mirobod,2,1700,https://hata.uz/en/listings/object/kvartiry-s-kadastrom-v-zhk-glinka-170798,45.0,4,8,1,2026-08-21T23:55:40+00:00
170853,2026-08-05,Sergeli,4,108000,https://hata.uz/en/listings/object/prodaetsya-kvartira-4-2-9-sergeli-7-kvartira-sotiladi-4-2-9-sergeli-7-170853,95.0,2,9,0,2026-08-21T23:55:40+00:00
170857,2026-08-05,Sergeli,4,180000,https://hata.uz/en/listings/object/srochno-sergeli-4-h-komnatnaya-penthaus-228-kv-evro-remont-170857,228.0,9,10,1,2026-08-21T23:55:40+00:00
170891,2026-08-05,Sergeli,3,71000,https://hata.uz/en/listings/object/yangihaet-tumani-2-hudud-3-3-7-170891,55.57,3,7,1,2026-08-21T23:55:40+00:00
170895,2026-08-05,Sergeli,2,60000,https://hata.uz/en/listings/object/massiv-stroitel-2-8-9-170895,59.85,8,9,0,2026-08-21T23:55:40+00:00
170900,2026-08-05,Sergeli,2,69900,https://hata.uz/en/listings/object/2-xonali-3-xona-qilingan-2-6-balkon-navostroyka-170900,70.91,3,7,1,2026-08-21T23:55:40+00:00
170906,2026-08-05,Sergeli,1,23000,https://hata.uz/en/listings/object/xonadon-1-xonali-sergili-tuman-turon-metro-yonida-index-bozor-oldi-170906,40000.0,3,4,1,2026-08-21T23:55:40+00:00
170907,2026-08-05,Sergeli,2,44000,https://hata.uz/en/listings/object/2-xona-2-qavt-44000-170907,3.0,2,2,1,2026-08-21T23:55:40+00:00
170910,2026-08-05,Sergeli,2,51407,https://hata.uz/en/listings/object/kvartira-2-kavatdan-170910,57.2,2,12,1,2026-08-21T23:55:40+00:00
170922,2026-08-05,Sergeli,2,95000,https://hata.uz/en/listings/object/prozhazha-kvartiry-170922,77.8,8,9,1,2026-08-21T23:55:40+00:00
170937,2026-08-05,Sergeli,3,115000,https://hata.uz/en/listings/object/3-honali-biznes-uchun-mulzhallangan-uy-sotiladi-170937,75.73,1,5,0,2026-08-21T23:55:40+00:00
170945,2026-08-05,Sergeli,4,80000,https://hata.uz/en/listings/object/4-xonali-uy-sotiladi-170945,100.0,9,9,0,2026-08-21T23:55:40+00:00
170949,2026-08-05,Sergeli,3,115000,https://hata.uz/en/listings/object/prodaetsya-uyutnaya-3-h-kvartira-v-sergeli-7-avtobusnaya-konechnaya-170949,95.0,7,9,0,2026-08-21T23:55:40+00:00
170956,2026-08-05,Sergeli,4,100000,https://hata.uz/en/listings/object/kvartira-170956,104.0,2,9,0,2026-08-21T23:55:40+00:00
170960,2026-08-05,Uchtepa,3,70000,https://hata.uz/en/listings/object/prodaetsya-komnatnaya-kvartira-karobka-77kv-katta-kani-bez-makler-170960,77.0,2,3,1,2026-08-21T23:55:40+00:00
170962,2026-08-05,Uchtepa,3,107000,https://hata.uz/en/listings/object/novostroyka-novostroyka-beltepa-ibn-sino-yevro-remont-arzon-170962,83.0,4,5,1,2026-08-21T23:55:40+00:00
170974,2026-08-05,Uchtepa,2,83000,https://hata.uz/en/listings/object/dom-2-xona-studio-170974,60.0,6,12,1,2026-08-21T23:55:40+00:00
170987,2026-08-05,Uchtepa,3,75000,https://hata.uz/en/listings/object/prodaetsya-3-h-kom-kv-na-chilanzare-15-170987,65.0,3,4,0,2026-08-21T23:55:40+00:00
170988,2026-08-05,Uchtepa,2,58000,https://hata.uz/en/listings/object/kvartira-v-shayhontohurskom-rayone-170988,45.0,4,4,0,2026-08-21T23:55:40+00:00
171002,2026-08-05,Chilonzor,2,72000,https://hata.uz/en/listings/object/prodayu-svoyu-kvartiru-171002,48.0,4,4,0,2026-08-21T23:55:40+00:00
171058,2026-08-05,Shayhontohur,3,140000,https://hata.uz/en/listings/object/prodayu-kvartiru-spetsplan-sovmin-labzak-171058,109.0,3,5,0,2026-08-21T23:55:40+00:00
171065,2026-08-05,Shayhontohur,3,97000,https://hata.uz/en/listings/object/3xonali-uy-sotiladi-evro-remont-171065,70.0,3,7,1,2026-08-21T23:55:40+00:00
171073,2026-08-05,Shayhontohur,2,62750,https://hata.uz/en/listings/object/shayhantohur-2-komnat-s-mebelyu-i-tehnikoy-aktepa-krugruvd-shayhontohur-171073,33.0,9,12,1,2026-08-21T23:55:40+00:00
171084,2026-08-05,Shayhontohur,3,81500,https://hata.uz/en/listings/object/chilonzor-aktepe-oktepa-3-4-4-2-6-balkon-kirpichnyy-torets-uteplennyy-v-171084,68.0,4,4,0,2026-08-21T23:55:40+00:00
171109,2026-08-05,Yunusobod,2,104400,https://hata.uz/en/listings/object/darhonda-kvartira-sotiladi-2-2-9-prodaetsya-kvartira-v-tsentre-goroda-171109,72.0,2,9,0,2026-08-21T23:55:40+00:00
171115,2026-08-05,Yunusobod,4,135000,https://hata.uz/en/listings/object/prodoyotsya-kvartira-171115,100.0,6,9,0,2026-08-21T23:55:40+00:00
171116,2026-08-05,Yunusobod,2,67000,https://hata.uz/en/listings/object/yunusabad-6kv-2dom-2-4-171116,42.0,1,4,0,2026-08-21T23:55:40+00:00
171117,2026-08-05,Yunusobod,2,67000,https://hata.uz/en/listings/object/yunusabad-6-kv-1v2-4-171117,42.0,1,4,0,2026-08-21T23:55:40+00:00
171119,2026-08-05,Yunusobod,5,100000,https://hata.uz/en/listings/object/prodam-kvartiru-4-komnatnaya-peredelannaya-v-5-komnatnuyu-171119,87.0,4,4,0,2026-08-21T23:55:40+00:00
171120,2026-08-05,Yunusobod,2,67000,https://hata.uz/en/listings/object/xon-saroy-loyixasidan-kvartira-sotiladi-171120,66.7,1,16,1,2026-08-21T23:55:40+00:00
171129,2026-08-05,Yunusobod,3,112000,https://hata.uz/en/listings/object/prodaetsya-kvartira-na-yunusabad-8-3-1-4-spetsplan-kirpichnyy-dom-171129,93.72,1,4,0,2026-08-21T23:55:40+00:00
171140,2026-08-05,Yakkasaroy,3,165000,https://hata.uz/en/listings/object/srochno-prodaetsya-svoya-3-kom-kv-s-avtorskim-remontom-yakkasaray-171140,88.29,4,10,1,2026-08-21T23:55:40+00:00
171149,2026-08-05,Yakkasaroy,3,129000,https://hata.uz/en/listings/object/svoya-kvartira-v-novostroyke-s-kachestvennymi-remontom-i-mebelyu-tehno-171149,77.0,7,13,1,2026-08-21T23:55:40+00:00
171221,2026-08-05,Yashnobod,2,65000,https://hata.uz/en/listings/object/zhk-obi-hayot-2-h-komnatnaya-kvartira-171221,67.09,9,11,1,2026-08-21T23:55:40+00:00
171232,2026-08-05,Yashnobod,5,110000,https://hata.uz/en/listings/object/srochno-bez-maklera-prodaetsya-5-h-komn-kv-171232,105.0,2,5,0,2026-08-21T23:55:40+00:00
171237,2026-08-05,Yashnobod,3,40000,https://hata.uz/en/listings/object/toshkent-shahar-yashnobod-tumani-olmos-maxallasida-uy-sotiladi-171237,69.0,3,16,1,2026-08-21T23:55:40+00:00
171243,2026-08-05,Yashnobod,4,109999,https://hata.uz/en/listings/object/4-komnatnaya-kuylyuk-tsentr-zaezzhay-i-zhivi-metro-5-min-171243,100.0,8,9,0,2026-08-21T23:55:40+00:00
172020,2026-08-05,Olmazor,3,75000,https://hata.uz/en/listings/object/kvartira-svoya-3h-komnatnaya-172020,72.0,3,5,0,2026-08-21T23:55:40+00:00
172025,2026-08-05,Olmazor,3,150000,https://hata.uz/en/listings/object/guncha-1-3-9-nejiloy-135-kv-150000-172025,140.0,1,9,1,2026-08-21T23:55:40+00:00
172026,2026-08-05,Olmazor,1,57000,https://hata.uz/en/listings/object/prodaetsya-1-komnkv-v-novostroyke-golden-haus-172026,32.64,12,15,1,2026-08-21T23:55:40+00:00
172028,2026-08-05,Olmazor,2,68000,https://hata.uz/en/listings/object/2xona-uy-sotiladi-olmazor-tumani-asr-toyxona-172028,57.0,9,9,0,2026-08-21T23:55:40+00:00
172052,2026-08-05,Olmazor,3,75000,https://hata.uz/en/listings/object/kivartira-sotish-172052,81.0,4,4,1,2026-08-21T23:55:40+00:00
172055,2026-08-05,Bektemir,3,62000,https://hata.uz/en/listings/object/bektemir-musaffo-maskan-3-xonali-uy-172055,66.0,3,10,1,2026-08-21T23:55:40+00:00
172058,2026-08-05,Bektemir,2,53000,https://hata.uz/en/listings/object/sergeli-4-2xona-2-4-5-172058,56.0,4,5,0,2026-08-21T23:55:40+00:00
172062,2026-08-05,Bektemir,3,75000,https://hata.uz/en/listings/object/prodam-svoyu-kvartiru-172062,77.0,1,4,0,2026-08-21T23:55:40+00:00
172064,2026-08-05,Bektemir,2,65000,https://hata.uz/en/listings/object/srochno-arzon-narhda-kvartira-sotiladi-172064,65.0,16,3,1,2026-08-21T23:55:40+00:00
172073,2026-08-05,Bektemir,2,37300,https://hata.uz/en/listings/object/prodaetsya-gotovaya-kvartira-50m2-tsokolnyy-1-etazh-172073,50.0,1,10,0,2026-08-21T23:55:40+00:00
172078,2026-08-05,Bektemir,4,235000,https://hata.uz/en/listings/object/prodazha-4-komnatnyy-kvartiry-172078,100.0,6,9,0,2026-08-21T23:55:40+00:00
172080,2026-08-05,Bektemir,2,57000,https://hata.uz/en/listings/object/bektemir-tumani-2-xonali-uy-172080,52.5,4,17,1,2026-08-21T23:55:40+00:00
172081,2026-08-05,Bektemir,1,15000,https://hata.uz/en/listings/object/bektemir-tumani-musaffo-maskan-zhk-novostroyka-1-10-16-sotiladi-172081,40.0,10,16,1,2026-08-21T23:55:40+00:00
172088,2026-08-05,Yashnobod,3,94200,https://hata.uz/en/listings/object/prodam-40-let-pobedy-3-3-6-12-172088,68.97,6,12,0,2026-08-21T23:55:40+00:00
172089,2026-08-05,Yashnobod,2,67000,https://hata.uz/en/listings/object/prodaetsya-dvuhkomnatnaya-kvartira-novostroyka-grand-siti-172089,49.5,4,6,1,2026-08-21T23:55:40+00:00
172152,2026-08-05,Mirzo Ulugbek,2,85000,https://hata.uz/en/listings/object/kvartira-v-zhk-vek-parkent-avenue-544kvm-172152,54.0,9,9,1,2026-08-21T23:55:40+00:00
172162,2026-08-05,Mirzo Ulugbek,1,21700,https://hata.uz/en/listings/object/kvartira-v-zhk-bek-saroy-172162,40.79,11,13,1,2026-08-21T23:55:40+00:00
172164,2026-08-05,Mirzo Ulugbek,4,95000,https://hata.uz/en/listings/object/prodaetsya-kvartira-na-ttz-1-1-etazh-3-komnatnaya-peredelannaya-v4-95000-172164,65.68,1,4,0,2026-08-21T23:55:40+00:00
172183,2026-08-05,Mirzo Ulugbek,3,130000,https://hata.uz/en/listings/object/prodam-kvartiru-104-m2-172183,104.0,6,9,1,2026-08-21T23:55:40+00:00
172207,2026-08-05,Sergeli,1,24700,https://hata.uz/en/listings/object/sergeli-evro-kottedzh-1-komnatnyy-or-r-indeks-172207,26.0,1,1,1,2026-08-21T23:55:40+00:00
172208,2026-08-05,Sergeli,4,80000,https://hata.uz/en/listings/object/sergili-stroitelda-4-honali-3-etazh-98-kvm-li-domimni-sotaman-172208,98.0,3,9,0,2026-08-21T23:55:40+00:00
172212,2026-08-05,Sergeli,2,45000,https://hata.uz/en/listings/object/uy-sotiladi-2-hona-uy-sotiladi-2-hona-172212,63.0,1,1,0,2026-08-21T23:55:40+00:00
172213,2026-08-05,Sergeli,4,90000,https://hata.uz/en/listings/object/kvartira-sotiladi-172213,72.0,1,9,0,2026-08-21T23:55:40+00:00
172214,2026-08-05,Sergeli,4,85000,https://hata.uz/en/listings/object/sergeli-yangixayot-tumani-10-hudud-172214,80.0,8,9,1,2026-08-21T23:55:40+00:00
172217,2026-08-05,Sergeli,2,63000,https://hata.uz/en/listings/object/sergili-2-xonali-uy-172217,44.0,1,7,0,2026-08-21T23:55:40+00:00
172218,2026-08-05,Sergeli,2,65000,https://hata.uz/en/listings/object/prodayutsya-kvartiru-172218,58.0,9,9,0,2026-08-21T23:55:40+00:00
172227,2026-08-05,Uchtepa,3,68000,https://hata.uz/en/listings/object/prodayu-kvartiru-v-tsentre-172227,73.0,4,4,0,2026-08-21T23:55:40+00:00
172229,2026-08-05,Uchtepa,3,107000,https://hata.uz/en/listings/object/dom-sotiladi-srochnonovostroyka-dyupleks-130-kvadrat-172229,130.0,1,5,1,2026-08-21T23:55:40+00:00
172231,2026-08-05,Uchtepa,4,125000,https://hata.uz/en/listings/object/srochno-prodam-2-2-1-9-120m2-chilanzar-24-172231,120.0,1,9,0,2026-08-21T23:55:40+00:00
172239,2026-08-05,Uchtepa,2,69800,https://hata.uz/en/listings/object/prodaetsya-2h-kom-kvartira-na-chilanzar-23-kvartal-172239,52.0,2,5,0,2026-08-21T23:55:40+00:00
172240,2026-08-05,Uchtepa,2,56587,https://hata.uz/en/listings/object/urikzor-bozori-yakinidagi-novostroykadan-2-honali-kv-srochno-sotiladi-172240,54.35,5,16,1,2026-08-21T23:55:40+00:00
172287,2026-08-05,Uchtepa,5,125000,https://hata.uz/en/listings/object/zhar-arik-5-hona-172287,110.0,1,9,0,2026-08-21T23:55:40+00:00
172300,2026-08-05,Shayhontohur,3,120000,https://hata.uz/en/listings/object/prodaetsya-kvartira-172300,100.0,1,7,1,2026-08-21T23:55:40+00:00
172303,2026-08-05,Chilonzor,2,59900,https://hata.uz/en/listings/object/svoya-prodam-2-kom-chilanzar-11-kvartal-172303,48.0,4,4,0,2026-08-21T23:55:40+00:00
172304,2026-08-05,Chilonzor,2,52000,https://hata.uz/en/listings/object/chilonzor-tumani-15-kvartalda-zhukovkskiy-bolnitsa-uy-sotiladi-172304,42.0,5,5,1,2026-08-21T23:55:40+00:00
172315,2026-08-05,Chilonzor,3,70000,https://hata.uz/en/listings/object/prodaetsya-3-h-komnatnaya-kvartira-74-kvadratnyh-metra-172315,74.0,9,9,0,2026-08-21T23:55:40+00:00
172320,2026-08-05,Chilonzor,3,82000,https://hata.uz/en/listings/object/kvartira-sotiladi-172320,67.0,1,4,0,2026-08-21T23:55:40+00:00
172333,2026-08-05,Chilonzor,2,91000,https://hata.uz/en/listings/object/srochno-prodaetsya-kvartira-uchtepa-24-kvartal-172333,64.0,4,10,1,2026-08-21T23:55:40+00:00
172336,2026-08-05,Chilonzor,2,61000,https://hata.uz/en/listings/object/2-komnatnaya-kvartira-chilanzar-25-kv-172336,52.7,4,4,0,2026-08-21T23:55:40+00:00
172338,2026-08-05,Chilonzor,4,95000,https://hata.uz/en/listings/object/chilonzor-20a-kvartalda-4-honali-kvartira-srochno-sotiladi-172338,81.0,4,9,0,2026-08-21T23:55:40+00:00
172354,2026-08-05,Shayhontohur,2,63000,https://hata.uz/en/listings/object/prodaetsya-kvartira-172354,40.0,4,5,0,2026-08-21T23:55:40+00:00
172355,2026-08-05,Shayhontohur,3,80000,https://hata.uz/en/listings/object/svoya-3-h-komnatnaya-kvartira-172355,74.0,2,4,0,2026-08-21T23:55:40+00:00
172356,2026-08-05,Shayhontohur,2,59900,https://hata.uz/en/listings/object/2-komnatnaya-chilanzar-farhadskiy-srednyy-remont-172356,40.0,1,4,0,2026-08-21T23:55:40+00:00
172366,2026-08-05,Shayhontohur,2,57000,https://hata.uz/en/listings/object/kvartira-sotiladi-toshkent-markazida-shayhontokhur-tumani-koratosh-172366,53.0,11,12,0,2026-08-21T23:55:40+00:00
172369,2026-08-05,Shayhontohur,2,79950,https://hata.uz/en/listings/object/srochno-prodazha-novostroyka-2h-komnatnaya-kukcha-172369,58.0,5,7,1,2026-08-21T23:55:40+00:00
172415,2026-08-05,Yunusobod,2,49000,https://hata.uz/en/listings/object/kvartira-47-kv-balkon-5-kvadratov-172415,51.0,9,16,1,2026-08-21T23:55:40+00:00
172419,2026-08-05,Yunusobod,3,60000,https://hata.uz/en/listings/object/chiqchiq-shaharda-troiskda-3-honali-uy-sotiladi-172419,70.0,2,4,0,2026-08-21T23:55:40+00:00
172425,2026-08-05,Yunusobod,2,118887,https://hata.uz/en/listings/object/it-park-saf-towers-2-1-172425,69.12,9,25,1,2026-08-21T23:55:40+00:00
172473,2026-08-04,Yakkasaroy,3,139000,https://hata.uz/en/listings/object/prodaetsya-3-komnkvartira-v-zarafshan-city-ryadom-s-pyramid-residence-172473,79.0,3,14,1,2026-08-21T23:55:40+00:00
172501,2026-08-05,Yashnobod,2,85000,https://hata.uz/en/listings/object/och-srochno-prodaetsya-kvartira-v-yashnabadskom-r-n-zhk-baku-s-evroremontom-172501,65.0,10,10,1,2026-08-21T23:55:40+00:00
172507,2026-08-05,Yashnobod,2,95000,https://hata.uz/en/listings/object/zhk-bi-sado-nrg-2-3-9-or-r-most-tapoich-aviator-korzinka-172507,43.0,3,9,1,2026-08-21T23:55:40+00:00
172537,2026-08-05,Yashnobod,3,95000,https://hata.uz/en/listings/object/3-komnkv-ra-v-novostroyke-s-parkovkoy-i-zelenym-dvorom-172537,101.33,4,4,1,2026-08-21T23:55:40+00:00
173427,2026-08-05,Olmazor,2,57000,https://hata.uz/en/listings/object/srochni-kvartira-sotiladi-173427,54.31,7,16,1,2026-08-21T23:55:40+00:00
173429,2026-08-05,Olmazor,3,68000,https://hata.uz/en/listings/object/karakamysh-2-4-kirpichnyy-dom-2-peredelannaya-v-3-173429,60.0,4,4,0,2026-08-21T23:55:40+00:00
173432,2026-08-05,Olmazor,1,40000,https://hata.uz/en/listings/object/1-komnatnaya-kvartira-173432,39.0,5,5,0,2026-08-21T23:55:40+00:00
173433,2026-08-05,Olmazor,4,80000,https://hata.uz/en/listings/object/srochna-kvartira-sotiladi-173433,96.0,5,5,0,2026-08-21T23:55:40+00:00
173435,2026-08-05,Olmazor,4,175000,https://hata.uz/en/listings/object/prodazha-kvartira-v-tsentre-gorode-173435,110.0,4,9,0,2026-08-21T23:55:40+00:00
173449,2026-08-05,Olmazor,4,180000,https://hata.uz/en/listings/object/prodaetsya-kvartira-4-h-komnatnaya-173449,143.0,4,4,1,2026-08-21T23:55:40+00:00
173451,2026-08-05,Olmazor,3,79950,https://hata.uz/en/listings/object/zamona-toyxona-roparasida-novostroyka-sotiladi-173451,74.0,2,4,1,2026-08-21T23:55:40+00:00
173472,2026-08-05,Bektemir,1,55000,https://hata.uz/en/listings/object/novostroyka-7521-kvm-klyuchi-i-kadastr-na-rukah-orientir-tts-kompas-173472,75.21,3,8,1,2026-08-21T23:55:40+00:00
173481,2026-08-05,Yashnobod,4,120000,https://hata.uz/en/listings/object/prodaetsya-kvartira-dupleks-173481,114.0,6,6,1,2026-08-21T23:55:40+00:00
173487,2026-08-05,Mirobod,5,300000,https://hata.uz/en/listings/object/srochna-zahodi-i-zhivi-154-m2-v-mirabadskom-rayone-mebel-tehnika-173487,154.0,8,12,0,2026-08-21T23:55:40+00:00
173533,2026-08-05,Mirzo Ulugbek,2,68000,https://hata.uz/en/listings/object/srochno-prodaetsya-2-kom-kv-v-mirzo-ulugbekskom-rn-173533,48.0,6,7,1,2026-08-21T23:55:40+00:00
173559,2026-08-05,Mirzo Ulugbek,2,53000,https://hata.uz/en/listings/object/1-2-2-parkentskiyda-sotiladi-35-kv-honalari-katta-va-erug-va-balandi-173559,35.0,2,2,0,2026-08-21T23:55:40+00:00
173612,2026-08-05,Sergeli,3,35000,https://hata.uz/en/listings/object/yangiyul-tumani-ozbekiston-temiryul-bekati-yonida-3-xonalik-uy-173612,57.1,1,5,0,2026-08-21T23:55:40+00:00
173616,2026-08-05,Sergeli,2,53000,https://hata.uz/en/listings/object/prodam-2-5-9-65-m2-kv-na-sergeli-173616,65.0,5,9,1,2026-08-21T23:55:40+00:00
173625,2026-08-05,Sergeli,3,52000,https://hata.uz/en/listings/object/uy-sotiladi-3-xona-173625,73.0,4,4,0,2026-08-21T23:55:40+00:00
173627,2026-08-05,Sergeli,2,70000,https://hata.uz/en/listings/object/kvartira-sotiladi-173627,57.0,2,7,1,2026-08-21T23:55:40+00:00
173629,2026-08-05,Sergeli,1,49900,https://hata.uz/en/listings/object/prodaetsya-kvartira-yangi-choshtepa-1-1-7-173629,38.0,1,7,0,2026-08-21T23:55:40+00:00
173632,2026-08-05,Sergeli,4,95000,https://hata.uz/en/listings/object/4-h-komnatnaya-kvartira-sergeli-2-173632,91.0,3,5,0,2026-08-21T23:55:40+00:00
173634,2026-08-05,Uchtepa,5,129000,https://hata.uz/en/listings/object/prodaetsya-5-komnatnaya-kvartira-120-kv-massiv-dzhar-aryk-173634,120.0,8,9,0,2026-08-21T23:55:40+00:00
173635,2026-08-05,Uchtepa,3,79000,https://hata.uz/en/listings/object/prodaetsya-svoya-kvartira-na-chilonzare-22-kvartal-3-komnatnaya-173635,67.0,3,4,0,2026-08-21T23:55:40+00:00
173637,2026-08-05,Uchtepa,1,43000,https://hata.uz/en/listings/object/kvartira-sotiladi-1-xona-4-etaj-173637,38.14,4,4,0,2026-08-21T23:55:40+00:00
173714,2026-08-05,Shayhontohur,3,130000,https://hata.uz/en/listings/object/kvartira-sotiladi-3-xona-3-etaj-shota-rustaveli-173714,72.0,3,4,0,2026-08-21T23:55:40+00:00
173716,2026-08-05,Shayhontohur,1,55000,https://hata.uz/en/listings/object/1-komnatnaya-kvartira-zhk-charh-novza-173716,31.65,4,12,1,2026-08-21T23:55:40+00:00
173728,2026-08-05,Yunusobod,4,99900,https://hata.uz/en/listings/object/srochno-4h-komnatnaya-1-etazh-yunusabad-7-173728,81.0,1,4,0,2026-08-21T23:55:40+00:00
173733,2026-08-05,Yunusobod,1,68000,https://hata.uz/en/listings/object/ts-6-otlichnaya-kvartira-polnotsenno-peredelannaya-v-2-h-komnatnuyu-173733,44.0,4,4,0,2026-08-21T23:55:40+00:00
173739,2026-08-05,Yunusobod,8,2800000,https://hata.uz/en/listings/object/penthaus-mzhk-infinity-173739,667.0,14,15,1,2026-08-21T23:55:40+00:00
173748,2026-08-05,Yunusobod,1,56500,https://hata.uz/en/listings/object/prodaetsya-kvartira-svoya-173748,41.0,4,4,0,2026-08-21T23:55:40+00:00
173750,2026-08-05,Yunusobod,2,50000,https://hata.uz/en/listings/object/prodaetsya-kvartira-2-komnatnaya-na-badamzare-ili-obmen-na-uchastok-byvsh-173750,34.0,4,4,0,2026-08-21T23:55:40+00:00
173751,2026-08-05,Yakkasaroy,4,310000,https://hata.uz/en/listings/object/srochno-prodaetsya-glinka-46-novostroyki-173751,130.0,4,9,1,2026-08-21T23:55:40+00:00
173756,2026-08-05,Yakkasaroy,3,125000,https://hata.uz/en/listings/object/prodaetsya-zhk-new-port-3-komnatnaya-kvartira-8426-13-etazh-d-blok-173756,84.26,13,25,1,2026-08-21T23:55:40+00:00
173759,2026-08-05,Yakkasaroy,3,100000,https://hata.uz/en/listings/object/chilanzarskom-rayone-7-kvartal-chilonzor-rayon-173759,71.0,3,4,0,2026-08-21T23:55:40+00:00
173773,2026-08-05,Yakkasaroy,2,121000,https://hata.uz/en/listings/object/prodaetsya-kvartira-pod-biznes-173773,53.0,1,2,0,2026-08-21T23:55:40+00:00
173842,2026-08-05,Yashnobod,2,76220,https://hata.uz/en/listings/object/bonus-kladovka-nrg-bi-yangi-baxt-2-etap-173842,62.8,8,9,1,2026-08-21T23:55:40+00:00
173847,2026-08-05,Yashnobod,4,110000,https://hata.uz/en/listings/object/gotovaya-kvartira-173847,76.67,5,5,0,2026-08-21T23:55:40+00:00
173850,2026-08-05,Yashnobod,2,65000,https://hata.uz/en/listings/object/prodaetsya-kvartira-tuzel-173850,61.0,8,9,0,2026-08-21T23:55:40+00:00
174830,2026-08-05,Olmazor,4,187500,https://hata.uz/en/listings/object/zhk-river-soy-perfect-house-4-8-9-novostroyka-125kv-174830,125.0,8,9,1,2026-08-21T23:55:40+00:00
174831,2026-08-05,Olmazor,1,34000,https://hata.uz/en/listings/object/prodaetsya-kvartira-174831,44.6,1,2,0,2026-08-21T23:55:40+00:00
174839,2026-08-05,Olmazor,1,60000,https://hata.uz/en/listings/object/dom-kvartira-prodaja-174839,48.0,7,10,1,2026-08-21T23:55:40+00:00
174843,2026-08-05,Bektemir,2,50000,https://hata.uz/en/listings/object/srochno-uy-sotiladi-2-hona-174843,50.0,6,70,0,2026-08-21T23:55:40+00:00
174847,2026-08-05,Bektemir,2,59800,https://hata.uz/en/listings/object/gishtli-uy-sotiladi-174847,59.0,2,4,0,2026-08-21T23:55:40+00:00
174848,2026-08-05,Bektemir,3,68000,https://hata.uz/en/listings/object/tezda-rohat-bardankulda-3-honali-kvartira-sotiladi-174848,82.0,6,7,1,2026-08-21T23:55:40+00:00
174849,2026-08-05,Bektemir,2,34500,https://hata.uz/en/listings/object/prodaetsya-kvartira-dom-2-komnatnyy-na-kuylyuke-174849,46.0,1,1,0,2026-08-21T23:55:40+00:00
174850,2026-08-05,Bektemir,3,63500,https://hata.uz/en/listings/object/vodnik-3-honali-kvartira-sotiladi-72kv-remontlari-yaxshi-174850,72.0,8,9,0,2026-08-21T23:55:40+00:00
174851,2026-08-05,Bektemir,3,70000,https://hata.uz/en/listings/object/kvartira-novastroyka-174851,82.0,3,9,1,2026-08-21T23:55:40+00:00
174854,2026-08-05,Bektemir,1,9500,https://hata.uz/en/listings/object/prodaetsya-odnokomnatnoe-pomeschenie-ryadom-s-fud-siti-174854,16.0,2,2,0,2026-08-21T23:55:40+00:00
174856,2026-08-05,Bektemir,1,35000,https://hata.uz/en/listings/object/1-honali-uy-hamma-sharoitlari-bilan-174856,30.0,2,2,0,2026-08-21T23:55:40+00:00
174857,2026-08-05,Bektemir,2,53900,https://hata.uz/en/listings/object/prodaetsya-2-kom-kv-s-mebelyu-srochno-174857,64.0,2,9,0,2026-08-21T23:55:40+00:00
174858,2026-08-05,Bektemir,2,55000,https://hata.uz/en/listings/object/bektemirmusaffo-maskan-kvartira-174858,55.0,4,10,1,2026-08-21T23:55:40+00:00
174863,2026-08-05,Yashnobod,2,63000,https://hata.uz/en/listings/object/yashnabodda-2-xonali-kvartira-sotiladi-174863,49.0,4,4,0,2026-08-21T23:55:40+00:00
174869,2026-08-05,Yashnobod,3,77000,https://hata.uz/en/listings/object/prodaetsya-kvartira-torg-srochno-po-horoshey-tsene-174869,80.0,7,9,0,2026-08-21T23:55:40+00:00
174873,2026-08-05,Mirobod,4,180000,https://hata.uz/en/listings/object/taras-shevchenko-ofis-kvartira-174873,120.0,1,5,0,2026-08-21T23:55:40+00:00
174877,2026-08-05,Mirobod,2,80000,https://hata.uz/en/listings/object/prodam-svoyu-2-komnkvartiru-bobur-residence-174877,49.0,3,16,1,2026-08-21T23:55:40+00:00
174884,2026-08-05,Mirobod,3,67900,https://hata.uz/en/listings/object/srochno-karakamysh-2-4-bazar-tansykbaeva-2-h-peredelannaya-v-3-h-174884,60.0,4,4,0,2026-08-21T23:55:40+00:00
174886,2026-08-05,Mirobod,2,115500,https://hata.uz/en/listings/object/svoya-kvartira-m-oybek-174886,69.0,8,9,0,2026-08-21T23:55:40+00:00
174902,2026-08-05,Mirzo Ulugbek,2,93000,https://hata.uz/en/listings/object/srochnaya-prodazha-zhk-botanika-saroyi-57m2-2-3-16-kadastr-est-174902,57.02,3,16,1,2026-08-21T23:55:40+00:00
174915,2026-08-05,Mirzo Ulugbek,4,132000,https://hata.uz/en/listings/object/mirzo-ulugbek-tumani-korasuv-6-da-4-honali-91-kv-m-dom-sotiladi-174915,91.0,3,5,0,2026-08-21T23:55:40+00:00
174933,2026-08-05,Sergeli,3,67500,https://hata.uz/en/listings/object/kvartira-sotiladi-3-honali-sergeli-metro-yakinida-174933,57.0,4,7,0,2026-08-21T23:55:40+00:00
174934,2026-08-05,Sergeli,2,40500,https://hata.uz/en/listings/object/2-xona-karopka-kvartira-sotiladi-174934,46.0,3,5,1,2026-08-21T23:55:40+00:00
174944,2026-08-05,Sergeli,4,102000,https://hata.uz/en/listings/object/prodaetsya-svoya-4h-komnatnaya-kvartira-na-sergeli-8a-174944,97.0,5,9,0,2026-08-21T23:55:40+00:00
174951,2026-08-05,Sergeli,2,68000,https://hata.uz/en/listings/object/yangihaet-8-hudud-2-5-7-174951,56.0,5,7,1,2026-08-21T23:55:40+00:00
174955,2026-08-05,Sergeli,2,53000,https://hata.uz/en/listings/object/prodazha-dom-kvartira-174955,60.0,4,5,0,2026-08-21T23:55:40+00:00
174959,2026-08-05,Sergeli,3,70000,https://hata.uz/en/listings/object/tayyor-uy-sotiladi-kirib-yashaladi-174959,98.0,9,10,1,2026-08-21T23:55:40+00:00
174967,2026-08-05,Sergeli,4,85000,https://hata.uz/en/listings/object/4-h-komnatnaya-kvartira-174967,97.0,8,9,0,2026-08-21T23:55:40+00:00
174972,2026-08-05,Uchtepa,3,85000,https://hata.uz/en/listings/object/toshkent-shahar-shayxontohur-tumanidagi-174972,71.0,6,6,1,2026-08-21T23:55:40+00:00
174975,2026-08-05,Uchtepa,3,67900,https://hata.uz/en/listings/object/uch-tepa-3-4-4-toshkent-takachida-174975,72.0,4,4,0,2026-08-21T23:55:40+00:00
174976,2026-08-05,Uchtepa,4,115000,https://hata.uz/en/listings/object/pradaetsya-kvartira-srochno-taqachi-kochasida-174976,96.55,5,9,0,2026-08-21T23:55:40+00:00
174977,2026-08-05,Uchtepa,4,110000,https://hata.uz/en/listings/object/4-xona-1-etaj-dom-sorladi-srochna-174977,111.0,1,4,0,2026-08-21T23:55:40+00:00
174978,2026-08-05,Uchtepa,2,66101,https://hata.uz/en/listings/object/beltepa-2honali-uy-sotiladi-174978,60.58,4,4,0,2026-08-21T23:55:40+00:00
174979,2026-08-05,Uchtepa,3,81000,https://hata.uz/en/listings/object/prodaetsya-3-komnatnaya-kvartira-svoya-174979,77.0,3,4,0,2026-08-21T23:55:40+00:00
174980,2026-08-05,Uchtepa,3,107000,https://hata.uz/en/listings/object/uy-sotiladi-bel-tepada-dom-3-xonali-4-xona-qilingan-174980,83.0,9,9,1,2026-08-21T23:55:40+00:00
174981,2026-08-05,Uchtepa,3,84000,https://hata.uz/en/listings/object/dom-sotiladi-2-etaj-duplex-174981,108.0,1,4,1,2026-08-21T23:55:40+00:00
174982,2026-08-05,Uchtepa,2,60000,https://hata.uz/en/listings/object/ibin-sino-1-2-xonali-1-etaj-174982,57.0,1,5,0,2026-08-21T23:55:40+00:00
174983,2026-08-05,Uchtepa,2,65000,https://hata.uz/en/listings/object/23-kv-57-dom-2-xonali-uy-174983,62.0,5,9,0,2026-08-21T23:55:40+00:00
174985,2026-08-05,Uchtepa,2,100000,https://hata.uz/en/listings/object/prodaetsya-2-komnatnaya-kvartira-v-novom-dome-174985,50.0,6,9,1,2026-08-21T23:55:40+00:00
175009,2026-08-05,Chilonzor,4,82000,https://hata.uz/en/listings/object/prodaetsya-4-h-komnatnaya-kvartira-svoya-175009,73.0,4,4,0,2026-08-21T23:55:40+00:00
175029,2026-08-05,Chilonzor,3,95000,https://hata.uz/en/listings/object/uy-sotiladi-ozimiki-chilonzor-16kv-175029,64.0,2,4,0,2026-08-21T23:55:40+00:00
175034,2026-08-05,Shayhontohur,3,78000,https://hata.uz/en/listings/object/3-xonali-kvartira-70-kv-3-2-4-175034,70.0,2,4,0,2026-08-21T23:55:40+00:00
175059,2026-08-05,Yunusobod,4,155000,https://hata.uz/en/listings/object/svoya-komfortnaya-kvartira-ts5-2-etazh-175059,90.0,2,4,0,2026-08-21T23:55:40+00:00
175060,2026-08-05,Yunusobod,4,95000,https://hata.uz/en/listings/object/sotiladi-kvartiramiza-15-kvartil-kristal-supermarket-orkasida-4-4-5-175060,90.0,4,5,0,2026-08-21T23:55:40+00:00
175062,2026-08-05,Yunusobod,1,51000,https://hata.uz/en/listings/object/mirabad-ozmakon-1-odnokomnatnaya-kvartira-1-13-14-175062,30.0,13,14,1,2026-08-21T23:55:40+00:00
175063,2026-08-05,Yunusobod,4,105000,https://hata.uz/en/listings/object/uy-sotiladi-yunusobod-4-kvartalda-175063,100.0,5,9,0,2026-08-21T23:55:40+00:00
175064,2026-08-05,Yunusobod,2,68479,https://hata.uz/en/listings/object/srochno-prodaetsya-kvartira-v-novostroyke-175064,65.0,11,17,1,2026-08-21T23:55:40+00:00
175070,2026-08-05,Yunusobod,3,130000,https://hata.uz/en/listings/object/yunusabad-16kv-srochno-bez-makler-svoya-175070,70.0,1,5,0,2026-08-21T23:55:40+00:00
175072,2026-08-05,Yunusobod,4,90000,https://hata.uz/en/listings/object/srochno-prodaetsya-xonsaroy-ocean-4x-kom-kvra-1-etazh-175072,108.0,1,16,1,2026-08-21T23:55:40+00:00
175078,2026-08-05,Yunusobod,2,55000,https://hata.uz/en/listings/object/prodaetsya-kvartira-175078,48.0,4,4,0,2026-08-21T23:55:40+00:00
175080,2026-08-05,Yunusobod,2,65500,https://hata.uz/en/listings/object/prodayutsya-yunusabad-10-kvartal-2-2-5-175080,58.0,2,5,0,2026-08-21T23:55:40+00:00
175086,2026-08-05,Yunusobod,3,355000,https://hata.uz/en/listings/object/prodaetsya-kvartira-v-nest-one-20-etazh-742-m2-175086,74.2,20,51,1,2026-08-21T23:55:40+00:00
175094,2026-08-05,Yakkasaroy,4,270000,https://hata.uz/en/listings/object/svoya-4h-komnatnaya-evroremont-150-m2-s-mebelyu-i-tehnikoy-175094,150.0,7,9,1,2026-08-21T23:55:40+00:00
175109,2026-08-05,Yakkasaroy,1,80000,https://hata.uz/en/listings/object/kvartira-novostroyka-zhk-glamour-residence-vygodnaya-investitsiya-tsentr-175109,47.0,3,10,1,2026-08-21T23:55:40+00:00
175119,2026-08-05,Yakkasaroy,4,160000,https://hata.uz/en/listings/object/prodaetsya-kvartira-yakkasaray-babura-4-5-9-175119,125.0,5,9,0,2026-08-21T23:55:40+00:00
175122,2026-08-05,Yakkasaroy,2,78000,https://hata.uz/en/listings/object/prodam-2-komn-kvartiru-babura-yakkasaray-175122,75.0,9,12,0,2026-08-21T23:55:40+00:00
175127,2026-08-05,Yashnobod,3,76000,https://hata.uz/en/listings/object/prodaetsya-svoya-3-h-komnatnaya-kvartira-77-serii-u-metro-olmos-175127,73.7,4,4,0,2026-08-21T23:55:40+00:00
175137,2026-08-05,Yashnobod,1,65000,https://hata.uz/en/listings/object/zhk-resim-kvartira-studiya-175137,39.7,9,23,1,2026-08-21T23:55:40+00:00
175139,2026-08-05,Yashnobod,3,130000,https://hata.uz/en/listings/object/yashnabot-tum-mahtumkulida-kvartira-sotiladi-175139,78.0,8,9,1,2026-08-21T23:55:40+00:00
175141,2026-08-05,Yashnobod,2,96500,https://hata.uz/en/listings/object/aviasozlar-plazakadishvada-2-12-13-aviasozlar-plazakadysheva-175141,63.0,12,13,1,2026-08-21T23:55:40+00:00
175424,2026-08-05,Olmazor,4,132000,https://hata.uz/en/listings/object/srochno-prodaetsya-4-h-komn-kvartira-na-darhane-metro-hamid-alimdzhana-175424,92.0,10,12,0,2026-08-21T23:55:40+00:00
175425,2026-08-05,Olmazor,3,109000,https://hata.uz/en/listings/object/ganga-sebzor-rivera-3-6-9-srochno-175425,77.0,6,9,1,2026-08-21T23:55:40+00:00
175426,2026-08-05,Olmazor,2,105000,https://hata.uz/en/listings/object/zhk-koh-ota-2-3-9-175426,45.0,3,9,1,2026-08-21T23:55:40+00:00
175427,2026-08-05,Olmazor,5,180000,https://hata.uz/en/listings/object/prodaetsya-kvartira-5-5-9-175427,200.0,5,9,0,2026-08-21T23:55:40+00:00
175428,2026-08-05,Olmazor,2,75000,https://hata.uz/en/listings/object/kvartira-sotiladi-175428,69.0,4,5,1,2026-08-21T23:55:40+00:00
175430,2026-08-05,Olmazor,3,86900,https://hata.uz/en/listings/object/kvartira-sotiladi-bankovskiy-dom-175430,85.0,4,4,0,2026-08-21T23:55:40+00:00
175433,2026-08-05,Olmazor,1,55000,https://hata.uz/en/listings/object/prodaetsya-1-kom-kv-175433,40.0,1,4,0,2026-08-21T23:55:40+00:00
175438,2026-08-05,Olmazor,3,90000,https://hata.uz/en/listings/object/medgaradok-29-arab-maktab-oldida-3-xonali-uy-sotiladi-175438,70.0,4,5,0,2026-08-21T23:55:40+00:00
175444,2026-08-05,Bektemir,3,111500,https://hata.uz/en/listings/object/prodaetsya-3h-komnatnaya-kvartira-v-zhk-nrg-yangi-baxt-175444,96.07,4,9,1,2026-08-21T23:55:40+00:00
175446,2026-08-05,Bektemir,1,37000,https://hata.uz/en/listings/object/prodaetsya-privatizirovannaya-kvartira-v-obschezhitii-175446,35.0,2,2,0,2026-08-21T23:55:40+00:00
175448,2026-08-05,Bektemir,4,42000,https://hata.uz/en/listings/object/nurafshon-shahri-oybek-ko-chasi-14-uy-175448,280.0,1,1,0,2026-08-21T23:55:40+00:00
175451,2026-08-05,Bektemir,3,83000,https://hata.uz/en/listings/object/xon-saroy-orzular-175451,98.0,6,16,1,2026-08-21T23:55:40+00:00
175461,2026-08-05,Yashnobod,3,55000,https://hata.uz/en/listings/object/kvartira-3-h-komnatnaya-3-7-9-m-v-panelnyy-175461,74.0,7,9,0,2026-08-21T23:55:40+00:00
175463,2026-08-05,Mirobod,5,273000,https://hata.uz/en/listings/object/5-komnatnaya-tsentr-goroda-ul-oybek-182-kvadratnyh-metra-175463,182.0,7,9,0,2026-08-21T23:55:40+00:00
175476,2026-08-05,Mirobod,1,36000,https://hata.uz/en/listings/object/1-xona-kvartira-sotiladi-rissoviy-175476,30.0,1,3,0,2026-08-21T23:55:40+00:00
175477,2026-08-05,Mirobod,2,135000,https://hata.uz/en/listings/object/ts1-2-2-4-svoya-kvartira-bibigon-smartlife-175477,65.0,2,4,0,2026-08-21T23:55:40+00:00
175492,2026-08-19,Mirzo Ulugbek,2,100000,https://hata.uz/en/listings/object/prodayu-kvartiru-yunus-abad-18-kvartal-65-kv-3-etazh-novostroyka-175492,65.0,3,10,1,2026-08-21T23:55:40+00:00
175501,2026-08-05,Mirzo Ulugbek,1,39700,https://hata.uz/en/listings/object/mirzo-ulugbek-eko-bazar-svoya-1-komnatnaya-1-1-5-175501,25.0,1,5,0,2026-08-21T23:55:40+00:00
175512,2026-08-05,Mirzo Ulugbek,1,49900,https://hata.uz/en/listings/object/zhk-manzara-1-komnatnaya-srochno-svoya-175512,30.0,11,13,1,2026-08-21T23:55:40+00:00
175522,2026-08-05,Sergeli,2,62000,https://hata.uz/en/listings/object/prodayu-svoyu-kvartiru-sergel-3-2-5-9-175522,63.0,5,9,0,2026-08-21T23:55:40+00:00
175527,2026-08-05,Sergeli,3,64500,https://hata.uz/en/listings/object/yangi-darkhon-3-11-16-sergeli-mebel-va-tehnikalari-bilan-sotiladi-175527,73.0,11,16,1,2026-08-21T23:55:40+00:00
175528,2026-08-05,Sergeli,5,125000,https://hata.uz/en/listings/object/kuylyuk-massiv-5-4-1-komn-est-dvorik-113-m2-podval-metro-ryadom-175528,113.0,1,5,0,2026-08-21T23:55:40+00:00
175529,2026-08-05,Sergeli,2,67500,https://hata.uz/en/listings/object/srochno-prodaetsya-kvartira-novostroyka-175529,58.0,3,6,1,2026-08-21T23:55:40+00:00
175530,2026-08-05,Sergeli,3,98000,https://hata.uz/en/listings/object/prodaetsya-kvartira-738-kv-rieltoram-ne-bespokoit-175530,73.8,6,9,1,2026-08-21T23:55:40+00:00
175547,2026-08-05,Uchtepa,3,75000,https://hata.uz/en/listings/object/kvartira-sotiladi-175547,80.0,4,4,0,2026-08-21T23:55:40+00:00
175548,2026-08-05,Uchtepa,3,90000,https://hata.uz/en/listings/object/prodam-3-kom-kv-na-chilanzare-22-kv-175548,78.0,4,4,0,2026-08-21T23:55:40+00:00
175550,2026-08-05,Uchtepa,3,112000,https://hata.uz/en/listings/object/prodaetsya-kvartira-175550,73.0,3,7,1,2026-08-21T23:55:40+00:00
175560,2026-08-05,Uchtepa,2,65000,https://hata.uz/en/listings/object/sergeli-choshtepada-uy-sotiladipodvol-bonus-1-etaj-2hona-175560,53.0,1,7,1,2026-08-21T23:55:40+00:00
175564,2026-08-05,Uchtepa,1,68500,https://hata.uz/en/listings/object/zhk-murod-building-soy-boyi-1-7-14-uchtepa-hokimyat-premium-klas-dom-175564,38.0,7,13,1,2026-08-21T23:55:40+00:00
175566,2026-08-05,Uchtepa,2,130000,https://hata.uz/en/listings/object/uy-sotiladi-2-honali-68-kv-m-175566,68.0,2,4,1,2026-08-21T23:55:40+00:00
175580,2026-08-05,Chilonzor,2,90000,https://hata.uz/en/listings/object/prodaetsya-ili-sdaetsya-2-komnatnaya-kvartira-na-druzhbe-narodov-175580,70.0,3,9,0,2026-08-21T23:55:40+00:00
175581,2026-08-05,Chilonzor,3,82000,https://hata.uz/en/listings/object/3xona-qilingan-yevroremont-175581,54.0,2,4,0,2026-08-21T23:55:40+00:00
175592,2026-08-05,Chilonzor,4,180000,https://hata.uz/en/listings/object/chilanzar-14-kvartal-dupleks-175592,150.0,1,9,1,2026-08-21T23:55:40+00:00
175593,2026-08-05,Chilonzor,3,1350,https://hata.uz/en/listings/object/prodaetsya-3-komnatnye-kvartiry-s-podvalom-na-chilanzare-19-kvar-175593,76.0,1,6,1,2026-08-21T23:55:40+00:00
175594,2026-08-05,Chilonzor,3,65000,https://hata.uz/en/listings/object/algaritim-zarhali-torisi-175594,68.19,9,9,0,2026-08-21T23:55:40+00:00
175601,2026-08-05,Chilonzor,1,54500,https://hata.uz/en/listings/object/prodaetsya-chilanzar-svaya-kvartira-175601,36.0,1,4,0,2026-08-21T23:55:40+00:00
175615,2026-08-05,Shayhontohur,3,110000,https://hata.uz/en/listings/object/prodaetsya-3-h-komnatnaya-kvartira-175615,80.2,8,9,0,2026-08-21T23:55:40+00:00
175629,2026-08-05,Shayhontohur,1,68000,https://hata.uz/en/listings/object/svoya-prodaetsya-1-komnatnaya-kvartira-47m2-175629,47.0,2,4,0,2026-08-21T23:55:40+00:00
175634,2026-08-05,Shayhontohur,2,72000,https://hata.uz/en/listings/object/prodaetsya-kvartira-175634,63.0,6,9,0,2026-08-21T23:55:40+00:00
175640,2026-08-05,Yunusobod,3,90000,https://hata.uz/en/listings/object/prodam-svoyu-kvartiru-manzara-175640,68.0,13,13,0,2026-08-21T23:55:40+00:00
175644,2026-08-05,Yunusobod,2,75000,https://hata.uz/en/listings/object/yunusabad-4y-kvartal-2-honali-kv-orientir-universam-175644,62.2,8,9,0,2026-08-21T23:55:40+00:00
175645,2026-08-05,Yunusobod,4,120000,https://hata.uz/en/listings/object/srochno-prodaetsya-kvartira-4h-komnatnaya-92-kv-na-yunusabad-9-kv-175645,92.0,2,5,0,2026-08-21T23:55:40+00:00
175660,2026-08-05,Yunusobod,3,99500,https://hata.uz/en/listings/object/srochno-prodaetsya-novostroyka-yunusabad-19-kvartal-kvartira-3-3-8-175660,81.1,3,8,1,2026-08-21T23:55:40+00:00
175668,2026-08-05,Yunusobod,1,38000,https://hata.uz/en/listings/object/yunusabad-2-dom-24-175668,36.0,4,4,0,2026-08-21T23:55:40+00:00
175683,2026-08-05,Yakkasaroy,4,345000,https://hata.uz/en/listings/object/dupleks-4-komnatnyy-v-zhk-parisen-175683,180.0,8,9,1,2026-08-21T23:55:40+00:00
175684,2026-08-05,Yakkasaroy,3,70500,https://hata.uz/en/listings/object/prodaetsya-3-4-4-karakamish-1-3-175684,70.0,4,4,0,2026-08-21T23:55:40+00:00
175695,2026-08-05,Yakkasaroy,3,130000,https://hata.uz/en/listings/object/kvartira-v-yakkasarayskom-rayone-175695,110.0,5,5,0,2026-08-21T23:55:40+00:00
175710,2026-08-05,Yashnobod,2,82000,https://hata.uz/en/listings/object/prodayu-svoyu-dvuh-komnatnuyu-kvartiru-aviasozlar-1-175710,62.0,2,4,0,2026-08-21T23:55:40+00:00
175713,2026-08-05,Yashnobod,1,54000,https://hata.uz/en/listings/object/prodaetsya-1-komnatnaya-kvartira-175713,30.44,1,12,1,2026-08-21T23:55:40+00:00
175714,2026-08-05,Yashnobod,4,144900,https://hata.uz/en/listings/object/novostroyka-4-komntantaya-v-parkent-plaza-3-175714,89.0,8,9,1,2026-08-21T23:55:40+00:00
175718,2026-08-05,Yashnobod,2,72000,https://hata.uz/en/listings/object/prodazha-2-2-4-na-kadysheva-175718,50.0,2,4,0,2026-08-21T23:55:40+00:00
175720,2026-08-05,Yashnobod,1,64877,https://hata.uz/en/listings/object/yashnabod-tumani-mahtumquli-k-1-xonali-uy-sotiladi-175720,36.0,2,9,1,2026-08-21T23:55:40+00:00
175724,2026-08-05,Yashnobod,4,109500,https://hata.uz/en/listings/object/tuzel-2-4-komnatnaya-s-parkovkoy-na-2-avtomobilya-175724,92.0,3,5,0,2026-08-21T23:55:40+00:00
176351,2026-08-05,Olmazor,3,215000,https://hata.uz/en/listings/object/modera-towers-prodaetsya-3-10-33-176351,70.0,10,33,1,2026-08-21T23:55:40+00:00
176356,2026-08-05,Olmazor,1,46500,https://hata.uz/en/listings/object/kara-kamysh-1-4-1-kom-ya-peredalan-v-2h-176356,42.23,3,4,0,2026-08-21T23:55:40+00:00
176358,2026-08-05,Olmazor,3,193000,https://hata.uz/en/listings/object/3-xonali-kvartira-sotiladi-cambridge-village-91-mk-176358,91.0,5,5,0,2026-08-21T23:55:40+00:00
176364,2026-08-05,Olmazor,2,96270,https://hata.uz/en/listings/object/prodaetsya-2komnatnaya-kvartira-63m2-v-almazar-biznes-siti-sobstvennik-176364,62.19,13,13,1,2026-08-21T23:55:40+00:00
176367,2026-08-05,Olmazor,2,65546,https://hata.uz/en/listings/object/prodayu-2h-komnatnuyu-kvartiru-v-almazarskom-rayone-176367,58.0,1,5,0,2026-08-21T23:55:40+00:00
176376,2026-08-05,Olmazor,1,38000,https://hata.uz/en/listings/object/prodam-svoyu-vidom-na-gorod-balkon-pod-klyuch-zhk-silver-tower-176376,29.0,16,20,1,2026-08-21T23:55:40+00:00
176379,2026-08-05,Bektemir,2,75000,https://hata.uz/en/listings/object/prodaetsya-svoya-2-2-4-kvartira-massiv-vodnik-2-176379,58.3,2,4,0,2026-08-21T23:55:40+00:00
176380,2026-08-05,Bektemir,3,55000,https://hata.uz/en/listings/object/prodaetsya-kvartira-176380,55.0,1,2,0,2026-08-21T23:55:40+00:00
176381,2026-08-05,Bektemir,2,63000,https://hata.uz/en/listings/object/dvuhkomnatnaya-kvartira-v-bektemirskom-rayone-176381,60.0,3,9,0,2026-08-21T23:55:40+00:00
176382,2026-08-05,Bektemir,2,120000,https://hata.uz/en/listings/object/prodazha-nedvizhimost-176382,68.99,1,7,1,2026-08-21T23:55:40+00:00
176393,2026-08-04,Mirobod,1,50000,https://hata.uz/en/listings/object/kvartira-sotiladi-176393,47.3,9,13,1,2026-08-21T23:55:40+00:00
176406,2026-08-05,Mirobod,3,57000,https://hata.uz/en/listings/object/yangi-hayot-tumani-176406,74.0,9,9,1,2026-08-21T23:55:40+00:00
176420,2026-08-05,Mirzo Ulugbek,2,94222,https://hata.uz/en/listings/object/kvartira-v-rayone-novogo-tsentra-tashkenta-vdol-ulitsy-yangi-uzbekiston-176420,53.55,4,4,1,2026-08-21T23:55:40+00:00
176425,2026-08-05,Mirzo Ulugbek,1,36000,https://hata.uz/en/listings/object/prodaetsya-1-komnatnaya-kvartira-obschiy-dvor-orientir-shastri-176425,30.0,1,1,0,2026-08-21T23:55:40+00:00
176435,2026-08-05,Mirzo Ulugbek,3,101000,https://hata.uz/en/listings/object/uy-sotiladi-yashnobod-guzal-3-1-3-176435,89.0,1,3,1,2026-08-21T23:55:40+00:00
176451,2026-08-05,Sergeli,2,52500,https://hata.uz/en/listings/object/prodazha-kvartiry-2-h-komnatnaya-176451,60.0,5,5,0,2026-08-21T23:55:40+00:00
176452,2026-08-05,Sergeli,3,68000,https://hata.uz/en/listings/object/yangixayot-sputnik-16a-3-9-16-176452,78.0,9,16,0,2026-08-21T23:55:40+00:00
176463,2026-08-05,Sergeli,2,55400,https://hata.uz/en/listings/object/sergele-yangi-hayot-doslik2-da-176463,70.0,6,9,0,2026-08-21T23:55:40+00:00
176466,2026-08-05,Sergeli,3,88000,https://hata.uz/en/listings/object/prodaetsya-kvartira-sergeli-4-3-1-5-176466,78.0,1,5,0,2026-08-21T23:55:40+00:00
176471,2026-08-05,Sergeli,4,85000,https://hata.uz/en/listings/object/sergliy-sputnik-16a-7dom-82-kvartira-78-kvdrat-lift-bor-metroga-yaqin-176471,82.0,7,7,1,2026-08-21T23:55:40+00:00
176474,2026-08-05,Uchtepa,3,120000,https://hata.uz/en/listings/object/prodaetsya-kvartira-chilanzar-14-kvartal-3-2-4-176474,78.0,2,4,0,2026-08-21T23:55:40+00:00
176477,2026-08-05,Uchtepa,5,96500,https://hata.uz/en/listings/object/kvartira-sotiladi-uchtepa-tumani-urigzor-mahallasi-5-3-3-dubleks-176477,140.0,3,3,1,2026-08-21T23:55:40+00:00
176478,2026-08-05,Uchtepa,4,85000,https://hata.uz/en/listings/object/ibnsino-2-4-8-9-svoy-uzimniki-176478,105.0,8,9,0,2026-08-21T23:55:40+00:00
176480,2026-08-05,Uchtepa,4,82000,https://hata.uz/en/listings/object/dom-taqachida-ozimizaniki-4-8-9-176480,94.5,8,9,0,2026-08-21T23:55:40+00:00
176481,2026-08-05,Uchtepa,3,129900,https://hata.uz/en/listings/object/uchtepa-24-3-1-5-176481,79.11,1,5,0,2026-08-21T23:55:40+00:00
176482,2026-08-05,Uchtepa,1,32000,https://hata.uz/en/listings/object/prodayutsya-1-2-3-komnatnye-kvartiry-176482,40.0,3,5,1,2026-08-21T23:55:40+00:00
176483,2026-08-05,Uchtepa,2,60000,https://hata.uz/en/listings/object/srochno-sotiladi-2-honali-uy-176483,50.0,4,4,0,2026-08-21T23:55:40+00:00
176486,2026-08-05,Uchtepa,4,145000,https://hata.uz/en/listings/object/murad-buildings-business-premium-zhk-soy-boyi-kvartira-4-komn-4-etazh-176486,103.0,4,15,1,2026-08-21T23:55:40+00:00
176487,2026-08-05,Uchtepa,2,54000,https://hata.uz/en/listings/object/srochno-prodaetsya-svoya-2-komnatnaya-kvartira-176487,55.0,5,5,0,2026-08-21T23:55:40+00:00
176488,2026-08-05,Uchtepa,3,75000,https://hata.uz/en/listings/object/prodayu-svoyu-kvartiru-2-3-1-9-na-chilanzare-176488,58.0,1,9,0,2026-08-21T23:55:40+00:00
176496,2026-08-05,Chilonzor,2,73000,https://hata.uz/en/listings/object/chilonzor-17kv-or-parlament-42-dom-2-3-4-48m2-evro-meb-teh-176496,48.0,3,4,0,2026-08-21T23:55:40+00:00
176497,2026-08-05,Chilonzor,4,85000,https://hata.uz/en/listings/object/chilonzor-20-kvartalda-4-xonali-kvartera-barcha-jihozlari-b-l-sotiladi-176497,67.5,2,4,0,2026-08-21T23:55:40+00:00
176500,2026-08-05,Chilonzor,4,140000,https://hata.uz/en/listings/object/prodazha-kvartiry-v-ipoteku-176500,90.0,5,5,1,2026-08-21T23:55:40+00:00
176514,2026-08-05,Chilonzor,4,129500,https://hata.uz/en/listings/object/chilonzor-tumani-novza-metro-bekati-3-xona-4-xona-qilingan-70m2-176514,70.0,5,5,0,2026-08-21T23:55:40+00:00
176520,2026-08-05,Chilonzor,1,63000,https://hata.uz/en/listings/object/prodaetsya-kvartira-1-kom-peredelannaya-v-2-kom-176520,44.0,1,5,0,2026-08-21T23:55:40+00:00
176529,2026-08-05,Shayhontohur,3,65000,https://hata.uz/en/listings/object/shayxontoxur-tumani-gineral-uzoqov-60a-25-uy-3-xonali-xonadon-176529,58.0,9,9,0,2026-08-21T23:55:40+00:00
176531,2026-08-05,Shayhontohur,3,85000,https://hata.uz/en/listings/object/prodaetsya-svoya-v-shayhantahurskom-r-ne3-9-9-kvartira-na-protiv-tsirka-ga-176531,72.0,9,9,0,2026-08-21T23:55:40+00:00
176539,2026-08-05,Shayhontohur,3,120000,https://hata.uz/en/listings/object/prodam-trehkomnatnuyu-kvartiru-176539,80.0,1,9,0,2026-08-21T23:55:40+00:00
176549,2026-08-05,Yunusobod,6,330000,https://hata.uz/en/listings/object/prodaetsya-penthaus-dupleks-8-komn-250-m2-alayskiy-zhk-novyy-vek-176549,249.0,7,8,0,2026-08-21T23:55:40+00:00
176561,2026-08-05,Yunusobod,4,107000,https://hata.uz/en/listings/object/prodaetsya-svoya-kvartira-garazh-na-yunusabad-15-4-komntnaya-kvartira-2-e-176561,82.88,2,5,0,2026-08-21T23:55:40+00:00
176563,2026-08-05,Yunusobod,2,60000,https://hata.uz/en/listings/object/prodaetsya-kvartira-sotiladi-sampi-yaqinida-2-xona-3-xona-qilingan-176563,50.0,1,5,0,2026-08-21T23:55:40+00:00
176578,2026-08-05,Yakkasaroy,6,375000,https://hata.uz/en/listings/object/yakkasarayskiy-rayon-parisien-golden-hayz-184-kvm-176578,184.0,1,7,1,2026-08-21T23:55:40+00:00
176601,2026-08-05,Yakkasaroy,2,82083,https://hata.uz/en/listings/object/prodayu-svoyu-kvartiru-2-2-2-176601,52.0,2,2,0,2026-08-21T23:55:40+00:00
176605,2026-08-05,Yakkasaroy,2,180000,https://hata.uz/en/listings/object/yaks-domdan-ikki-xonali-kvartira-uy-sotiladi-180000-dom-kvartira-176605,61.46,4,1,1,2026-08-21T23:55:40+00:00
176607,2026-08-05,Yakkasaroy,4,313000,https://hata.uz/en/listings/object/prodazha-kvartiry-176607,98.0,38,48,1,2026-08-21T23:55:40+00:00
176610,2026-08-05,Yashnobod,1,25000,https://hata.uz/en/listings/object/prodaetsya-1-komkv-v-byvshem-obschezhitii-176610,22.0,7,9,0,2026-08-21T23:55:40+00:00
176619,2026-08-05,Yashnobod,1,36000,https://hata.uz/en/listings/object/prodaetsya-svoya-kvartira-1-3-4-176619,36.0,3,4,0,2026-08-21T23:55:40+00:00
176620,2026-08-05,Yashnobod,1,71000,https://hata.uz/en/listings/object/prodam-1-komnatnuyu-novostroyka-ghzhk-assalom-mahtumkuli-rayon-yashnabad-176620,38.0,8,9,1,2026-08-21T23:55:40+00:00
176627,2026-08-05,Yashnobod,1,23500,https://hata.uz/en/listings/object/prodaetsya-1-komn-kvartira-v-yashnabade-srochno-176627,19.0,5,9,0,2026-08-21T23:55:40+00:00
176628,2026-08-05,Yashnobod,2,78500,https://hata.uz/en/listings/object/neo-house-kvartira-svoy-176628,80.0,8,10,1,2026-08-21T23:55:40+00:00
176629,2026-08-05,Yashnobod,2,60000,https://hata.uz/en/listings/object/prodaetsya-kvartira-2-3-3-guzal-mahallya-yashnabod-176629,60.0,3,3,0,2026-08-21T23:55:40+00:00
176633,2026-08-05,Yashnobod,3,75000,https://hata.uz/en/listings/object/prodaetsya-3-3-5-kvartira-58a-voennyy-gorodok-176633,66.0,3,5,1,2026-08-21T23:55:40+00:00
176974,2026-08-05,Olmazor,5,153000,https://hata.uz/en/listings/object/huvaydo-beruniy-metro-5xona-2-etaj-176974,125.0,2,9,0,2026-08-21T23:55:40+00:00
176975,2026-08-05,Olmazor,2,86000,https://hata.uz/en/listings/object/ikki-honalik-kvartira-sotiladi-mirzo-golib-kochsa-176975,87.0,3,4,0,2026-08-21T23:55:40+00:00
176977,2026-08-05,Olmazor,4,134000,https://hata.uz/en/listings/object/srochno-prodaetsya-novostroyka-176977,101.0,4,9,1,2026-08-21T23:55:40+00:00
176978,2026-08-05,Mirobod,1,70999,https://hata.uz/en/listings/object/prodam-svoyu-kvartiru-5032-kv-1-1-4-zhd-poliklinika-176978,50.0,1,4,0,2026-08-21T23:55:40+00:00
176995,2026-08-05,Mirzo Ulugbek,3,110000,https://hata.uz/en/listings/object/prodaetsya-kvartira-s-remontom-176995,72.0,8,9,0,2026-08-21T23:55:40+00:00
176998,2026-08-05,Mirzo Ulugbek,3,88000,https://hata.uz/en/listings/object/srochno-sotiladi-mahtumkuli-poytaht-residens-3-9-9-80kv-176998,79.13,9,9,1,2026-08-21T23:55:40+00:00
177028,2026-08-05,Sergeli,3,76945,https://hata.uz/en/listings/object/dom-3-hona-balkon-177028,82.0,9,8,1,2026-08-21T23:55:40+00:00
177033,2026-08-05,Sergeli,2,59000,https://hata.uz/en/listings/object/prodaetsya-kvartira-svoya-sergeliyskiy-rayon-aviagorodak-177033,51.0,3,4,0,2026-08-21T23:55:40+00:00
177034,2026-08-05,Sergeli,2,78000,https://hata.uz/en/listings/object/ts-5-1v2-2-4-kirpich-orientir-mitro-minor-177034,45.0,2,4,0,2026-08-21T23:55:40+00:00
177035,2026-08-05,Sergeli,3,100000,https://hata.uz/en/listings/object/kvartira-sergeli-7-3-bekat-metro-177035,90.0,3,9,0,2026-08-21T23:55:40+00:00
177037,2026-08-05,Sergeli,3,59500,https://hata.uz/en/listings/object/3-honali-uy-sotiladi-177037,56.0,4,7,1,2026-08-21T23:55:40+00:00
177039,2026-08-05,Sergeli,2,65000,https://hata.uz/en/listings/object/prodaetsya-uyutnaya-2-komnatnaya-kvartira-v-sergeli-2-yarmarka-177039,57.0,3,9,0,2026-08-21T23:55:40+00:00
177041,2026-08-05,Sergeli,3,68800,https://hata.uz/en/listings/object/srochno-3h-komnatnaya-kvartira-serlgelinskiy-rayon-tower-up-177041,65.0,15,16,1,2026-08-21T23:55:40+00:00
177045,2026-08-05,Sergeli,2,60400,https://hata.uz/en/listings/object/yangihaet-8-hudud-2-3-7-mebel-va-tehnikasi-bn-nakd-va-ipotekaga-sotaman-177045,55.0,3,7,1,2026-08-21T23:55:40+00:00
177048,2026-08-05,Sergeli,1,65000,https://hata.uz/en/listings/object/qoyluq-massiv-5-1-8-10-177048,50.0,8,10,1,2026-08-21T23:55:40+00:00
177049,2026-08-05,Sergeli,4,83940,https://hata.uz/en/listings/object/sergeli-tumanida-3-honali-honadon-sotiladi-177049,91.0,3,5,0,2026-08-21T23:55:40+00:00
177053,2026-08-05,Uchtepa,2,70000,https://hata.uz/en/listings/object/prodaetsya-kvartira-mozhno-pod-ofis1-1-4-177053,38.0,1,4,0,2026-08-21T23:55:40+00:00
177054,2026-08-05,Uchtepa,3,83900,https://hata.uz/en/listings/object/urikzor-resedense-uchtepa-177054,70.0,4,16,1,2026-08-21T23:55:40+00:00
177055,2026-08-05,Uchtepa,5,110000,https://hata.uz/en/listings/object/jar-ariqda-dom-sotilad-177055,100.0,3,9,0,2026-08-21T23:55:40+00:00
177059,2026-08-05,Uchtepa,5,110000,https://hata.uz/en/listings/object/shayhontohur-tuman-beltepa-dom-8-177059,105.0,9,4,0,2026-08-21T23:55:40+00:00
177060,2026-08-05,Uchtepa,3,75000,https://hata.uz/en/listings/object/srochno-prodaetsya-3-5-5-chilanzar-15-kv-svoya-177060,66.3,5,5,0,2026-08-21T23:55:40+00:00
177063,2026-08-05,Uchtepa,1,61000,https://hata.uz/en/listings/object/zhk-soy-boyi-murad-buildings-evrodvushka-403-m2-177063,40.3,11,15,1,2026-08-21T23:55:40+00:00
177064,2026-08-05,Uchtepa,3,50500,https://hata.uz/en/listings/object/eshonguzar-bekbaraka-siti-yangi-kurilgan-8kavat-3hona-177064,65.0,8,8,1,2026-08-21T23:55:40+00:00
177067,2026-08-05,Shayhontohur,3,67500,https://hata.uz/en/listings/object/kirpichniy-dom-sotiladi-beltepada-177067,66.0,1,4,0,2026-08-21T23:55:40+00:00
177070,2026-08-05,Shayhontohur,2,68000,https://hata.uz/en/listings/object/kokcha-masjid-kvartira-177070,47.0,3,5,1,2026-08-21T23:55:40+00:00
177073,2026-08-05,Shayhontohur,3,114254,https://hata.uz/en/listings/object/prodaetsya-kvartira-tsentre-goroda-tashkent-177073,81.61,3,11,1,2026-08-21T23:55:40+00:00
177084,2026-08-05,Chilonzor,3,70000,https://hata.uz/en/listings/object/chilanzor-24-kvartal-vatan-177084,67.0,5,5,0,2026-08-21T23:55:40+00:00
177085,2026-08-05,Chilonzor,2,65259,https://hata.uz/en/listings/object/prodam-svoyu-kvartiru-chilanzar-16-kvartal-2-3-5-177085,49.5,3,5,0,2026-08-21T23:55:40+00:00
177094,2026-08-05,Chilonzor,2,75000,https://hata.uz/en/listings/object/prodayu-kvartiru-svoya-177094,56.0,1,4,0,2026-08-21T23:55:40+00:00
177099,2026-08-05,Chilonzor,2,55500,https://hata.uz/en/listings/object/2-xonali-uy-26-kv-vatan-177099,48.0,5,5,0,2026-08-21T23:55:40+00:00
177107,2026-08-05,Shayhontohur,2,58000,https://hata.uz/en/listings/object/1-2-2-4-42-kvadrat-shayxontohur-tumani-tinchlik-metro-177107,42.5,2,4,0,2026-08-21T23:55:40+00:00
177118,2026-08-05,Shayhontohur,1,49000,https://hata.uz/en/listings/object/1-komn-peredellanaya-v-2-uh-komn-177118,42.0,4,4,0,2026-08-21T23:55:40+00:00
177119,2026-08-05,Shayhontohur,2,72000,https://hata.uz/en/listings/object/prodayu-kvartiru-2h-komnatnuyu-na-gange-177119,45.0,3,4,0,2026-08-21T23:55:40+00:00
177137,2026-08-05,Yunusobod,2,66000,https://hata.uz/en/listings/object/yunusobod-6-kvda-sotlad-177137,58.0,3,4,0,2026-08-21T23:55:40+00:00
177144,2026-08-05,Yunusobod,3,66500,https://hata.uz/en/listings/object/prodayu-srochno-svoyu-kvartiru-177144,55.0,3,4,0,2026-08-21T23:55:40+00:00
177148,2026-08-05,Yunusobod,4,93000,https://hata.uz/en/listings/object/prodaetsya-kvartira-3-4-4-4-na-yunusabade-3-kvartal-177148,83.0,4,4,0,2026-08-21T23:55:40+00:00
177154,2026-08-05,Yunusobod,2,42000,https://hata.uz/en/listings/object/yunsabod-hasanboy-navastoyka-dom-sotiladi-srochni-45-kv-177154,45.0,5,5,0,2026-08-21T23:55:40+00:00
177162,2026-08-05,Yakkasaroy,4,180000,https://hata.uz/en/listings/object/novostroyka-uy-6-hona-177162,204.16,1,7,1,2026-08-21T23:55:40+00:00
177168,2026-08-05,Yakkasaroy,2,72000,https://hata.uz/en/listings/object/prodaetsya-yakkasaroy-boshlik-2-2-5-kvartira-sotiladi-177168,50.0,2,5,0,2026-08-21T23:55:40+00:00
177175,2026-08-05,Yakkasaroy,1,55992,https://hata.uz/en/listings/object/prodaetsya-kvartira-na-bashlyke-177175,38.0,4,5,0,2026-08-21T23:55:40+00:00
177194,2026-08-05,Yashnobod,3,59000,https://hata.uz/en/listings/object/yashnabot-olmos-mahallada-kvartera-sotiladi-177194,74.0,16,16,1,2026-08-21T23:55:40+00:00
177200,2026-08-05,Yashnobod,3,120000,https://hata.uz/en/listings/object/prodaetsya-novostroyka-3h-komnatnaya-kvartira-v-tsentre-sobstvennik-177200,66.2,4,9,1,2026-08-21T23:55:40+00:00
177221,2026-08-05,Yashnobod,2,53491,https://hata.uz/en/listings/object/prodaetsya-kvartira-60-kvadratnyh-metrov-2-9-10-etazhnogo-doma-177221,60.0,9,10,1,2026-08-21T23:55:40+00:00
177223,2026-08-05,Yashnobod,2,62300,https://hata.uz/en/listings/object/yashnabadskiy-r-n-aviasozlar-2-177223,40.0,1,4,0,2026-08-21T23:55:40+00:00
177588,2026-08-05,Olmazor,2,122000,https://hata.uz/en/listings/object/prodaetsya-nrg-jomiy-biznes-klass-177588,70.0,10,12,1,2026-08-21T23:55:40+00:00
177590,2026-08-05,Olmazor,3,77000,https://hata.uz/en/listings/object/olmazor-kora-kamish1-1-3-hona-4-etazh-177590,73.0,4,5,0,2026-08-21T23:55:40+00:00
177592,2026-08-05,Olmazor,3,92398,https://hata.uz/en/listings/object/sebzorda-3-1-9-uy-sotiladi-orkadan-eshik-ochilgan-ogorod-bor-177592,72.0,1,9,0,2026-08-21T23:55:40+00:00
177593,2026-08-05,Olmazor,3,78000,https://hata.uz/en/listings/object/qizgaldoq-zamona-3-2-3-80kv-177593,80.0,2,3,1,2026-08-21T23:55:40+00:00
177595,2026-08-05,Olmazor,4,85000,https://hata.uz/en/listings/object/kvartira-sotiladi-4-2-4-177595,84.0,2,4,0,2026-08-21T23:55:40+00:00
177597,2026-08-05,Olmazor,4,141600,https://hata.uz/en/listings/object/prodaetsya-kvartira-177597,119.0,3,3,1,2026-08-21T23:55:40+00:00
177598,2026-08-05,Olmazor,2,65000,https://hata.uz/en/listings/object/srochna-sotiladi-177598,56.0,5,5,0,2026-08-21T23:55:40+00:00
177600,2026-08-05,Olmazor,2,33899,https://hata.uz/en/listings/object/srochno-prodayu-svoyu-sobstvennuyu-2-komnatnuyu-kvartiru-v-kelese-ryadom-s-177600,36.0,4,11,1,2026-08-21T23:55:40+00:00
177605,2026-08-05,Olmazor,3,78000,https://hata.uz/en/listings/object/kvartira-177605,71.0,8,9,0,2026-08-21T23:55:40+00:00
177607,2026-08-05,Olmazor,3,88200,https://hata.uz/en/listings/object/srochno-kvartira-sotiladi-3-honali-4-177607,84.0,4,5,1,2026-08-21T23:55:40+00:00
177608,2026-08-05,Bektemir,1,45000,https://hata.uz/en/listings/object/prodaetsya-kvartira-1-1-9-177608,42.0,1,9,0,2026-08-21T23:55:40+00:00
177612,2026-08-05,Bektemir,2,63000,https://hata.uz/en/listings/object/prodaetsya-2-kom-kvartiranovaya-vse-mebeli-oborudovanie-novye-177612,50.0,7,10,1,2026-08-21T23:55:40+00:00
177665,2026-08-05,Mirzo Ulugbek,2,150000,https://hata.uz/en/listings/object/zhk-manhattan-elitnaya-novostroyka-korobka-s-podzemnym-parkingom-15m2-177665,73.0,14,16,1,2026-08-21T23:55:40+00:00
177667,2026-08-05,Mirzo Ulugbek,4,289000,https://hata.uz/en/listings/object/prodaetsya-4-3-15-kvartira-regnum-plaza-mirzo-ulugbek-r-n-177667,125.24,3,15,1,2026-08-21T23:55:40+00:00
177668,2026-08-05,Mirzo Ulugbek,4,89500,https://hata.uz/en/listings/object/prodam-novostroyka-fdg-na-ttz-177668,87.8,7,9,1,2026-08-21T23:55:40+00:00
177710,2026-08-05,Sergeli,3,57000,https://hata.uz/en/listings/object/prodaetsya-kvartira-2-5-5-sergeli-3-vozle-yarmarki-177710,57.0,5,5,0,2026-08-21T23:55:40+00:00
177711,2026-08-05,Sergeli,2,66000,https://hata.uz/en/listings/object/srochno-sotiladi-uy-177711,54.0,4,7,0,2026-08-21T23:55:40+00:00
177715,2026-08-05,Sergeli,5,99000,https://hata.uz/en/listings/object/sergeli-markazidan-8-kv-srochna-5-honali-uy-sotiladi-kelishiladi-177715,130.0,5,9,0,2026-08-21T23:55:40+00:00
177718,2026-08-05,Sergeli,4,75000,https://hata.uz/en/listings/object/4-komnaty-kvartiry-177718,96.0,8,9,0,2026-08-21T23:55:40+00:00
177720,2026-08-05,Sergeli,3,65500,https://hata.uz/en/listings/object/sergeli-3-honali-uy-sotiladi-177720,57.0,2,7,1,2026-08-21T23:55:40+00:00
177723,2026-08-05,Sergeli,2,42000,https://hata.uz/en/listings/object/dom-prodaetsya-byvshie-obschezhitie-2h-komnatnaya-3-etazh-177723,42.0,3,9,0,2026-08-21T23:55:40+00:00
177725,2026-08-05,Sergeli,3,48000,https://hata.uz/en/listings/object/3-honali-dom-75kv-sotiladi-177725,75.0,1,2,0,2026-08-21T23:55:40+00:00
177727,2026-08-05,Sergeli,3,85000,https://hata.uz/en/listings/object/prodaetsya-3-komnatnaya-kvartira-na-yangihaetskom-rayone-177727,60.0,1,7,1,2026-08-21T23:55:40+00:00
177733,2026-08-05,Sergeli,2,72000,https://hata.uz/en/listings/object/prodaetsya-2h-komnatnaya-kvartira-177733,68.0,7,7,1,2026-08-21T23:55:40+00:00
177735,2026-08-05,Sergeli,4,91104,https://hata.uz/en/listings/object/4-x-komn-v-sergeli-3-yarmarka-177735,92.7,4,5,0,2026-08-21T23:55:40+00:00
177750,2026-08-05,Chilonzor,5,125000,https://hata.uz/en/listings/object/kvartira-chilanzar-177750,90.0,4,9,1,2026-08-21T23:55:40+00:00
177751,2026-08-05,Chilonzor,30,48500,https://hata.uz/en/listings/object/chilonzor-tumani-177751,30.0,1,4,0,2026-08-21T23:55:40+00:00
177753,2026-08-05,Chilonzor,3,87500,https://hata.uz/en/listings/object/chilonzor-17-kvartil-chilonzor-metro-200-metr-177753,68.0,2,4,0,2026-08-21T23:55:40+00:00
177781,2026-08-05,Chilonzor,4,73000,https://hata.uz/en/listings/object/prodazha-kvartira-chilonzor-177781,90.0,12,12,0,2026-08-21T23:55:40+00:00
177790,2026-08-05,Shayhontohur,4,118000,https://hata.uz/en/listings/object/prodaetsya-uyutnaya-4-komnatnaya-kvartira-177790,78.0,1,4,0,2026-08-21T23:55:40+00:00
177802,2026-08-05,Shayhontohur,1,55000,https://hata.uz/en/listings/object/srochno-prodaetsya-kvartira-v-tashkent-samarkand-darvaze-177802,36.43,11,12,1,2026-08-21T23:55:40+00:00
177843,2026-08-05,Yakkasaroy,4,60000,https://hata.uz/en/listings/object/prodaetsya-kvartira-v-sergelyah-177843,96.0,5,5,0,2026-08-21T23:55:40+00:00
177852,2026-08-05,Yakkasaroy,2,145000,https://hata.uz/en/listings/object/kvartira-v-zhk-yakkasaroy-city-mall-177852,73.0,4,10,1,2026-08-21T23:55:40+00:00
177853,2026-08-05,Yakkasaroy,3,180000,https://hata.uz/en/listings/object/3-12-14-podzemnyy-parking-novostroyka-zhk-ozmahal-gh-177853,87.35,12,14,1,2026-08-21T23:55:40+00:00
177861,2026-08-04,Yakkasaroy,2,82000,https://hata.uz/en/listings/object/dvuhkomnatnaya-kvartira-na-shota-rustaveli-177861,51.0,5,5,0,2026-08-21T23:55:40+00:00
177872,2026-08-05,Yakkasaroy,7,180000,https://hata.uz/en/listings/object/prodaetsya-kvartira-7-komnat-2-sanuzla-189kvm-afruz-restoran-177872,189.0,1,4,0,2026-08-21T23:55:40+00:00
177880,2026-08-05,Yashnobod,5,120000,https://hata.uz/en/listings/object/prodaetsya-5-komnatnaya-tuzel-3-177880,118.0,3,9,0,2026-08-21T23:55:40+00:00
177885,2026-08-05,Yashnobod,3,120000,https://hata.uz/en/listings/object/prodaetsya-3h-kom-kvartira-novostroyka-svoya-177885,66.2,4,9,1,2026-08-21T23:55:40+00:00
177887,2026-08-05,Yashnobod,2,55000,https://hata.uz/en/listings/object/zamonaviy-arxitektura-asosida-qurilgan-binoni-2-etaj-2-xonali-kv-sotil-177887,50.0,2,2,1,2026-08-21T23:55:40+00:00
177888,2026-08-05,Yashnobod,3,198000,https://hata.uz/en/listings/object/yangi-3-honali-kvartira-yashnabad-2025-177888,94.0,8,10,1,2026-08-21T23:55:40+00:00
177894,2026-08-05,Yashnobod,2,55000,https://hata.uz/en/listings/object/prodaetsya-kvartira-rohat-olmos-rezidens-177894,48.0,9,9,1,2026-08-21T23:55:40+00:00
177896,2026-08-05,Yashnobod,2,61000,https://hata.uz/en/listings/object/prodaetsya-2h-komnatnaya-kvartira-na-ulalimkent-dubovaya-177896,55.0,1,2,0,2026-08-21T23:55:40+00:00
177897,2026-08-05,Yashnobod,1,32900,https://hata.uz/en/listings/object/prodaetsya-otlichnaya-kvartira-v-zhk-almaz-po-vygodnoy-tsene-177897,30.0,10,16,1,2026-08-21T23:55:40+00:00
178319,2026-08-05,Olmazor,3,120000,https://hata.uz/en/listings/object/kvartira-128-m-kv-178319,128.0,6,6,1,2026-08-21T23:55:40+00:00
178320,2026-08-05,Olmazor,3,86000,https://hata.uz/en/listings/object/prodaetsia-3kh-komnatnaia-kvartira-v-olmazar-siti-178320,68.0,9,9,1,2026-08-21T23:55:40+00:00
178323,2026-08-05,Olmazor,4,136356,https://hata.uz/en/listings/object/prodazha-svoia-4-kom-kvartra-dupleks-151-kv-s-remontom-mebel-tsena-135-178323,151.0,7,8,1,2026-08-21T23:55:40+00:00
178325,2026-08-05,Bektemir,3,88000,https://hata.uz/en/listings/object/ui-sotiladi-9-etazh-3-khona-178325,88.0,9,10,1,2026-08-21T23:55:40+00:00
178327,2026-08-05,Bektemir,1,39500,https://hata.uz/en/listings/object/uy-sotiladi-vodnikda-6-etajkali-domni-2-etajida-40m2-yangi-novostro-178327,45.0,2,6,1,2026-08-21T23:55:40+00:00
178331,2026-08-05,Bektemir,2,61000,https://hata.uz/en/listings/object/kvartira-svoia-prodam-bez-maklera-178331,55.0,10,2,1,2026-08-21T23:55:40+00:00
178333,2026-08-05,Bektemir,1,30000,https://hata.uz/en/listings/object/2-2-1-komnotnoe-kvartira-178333,24.0,2,2,0,2026-08-21T23:55:40+00:00
178334,2026-08-05,Bektemir,2,44541,https://hata.uz/en/listings/object/50kv-karobka-holatda-178334,50.0,5,11,1,2026-08-21T23:55:40+00:00
178340,2026-08-05,Yashnobod,1,45000,https://hata.uz/en/listings/object/svoia-1-8-9-massiv-aviasozlar-pod-ipoteku-178340,40.0,8,9,0,2026-08-21T23:55:40+00:00
178341,2026-08-04,Yashnobod,3,78000,https://hata.uz/en/listings/object/prodaetsia-kvartira-3kh-komnatnaia-178341,72.56,9,9,0,2026-08-21T23:55:40+00:00
178346,2026-08-05,Mirobod,3,350001,https://hata.uz/en/listings/object/prodaetsia-novostroika-na-mirabad-aveniu-3-4-10-s-mebel-i-tekhnikoi-178346,80.0,4,10,1,2026-08-21T23:55:40+00:00
178356,2026-08-05,Mirobod,3,130000,https://hata.uz/en/listings/object/ts-7-oibek-3-2-9-vysokopotolochka-shoh-med-centre-178356,81.0,2,9,0,2026-08-21T23:55:40+00:00
178385,2026-08-05,Mirzo Ulugbek,2,60000,https://hata.uz/en/listings/object/sampi-va-madaniiat-instituti-oldida-kvartira-sotiladii-178385,50.0,3,4,0,2026-08-21T23:55:40+00:00
178386,2026-08-05,Mirzo Ulugbek,3,160000,https://hata.uz/en/listings/object/prodaetsia-3-komnatnaia-kvartira-v-darkhane-mirzo-ulugbekskii-zags-178386,100.0,4,6,0,2026-08-21T23:55:40+00:00
178387,2026-08-05,Mirzo Ulugbek,2,63500,https://hata.uz/en/listings/object/prodaetsia-kvartira-v-mirzo-ulugbekskom-raione-ttz-zhk-riverside-178387,40.0,2,9,1,2026-08-21T23:55:40+00:00
178398,2026-08-05,Mirzo Ulugbek,3,78000,https://hata.uz/en/listings/object/prodaetsa-kvartira-178398,78.0,4,4,0,2026-08-21T23:55:40+00:00
178402,2026-08-05,Mirzo Ulugbek,4,130000,https://hata.uz/en/listings/object/prodazha-svoei-kvartiry-178402,125.0,7,7,1,2026-08-21T23:55:40+00:00
178409,2026-08-05,Sergeli,3,65000,https://hata.uz/en/listings/object/prodaetsia-3-kom-kvartiru-sergeli-2-3-5-5-178409,78.0,5,5,0,2026-08-21T23:55:40+00:00
178425,2026-08-05,Uchtepa,3,80000,https://hata.uz/en/listings/object/kvartira-sotiladi-3-4-4-2-6-balkon-178425,72.0,4,4,0,2026-08-21T23:55:40+00:00
178426,2026-08-05,Uchtepa,5,125000,https://hata.uz/en/listings/object/5-xonali-kvartira-sotiladi-prodaetsia-5-komnatnaia-kvartira-178426,107.8,5,5,0,2026-08-21T23:55:40+00:00
178431,2026-08-05,Uchtepa,1,52000,https://hata.uz/en/listings/object/prodaetsia-prostornaia-odnokomnatnaia-kvartira-178431,61.07,12,12,0,2026-08-21T23:55:40+00:00
178435,2026-08-04,Chilonzor,2,75000,https://hata.uz/en/listings/object/srochno-prodaetsia-kvartira-2kh-komnatnaia-chilanzar-7-178435,48.0,2,4,0,2026-08-21T23:55:40+00:00
178445,2026-08-05,Chilonzor,3,105000,https://hata.uz/en/listings/object/prodaetsia-kvartira-3-komnatnaia-178445,75.0,4,9,0,2026-08-21T23:55:40+00:00
178446,2026-08-05,Chilonzor,3,96000,https://hata.uz/en/listings/object/prodazha-chilanzar-1-kvartal-3-4-4-vysokopotolochka-178446,85.0,4,4,0,2026-08-21T23:55:40+00:00
178447,2026-08-05,Chilonzor,2,70372,https://hata.uz/en/listings/object/2-xonali-uy-4-qavat-56-31-kv-m-178447,5631.0,4,5,0,2026-08-21T23:55:40+00:00
178455,2026-08-05,Chilonzor,2,65000,https://hata.uz/en/listings/object/prodaetsia-kvartira-s-kadastrom-65-kv-m-178455,65.0,2,3,1,2026-08-21T23:55:40+00:00
178475,2026-08-05,Shayhontohur,3,77740,https://hata.uz/en/listings/object/prodaetsia-3kh-komnatnaia-kvartira-chilonzor-ok-tepa-178475,64.0,3,4,0,2026-08-21T23:55:40+00:00
178495,2026-08-05,Yunusobod,1,47500,https://hata.uz/en/listings/object/uy-sotiladi-yunusobod-6-kvartal-178495,38.0,4,4,0,2026-08-21T23:55:40+00:00
178499,2026-08-05,Yunusobod,2,90000,https://hata.uz/en/listings/object/shakhriston-dom-prodaiu-178499,60.0,1,9,0,2026-08-21T23:55:40+00:00
178507,2026-08-05,Yunusobod,3,96000,https://hata.uz/en/listings/object/prodaiutsia-kvartiru-na-iunusabade-178507,90.0,2,3,1,2026-08-21T23:55:40+00:00
178530,2026-08-05,Yakkasaroy,2,290000,https://hata.uz/en/listings/object/prodaetsia-shikarnaia-kv-v-piramit-tower-2-35-48-parkovka-v-podarok-178530,64.0,35,48,1,2026-08-21T23:55:40+00:00
178567,2026-08-05,Yashnobod,3,105000,https://hata.uz/en/listings/object/frantsuzkii-dom-3-khonali-kvartira-srochno-178567,78.0,4,4,0,2026-08-21T23:55:40+00:00
178572,2026-08-05,Yashnobod,3,67000,https://hata.uz/en/listings/object/prodaiu-svoiu-3-komnatnuiu-kvartiru-vozmozhna-ipoteka-178572,60.0,4,4,0,2026-08-21T23:55:40+00:00
178577,2026-08-05,Yashnobod,3,70000,https://hata.uz/en/listings/object/srochno-prodaiu-kvartiru-sobstvennik-178577,95.0,4,4,0,2026-08-21T23:55:40+00:00
178584,2026-08-05,Yashnobod,2,93000,https://hata.uz/en/listings/object/kvartira-sotiladi-178584,66.65,1,9,0,2026-08-21T23:55:40+00:00
178589,2026-08-05,Yashnobod,2,48000,https://hata.uz/en/listings/object/boshlangich-14-200-ga-subsediia-ipoteka-2-khonali-podkliuch-novostroika-178589,56.0,16,16,1,2026-08-21T23:55:40+00:00
179976,2026-08-05,Olmazor,3,85000,https://hata.uz/en/listings/object/sebzor-3-khonali-uzimniki-179976,72.0,4,5,0,2026-08-21T23:55:40+00:00
179977,2026-08-05,Olmazor,2,93487,https://hata.uz/en/listings/object/nrg-jomiy-2-komnatnaia-kvartira-179977,72.0,5,12,1,2026-08-21T23:55:40+00:00
179978,2026-08-05,Olmazor,3,107500,https://hata.uz/en/listings/object/srochno-prodaetsia-82m2-v-novostroike-zhk-park-city-na-severnom-almazare-179978,82.0,13,15,1,2026-08-21T23:55:40+00:00
179979,2026-08-05,Olmazor,3,64000,https://hata.uz/en/listings/object/yashnabod-olmos-kvartira-sotiladi-179979,66.0,8,16,1,2026-08-21T23:55:40+00:00
179980,2026-08-05,Olmazor,5,215000,https://hata.uz/en/listings/object/prodaetsia-kvartira-v-tsentre-goroda-5-komnat-dve-kvartiry-obedennye-179980,130.6,2,9,0,2026-08-21T23:55:40+00:00
179981,2026-08-05,Olmazor,2,61800,https://hata.uz/en/listings/object/tansiqboyev-1-da-uyimi-sotaman-2-2-4-179981,58.0,2,4,0,2026-08-21T23:55:40+00:00
179982,2026-08-05,Olmazor,1,50000,https://hata.uz/en/listings/object/karakamysh-2-3-1v2-1-4-srochno-179982,43.0,1,4,0,2026-08-21T23:55:40+00:00
179983,2026-08-05,Olmazor,3,75000,https://hata.uz/en/listings/object/srochno-prodaetsia-3-3-4-kvartira-na-tansikboiev-1-179983,70.0,3,4,0,2026-08-21T23:55:40+00:00
179984,2026-08-05,Olmazor,2,51000,https://hata.uz/en/listings/object/qora-qamish-2-4-dom-2-hona-179984,50.0,3,4,0,2026-08-21T23:55:40+00:00
180004,2026-08-05,Bektemir,2,65000,https://hata.uz/en/listings/object/jk-musaffo-maskan-180004,64.0,6,17,1,2026-08-21T23:55:40+00:00
311078,2026-08-05,Bektemir,6,120000,https://hata.uz/en/listings/object/6-ti-komnatnaia-kvartira-311078,140.0,3,9,0,2026-08-21T23:55:40+00:00
311079,2026-08-05,Bektemir,2,50000,https://hata.uz/en/listings/object/kvartira-v-novostroike-311079,53.0,5,9,1,2026-08-21T23:55:40+00:00
311083,2026-08-05,Bektemir,4,52000,https://hata.uz/en/listings/object/srochno-prodaetsia-dvukhkomnatnaia-kvartira-na-massive-vodnik-311083,56.0,1,4,0,2026-08-21T23:55:40+00:00
311085,2026-08-05,Bektemir,3,50000,https://hata.uz/en/listings/object/3-xonaga-bo-lingan-uy-srochna-sotiladi-311085,50.0,5,6,1,2026-08-21T23:55:40+00:00
311086,2026-08-05,Bektemir,3,68000,https://hata.uz/en/listings/object/prodaetsia-3-3-9-kvartira-311086,71.0,3,9,0,2026-08-21T23:55:40+00:00
311087,2026-08-05,Bektemir,3,75000,https://hata.uz/en/listings/object/maftun-makon-tzh-vodnik-3-khona-311087,76.0,3,16,1,2026-08-21T23:55:40+00:00
311088,2026-08-05,Bektemir,2,55000,https://hata.uz/en/listings/object/prodaetsia-kvartira-tsena-dogovornaia-311088,57.24,7,9,0,2026-08-21T23:55:40+00:00
311089,2026-08-05,Yashnobod,2,65000,https://hata.uz/en/listings/object/sotiladi-2-4-4-iashnobod-tumani-khalk-bank-oldida-311089,50.0,4,4,0,2026-08-21T23:55:40+00:00
311090,2026-08-05,Yashnobod,2,77000,https://hata.uz/en/listings/object/bi-sado-business-class-evrodushka-311090,42.0,7,9,1,2026-08-21T23:55:40+00:00
311097,2026-08-05,Mirobod,2,63000,https://hata.uz/en/listings/object/prodaetsia-kvartira-svoia-311097,50.0,2,4,0,2026-08-21T23:55:40+00:00
311109,2026-08-05,Mirobod,3,105000,https://hata.uz/en/listings/object/prodaiu-kvartiru-v-zhk-art-khaus-3-kom-s-remontom-311109,90.0,3,12,1,2026-08-21T23:55:40+00:00
311119,2026-08-05,Mirobod,1,47000,https://hata.uz/en/listings/object/svoia-1-2-5-park-furkat-elektroapparat-balkon-2kh3-kirpich-ploshchad-35m2-311119,35.0,2,5,0,2026-08-21T23:55:40+00:00
311137,2026-08-05,Mirzo Ulugbek,1,60000,https://hata.uz/en/listings/object/prodaiu-svoiu-kvartiru-58m2-skvoznaia-s-kadastrom-311137,58.0,5,5,1,2026-08-21T23:55:40+00:00
311141,2026-08-05,Mirzo Ulugbek,2,66500,https://hata.uz/en/listings/object/2-1-4-feruza-3-mirzo-ulug-bek-tumani-ekobozor-ginekologiya-311141,58.0,1,4,0,2026-08-21T23:55:40+00:00
311142,2026-08-05,Mirzo Ulugbek,4,175000,https://hata.uz/en/listings/object/prodaetsia-svoia-4kh-komnatnaia-kvartira-v-r-ne-ts-2-novyi-remont-4-3-4-311142,100.0,3,4,0,2026-08-21T23:55:40+00:00
311145,2026-08-05,Mirzo Ulugbek,4,125000,https://hata.uz/en/listings/object/prodaetsia-4kh-kvartira-karasu-6-311145,91.0,3,5,0,2026-08-21T23:55:40+00:00
311161,2026-08-05,Mirzo Ulugbek,1,50000,https://hata.uz/en/listings/object/prodam-svoiu-kvartiru-1-komnatnaia-4-etazh-311161,25.0,4,4,0,2026-08-21T23:55:40+00:00
311168,2026-08-05,Mirzo Ulugbek,4,200000,https://hata.uz/en/listings/object/mirzo-ulugbek-tumani-parkent-kochasi-oqsaroy-tjm-311168,120.0,7,8,1,2026-08-21T23:55:40+00:00
311179,2026-08-05,Sergeli,1,40000,https://hata.uz/en/listings/object/prodaetsia-kvartira-35-kv-m-sergeli-r-n-metro-choshtepa-novostroika-311179,35.0,5,12,1,2026-08-21T23:55:40+00:00
311186,2026-08-05,Sergeli,2,75000,https://hata.uz/en/listings/object/prodaetsia-2-komnatnaia-sergeli-8a-top-lokatsiia-311186,61.0,4,9,0,2026-08-21T23:55:40+00:00
311187,2026-08-05,Sergeli,2,65000,https://hata.uz/en/listings/object/prodam-kvartiru-srochna-sergeli-6a-311187,57.0,3,7,1,2026-08-21T23:55:40+00:00
311191,2026-08-05,Sergeli,1,46900,https://hata.uz/en/listings/object/sergeli-choshtepa-1-6-7-metro-eni-mebel-tekhnika-54-dom-srochno-nakdga-311191,35.27,6,7,1,2026-08-21T23:55:40+00:00
311192,2026-08-05,Sergeli,3,84200,https://hata.uz/en/listings/object/prodam-kvartiru-311192,95.0,4,4,0,2026-08-21T23:55:40+00:00
311194,2026-08-05,Sergeli,2,61023,https://hata.uz/en/listings/object/kvartira-sotiladi-57-kv-sergeli-311194,57.0,6,7,1,2026-08-21T23:55:40+00:00
311197,2026-08-05,Sergeli,2,65000,https://hata.uz/en/listings/object/srochno-prodaetsia-2-kh-komnatnaia-kv-novyi-evro-remont-54-kv-311197,54.0,1,2,1,2026-08-21T23:55:40+00:00
311202,2026-08-05,Sergeli,3,50000,https://hata.uz/en/listings/object/toshkent-sergeli-yangi-sergeli-ko-chasi-11-6-311202,76.0,6,6,0,2026-08-21T23:55:40+00:00
311214,2026-08-05,Sergeli,4,95000,https://hata.uz/en/listings/object/srochno-prodaiu-kvartiru-311214,93.15,9,9,0,2026-08-21T23:55:40+00:00
311221,2026-08-05,Uchtepa,2,61000,https://hata.uz/en/listings/object/srochno-2-4-4-balkon-2kh6-prodam-svoia-farkhadskii-311221,56.0,4,4,0,2026-08-21T23:55:40+00:00
311222,2026-08-05,Uchtepa,3,90000,https://hata.uz/en/listings/object/prodaetsia-3-komnatnaia-kvartira-v-uchtepinskom-raione-orientir-plov-city-311222,65.0,1,5,0,2026-08-21T23:55:40+00:00
311223,2026-08-05,Uchtepa,3,75000,https://hata.uz/en/listings/object/algaritim-31-mavze-12-uy-64-xonadon-311223,70.0,4,4,0,2026-08-21T23:55:40+00:00
311224,2026-08-05,Uchtepa,4,150000,https://hata.uz/en/listings/object/srochna-4-honali-uy-sotiladi-iltimos-maklerla-yozmela-311224,125.0,1,3,1,2026-08-21T23:55:40+00:00
311227,2026-08-05,Uchtepa,1,49500,https://hata.uz/en/listings/object/srochna-sotiladi-beltepa-novostroyka-stroymart-oldida-311227,62.0,3,9,1,2026-08-21T23:55:40+00:00
311228,2026-08-05,Uchtepa,5,96000,https://hata.uz/en/listings/object/kvartira-sotiladi-311228,100.0,4,4,0,2026-08-21T23:55:40+00:00
311234,2026-08-05,Uchtepa,1,55000,https://hata.uz/en/listings/object/sagbon-kvartira-92-kv-m-311234,92.0,10,10,1,2026-08-21T23:55:40+00:00
311236,2026-08-05,Uchtepa,2,95000,https://hata.uz/en/listings/object/depo-residence-74m2-2-khonalik-khonadon-311236,74.0,5,9,1,2026-08-21T23:55:40+00:00
311240,2026-08-05,Uchtepa,2,66915,https://hata.uz/en/listings/object/ko-kcha-oq-tepada-2-xona-uy-sotiladi-qora-suvoq-xonalarga-bo-lingan-311240,63.6,8,10,1,2026-08-21T23:55:40+00:00
311241,2026-08-05,Uchtepa,2,60000,https://hata.uz/en/listings/object/srochno-prodaetsia-2-kh-komnatnaia-kvartira-peredelannaia-v-3-kh-311241,45.6,4,4,0,2026-08-21T23:55:40+00:00
311242,2026-08-05,Uchtepa,2,79120,https://hata.uz/en/listings/object/art-house-kokcha-oqtepa-2-xonalik-311242,73.0,6,10,1,2026-08-21T23:55:40+00:00
311247,2026-08-05,Shayhontohur,4,155000,https://hata.uz/en/listings/object/beltepa-bankovskiy-dom-311247,110.0,1,4,0,2026-08-21T23:55:40+00:00
311263,2026-08-05,Shayhontohur,2,172000,https://hata.uz/en/listings/object/nestone-2-15-51-a-blok-park-311263,38.0,15,51,1,2026-08-21T23:55:40+00:00
311272,2026-08-05,Shayhontohur,5,95000,https://hata.uz/en/listings/object/uybsotiladi-jarariq-311272,6.0,9,36,0,2026-08-21T23:55:40+00:00
311277,2026-08-05,Chilonzor,3,80000,https://hata.uz/en/listings/object/srochno-prodaetsia-trekhkomnatnaia-kvartira-chilanzar-19-311277,63.01,3,4,0,2026-08-21T23:55:40+00:00
311293,2026-08-05,Chilonzor,2,75000,https://hata.uz/en/listings/object/uy-sotiladi-chilonzor-19-311293,45.0,5,9,1,2026-08-21T23:55:40+00:00
311301,2026-08-05,Shayhontohur,3,149000,https://hata.uz/en/listings/object/3-5-12-nrg-jomiy-business-class-311301,90.0,5,12,1,2026-08-21T23:55:40+00:00
311305,2026-08-05,Shayhontohur,3,78000,https://hata.uz/en/listings/object/chilanzar-19-3-khona-311305,65.0,3,4,0,2026-08-21T23:55:40+00:00
311306,2026-08-05,Shayhontohur,5,123000,https://hata.uz/en/listings/object/srochno-5-khonali-kvartira-sotiladi-uzimniki-311306,110.0,2,9,0,2026-08-21T23:55:40+00:00
311308,2026-08-05,Shayhontohur,4,183996,https://hata.uz/en/listings/object/prodaetsia-otlichnaia-kvartira-ot-sobstvennika-311308,87.0,3,9,0,2026-08-21T23:55:40+00:00
311309,2026-08-05,Shayhontohur,2,56900,https://hata.uz/en/listings/object/srochno-kvartira-sotiladi-koratosh-chorsu-311309,53.0,12,12,0,2026-08-21T23:55:40+00:00
311312,2026-08-05,Shayhontohur,2,65000,https://hata.uz/en/listings/object/kvartira-sotiladi-2-xonalik-311312,58.0,2,5,0,2026-08-21T23:55:40+00:00
311324,2026-08-05,Shayhontohur,2,75000,https://hata.uz/en/listings/object/ganga-khadra-ts-14-2-4-4-60-m2-lodzhiia-25-6-balkon-1-3-sobstvennik-311324,60.0,4,4,0,2026-08-21T23:55:40+00:00
311325,2026-08-05,Shayhontohur,5,550000,https://hata.uz/en/listings/object/prodaetsia-kvartira-vozle-tashkent-siti-311325,204.0,7,8,1,2026-08-21T23:55:40+00:00
311336,2026-08-05,Yunusobod,1,89000,https://hata.uz/en/listings/object/zhk-o-zmakon-mirabad-odnokomnatnaia-311336,39.6,14,15,1,2026-08-21T23:55:40+00:00
311340,2026-08-05,Yunusobod,2,62000,https://hata.uz/en/listings/object/iunusobad-18-svoia-2-kh-komnatnaia-2-2-5-uluchshenka-311340,57.0,2,5,0,2026-08-21T23:55:40+00:00
311353,2026-08-05,Yunusobod,3,117146,https://hata.uz/en/listings/object/prodaetsia-prostornaia-trekhkomnatnaia-kvartira-v-novostroike-311353,99.18,10,11,1,2026-08-21T23:55:40+00:00
311364,2026-08-05,Yakkasaroy,2,85000,https://hata.uz/en/listings/object/prestizh-garden-okhrana-24-7-311364,50.0,14,14,1,2026-08-21T23:55:40+00:00
311371,2026-08-05,Yakkasaroy,1,53000,https://hata.uz/en/listings/object/kvartira-1-komnatnaia-311371,28.0,4,4,0,2026-08-21T23:55:40+00:00
311376,2026-08-05,Yakkasaroy,4,175000,https://hata.uz/en/listings/object/qushbegi-golden-house-4-kh-kom-kvartira-s-mebeliu-i-tekhnikoi-311376,94.0,7,8,0,2026-08-21T23:55:40+00:00
311382,2026-08-05,Yakkasaroy,4,95000,https://hata.uz/en/listings/object/prodaetsia-svoia-kvartira-311382,68.75,2,2,0,2026-08-21T23:55:40+00:00
311407,2026-08-05,Yashnobod,2,92000,https://hata.uz/en/listings/object/prodaetsia-kvartira-nakhoditsia-orientir-parkenskii-rynok-riezii-evro-311407,60.0,3,9,0,2026-08-21T23:55:40+00:00
311408,2026-08-05,Yashnobod,1,47000,https://hata.uz/en/listings/object/prodaiu-kvartiru-v-tashkente-bez-posrednikov-311408,42.6,9,9,0,2026-08-21T23:55:40+00:00
311414,2026-08-05,Yashnobod,3,78000,https://hata.uz/en/listings/object/prodaetsia-kvartira-311414,60.0,1,12,0,2026-08-21T23:55:40+00:00
311415,2026-08-05,Yashnobod,3,83000,https://hata.uz/en/listings/object/prodaetsia-kvartira-v-iashnabadskom-raione-svoia-311415,64.0,4,4,0,2026-08-21T23:55:40+00:00
311417,2026-08-05,Yashnobod,1,65000,https://hata.uz/en/listings/object/prodaetsia-kvartira-dom-zhile-uy-sotiladi-311417,47.0,3,10,1,2026-08-21T23:55:40+00:00
311428,2026-08-05,Yashnobod,4,90000,https://hata.uz/en/listings/object/svoia-prodaetsia-4-kom-kvartira-frantsuzskaia-uluchshennaia-planirovka-311428,95.0,3,5,0,2026-08-21T23:55:40+00:00
311431,2026-08-05,Yashnobod,3,70000,https://hata.uz/en/listings/object/3-khonali-ui-sotiladi-311431,62.0,5,5,0,2026-08-21T23:55:40+00:00
311437,2026-08-04,Yashnobod,2,76657,https://hata.uz/en/listings/object/prodaetsia-bolshaia-kvartira-2-6-9-tuzel-3-massiv-40-let-pobedy-311437,70.0,6,9,0,2026-08-21T23:55:40+00:00
312103,2026-08-05,Olmazor,3,83000,https://hata.uz/en/listings/object/3-4-9-sebzorda-uy-sotiladi-srochni-312103,72.0,4,9,0,2026-08-21T23:55:40+00:00
312105,2026-08-05,Olmazor,1,57000,https://hata.uz/en/listings/object/prodaetsia-1-komnatnaia-kvartira-kora-kamysh-312105,40.33,1,5,0,2026-08-21T23:55:40+00:00
312109,2026-08-05,Olmazor,5,150000,https://hata.uz/en/listings/object/dubleks-novostroika-dom-moikurgon-312109,180.0,1,3,1,2026-08-21T23:55:40+00:00
312112,2026-08-05,Olmazor,2,64500,https://hata.uz/en/listings/object/aviasozlar-4-2v3-2-4-rynok-kadysheva-metro-iashnobod-svoia-kvartira-312112,50.0,2,4,0,2026-08-21T23:55:40+00:00
312113,2026-08-05,Olmazor,3,97000,https://hata.uz/en/listings/object/nrg-zhk-zamon-kadastr-est-srochno-prodaetsia-99-5-kv-m-3-komnatnaia-svoia-312113,99.58,6,9,1,2026-08-21T23:55:40+00:00
312114,2026-08-05,Olmazor,4,135000,https://hata.uz/en/listings/object/prodaetsia-kvartira-4kh-komnatnaia-v-khoroshem-sostoianii-312114,87.0,2,9,0,2026-08-21T23:55:40+00:00
312117,2026-08-05,Olmazor,2,184833,https://hata.uz/en/listings/object/prodaetsia-1-liniia-svoia-2-kh-komnatnaia-kvartira-na-1-m-etazhe-vozle-dor-312117,54.0,1,4,0,2026-08-21T23:55:40+00:00
312121,2026-08-05,Olmazor,2,115000,https://hata.uz/en/listings/object/kvartira-ot-sobstvennika-312121,49.0,10,25,1,2026-08-21T23:55:40+00:00
312124,2026-08-05,Olmazor,2,98000,https://hata.uz/en/listings/object/sotiladi-katta-darxon-2-2-4-312124,48.0,2,4,0,2026-08-21T23:55:40+00:00
312125,2026-08-05,Olmazor,4,78000,https://hata.uz/en/listings/object/srochno-prodaetsia-kvartira-orentir-risovyi-bazar-4-3-4-bakaleia-78000-312125,80.0,3,4,0,2026-08-21T23:55:40+00:00
312128,2026-08-05,Olmazor,3,70000,https://hata.uz/en/listings/object/3-xonali-uy-srochna-yaxshi-narxga-kelishish-bor-312128,74.0,4,5,0,2026-08-21T23:55:40+00:00
312131,2026-08-05,Bektemir,2,78000,https://hata.uz/en/listings/object/iunusabad-13-2-komn-novostroika-5-10-evro-remont-s-mebeliu-312131,48.0,5,10,1,2026-08-21T23:55:40+00:00
312132,2026-08-05,Bektemir,3,75000,https://hata.uz/en/listings/object/prodaetsia-3kh-kom-kvartira-75-kv-vodnike-pervom-etazhe-312132,75.0,1,4,0,2026-08-21T23:55:40+00:00
312133,2026-08-05,Bektemir,2,32000,https://hata.uz/en/listings/object/uy-sotiladi-2-xonali-312133,36.0,2,4,0,2026-08-21T23:55:40+00:00
312135,2026-08-05,Bektemir,2,58000,https://hata.uz/en/listings/object/srochno-svoia-2-kom-kvartira-na-2-etazhe-5-etazhnogo-kirpichnogo-doma-312135,52.0,2,5,0,2026-08-21T23:55:40+00:00
312138,2026-08-05,Bektemir,5,110000,https://hata.uz/en/listings/object/srochno-sotiladi-ui-iangi-imorat-312138,105.0,1,1,1,2026-08-21T23:55:40+00:00
312143,2026-08-05,Bektemir,2,32000,https://hata.uz/en/listings/object/uy-kafolati-bilan-312143,45.0,3,4,0,2026-08-21T23:55:40+00:00
312144,2026-08-05,Bektemir,3,47000,https://hata.uz/en/listings/object/kvartira-v-nurafshon-3-komnatnaia-svaia-bez-maklera-navostroika-312144,72.0,1,7,1,2026-08-21T23:55:40+00:00
312145,2026-08-05,Bektemir,3,71000,https://hata.uz/en/listings/object/srochno-predaetsia-3-komnatnaia-kvartira-312145,69.0,1,2,0,2026-08-21T23:55:40+00:00
312147,2026-08-05,Bektemir,2,50000,https://hata.uz/en/listings/object/kvartira-2-komnatnaia-v-2-etazhnom-dome-pervyi-etazh-312147,58.39,1,2,0,2026-08-21T23:55:40+00:00
312148,2026-08-05,Bektemir,3,64000,https://hata.uz/en/listings/object/prodaetsia-3-k-kvartira-na-vodnike-312148,71.0,3,9,0,2026-08-21T23:55:40+00:00
312150,2026-08-05,Bektemir,2,48000,https://hata.uz/en/listings/object/srochno-sotiladi-musaffo-maskan-312150,53.0,9,16,1,2026-08-21T23:55:40+00:00
312153,2026-08-05,Bektemir,3,50000,https://hata.uz/en/listings/object/kottedzh-iik-ota-bez-posrednikov-312153,59.0,1,2,0,2026-08-21T23:55:40+00:00
312159,2026-08-05,Yashnobod,3,61500,https://hata.uz/en/listings/object/prodaetsia-3-4-5-kirp-balkon-2kh6-orientir-dvorets-aviastroitelei-312159,67.0,4,5,0,2026-08-21T23:55:40+00:00
312160,2026-08-05,Yashnobod,2,40000,https://hata.uz/en/listings/object/uy-312160,30.0,3,4,0,2026-08-21T23:55:40+00:00
312179,2026-08-05,Mirobod,4,185000,https://hata.uz/en/listings/object/4-kh-komnatnaia-153-m2-or-r-aibek-312179,153.37,7,9,0,2026-08-21T23:55:40+00:00
312181,2026-08-05,Mirobod,2,137000,https://hata.uz/en/listings/object/sobstvennik-prodaiu-kvartiru-312181,48.0,2,9,0,2026-08-21T23:55:40+00:00
312182,2026-08-05,Mirobod,1,65000,https://hata.uz/en/listings/object/prodaetsia-svoia-zhk-oz-makon-uzmakon-312182,30.0,5,16,1,2026-08-21T23:55:40+00:00
312193,2026-08-05,Mirobod,2,118000,https://hata.uz/en/listings/object/prodam-kvartiru-zhk-grigvich-312193,55.0,2,9,1,2026-08-21T23:55:40+00:00
312206,2026-08-05,Mirzo Ulugbek,3,124999,https://hata.uz/en/listings/object/prodaetsia-kvartira-s-kadastrom-na-nikitina-mirzo-ulugbekskii-raion-312206,90.0,8,9,1,2026-08-21T23:55:40+00:00
312215,2026-08-05,Mirzo Ulugbek,5,180000,https://hata.uz/en/listings/object/novostroika-dubleks-165m2-parkentskii-312215,165.0,9,9,1,2026-08-21T23:55:40+00:00
312220,2026-08-05,Mirzo Ulugbek,3,110000,https://hata.uz/en/listings/object/prodaetsia-svoia-kvartira-312220,90.0,5,5,0,2026-08-21T23:55:40+00:00
312229,2026-08-05,Mirzo Ulugbek,3,110000,https://hata.uz/en/listings/object/svoia-3kh-komnatnaia-kv-3-1-9-na-karasu-6-mozhno-podofis-ili-obmen-312229,84.0,1,9,0,2026-08-21T23:55:40+00:00
312245,2026-08-05,Sergeli,1,25000,https://hata.uz/en/listings/object/prodaiu-1-komnatnuiu-kvartiru-312245,20.0,2,4,0,2026-08-21T23:55:40+00:00
312253,2026-08-05,Sergeli,3,52000,https://hata.uz/en/listings/object/uy-sotiladi-eski-sergilida-312253,78.0,3,4,0,2026-08-21T23:55:40+00:00
312547,2026-08-05,Olmazor,1,49000,https://hata.uz/en/listings/object/prodaetsia-kvartira-korakamysh-1-3-312547,41.0,3,4,0,2026-08-21T23:55:40+00:00
312548,2026-08-05,Olmazor,3,115000,https://hata.uz/en/listings/object/uy-sotiladi-olmazor-tumani-312548,100.0,11,11,1,2026-08-21T23:55:40+00:00
312549,2026-08-05,Olmazor,3,85000,https://hata.uz/en/listings/object/kvartira-sotiladi-olmazor-tuman-3-1-4-312549,71.0,1,4,0,2026-08-21T23:55:40+00:00
312555,2026-08-05,Olmazor,3,74800,https://hata.uz/en/listings/object/prodaetsia-3-komnatnaia-sotiladi-3-khonali-kvartira-312555,70.0,2,4,0,2026-08-21T23:55:40+00:00
312564,2026-08-05,Olmazor,3,71000,https://hata.uz/en/listings/object/kvartira-68-kvadratov-bez-remonta-312564,68.0,1,5,0,2026-08-21T23:55:40+00:00
312567,2026-08-05,Olmazor,3,145000,https://hata.uz/en/listings/object/prodaetsia-3-kh-komnatnaia-kvartira-almazarskii-raion-po-ulitse-nurofshon-312567,94.0,1,3,0,2026-08-21T23:55:40+00:00
312568,2026-08-05,Olmazor,1,46000,https://hata.uz/en/listings/object/xonsaroy-zorsanloyxasidan-48kv-li-1-xonali-uy-sotiladi-312568,48.0,4,16,1,2026-08-21T23:55:40+00:00
312576,2026-08-05,Olmazor,1,46000,https://hata.uz/en/listings/object/kvartira-312576,25.0,2,2,0,2026-08-21T23:55:40+00:00
312579,2026-08-05,Bektemir,4,99900,https://hata.uz/en/listings/object/srochno-prodaetsia-4kh-kom-kvartira-dupleks-312579,116.0,1,4,1,2026-08-21T23:55:40+00:00
312582,2026-08-05,Bektemir,2,57000,https://hata.uz/en/listings/object/prodaetsia-kvartira-2-4-5-59m2-312582,59.0,4,5,0,2026-08-21T23:55:40+00:00
312583,2026-08-05,Bektemir,3,69000,https://hata.uz/en/listings/object/bektemir-312583,69.0,5,17,1,2026-08-21T23:55:40+00:00
312585,2026-08-05,Bektemir,1,38900,https://hata.uz/en/listings/object/srochno-1-2-4-peredelannaia-v-2-kh-komnatnuiu-312585,40.0,4,4,0,2026-08-21T23:55:40+00:00
312588,2026-08-05,Bektemir,2,45000,https://hata.uz/en/listings/object/prodam-kvartiru-na-vodnike-2-2-2-312588,59.0,2,2,0,2026-08-21T23:55:40+00:00
312589,2026-08-05,Bektemir,1,37000,https://hata.uz/en/listings/object/prodam-kvartiru-na-massive-panelnyi-312589,33.0,4,5,0,2026-08-21T23:55:40+00:00
312590,2026-08-05,Bektemir,1,35600,https://hata.uz/en/listings/object/iangi-kuilik-tzhm-312590,39.5,9,11,1,2026-08-21T23:55:40+00:00
312591,2026-08-05,Bektemir,2,56000,https://hata.uz/en/listings/object/prodaetsia-kvartira-evroremont-2-10-10-312591,52.0,10,10,1,2026-08-21T23:55:40+00:00
312592,2026-08-05,Bektemir,1,52000,https://hata.uz/en/listings/object/novostroika-v-bektemirskom-raione-312592,47.0,5,9,1,2026-08-21T23:55:40+00:00
312607,2026-08-04,Mirobod,3,129000,https://hata.uz/en/listings/object/prodaiu-svoiu-kvartiru-3-2-4-77seriia-evro-remont-312607,60.0,2,4,0,2026-08-21T23:55:40+00:00
312626,2026-08-05,Mirzo Ulugbek,3,49000,https://hata.uz/en/listings/object/kvartira-sotiladi-40-kv-m-2-khona-3-khona-kilingan-312626,40.0,2,2,1,2026-08-21T23:55:40+00:00
312627,2026-08-04,Mirzo Ulugbek,2,69000,https://hata.uz/en/listings/object/kvartira-v-mirzo-ulugbeka-feruza-40-vozle-shkoly-223-312627,57.0,4,4,0,2026-08-21T23:55:40+00:00
312646,2026-08-05,Mirzo Ulugbek,2,140000,https://hata.uz/en/listings/object/sobstvennik-srochno-prodaetsia-2-kh-komnatnaia-kvartira-oz-mahal-312646,65.0,11,14,1,2026-08-21T23:55:40+00:00
312647,2026-08-05,Mirzo Ulugbek,4,140000,https://hata.uz/en/listings/object/kvartira-ui-egasi-312647,112.5,1,5,0,2026-08-21T23:55:40+00:00
312652,2026-08-05,Sergeli,2,72000,https://hata.uz/en/listings/object/sergeli-moshina-bozor-ro-parasida-2-hona-60-m2-60-balcon-72000-y-e-312652,60.0,9,9,1,2026-08-21T23:55:40+00:00
312654,2026-08-05,Sergeli,1,32000,https://hata.uz/en/listings/object/prodaetsia-kvartira-ot-sobstvennika-312654,38.0,1,1,1,2026-08-21T23:55:40+00:00
312655,2026-08-05,Sergeli,2,52500,https://hata.uz/en/listings/object/xonadon-sotiladi-karobka-holatda-57-kv-312655,57.0,6,9,1,2026-08-21T23:55:40+00:00
312656,2026-08-05,Sergeli,2,52000,https://hata.uz/en/listings/object/2-kh-komnatnaia-kvartira-45-kv-metrov-na-panelnom-312656,45.0,5,5,0,2026-08-21T23:55:40+00:00
312657,2026-08-05,Sergeli,2,86000,https://hata.uz/en/listings/object/srochna-sotiladi-72-kv-312657,72.0,4,10,1,2026-08-21T23:55:40+00:00
312658,2026-08-04,Sergeli,2,55000,https://hata.uz/en/listings/object/prodaetsia-iangikhaet-tumani-dom-novostroika-bez-mebeli-312658,67.33,10,10,1,2026-08-21T23:55:40+00:00
312664,2026-08-05,Sergeli,7,49999,https://hata.uz/en/listings/object/evrodom-v-stile-khaitek-312664,100.0,1,1,1,2026-08-21T23:55:40+00:00
312665,2026-08-05,Sergeli,2,36000,https://hata.uz/en/listings/object/prodaetsia-kvartira-312665,47.0,2,2,0,2026-08-21T23:55:40+00:00
312669,2026-08-05,Sergeli,3,68000,https://hata.uz/en/listings/object/kvartira-dlia-srochnoi-prodazhy-312669,70.0,8,9,0,2026-08-21T23:55:40+00:00
312675,2026-08-05,Sergeli,5,87000,https://hata.uz/en/listings/object/prodaetsia-5-komnatnaia-kvartira-5-8-9-sergeli-7-312675,117.35,8,9,0,2026-08-21T23:55:40+00:00
312677,2026-08-05,Uchtepa,3,120000,https://hata.uz/en/listings/object/beltepada-3-xonali-uy-sotiladi-312677,112.0,2,4,0,2026-08-21T23:55:40+00:00
312678,2026-08-05,Uchtepa,1,42900,https://hata.uz/en/listings/object/srochna-shayxontoxur-rovidini-torisida-1-4-4-kochani-yuzida-312678,25.0,4,4,0,2026-08-21T23:55:40+00:00
312681,2026-08-05,Uchtepa,3,78000,https://hata.uz/en/listings/object/prodam-svoiu-3kh-komnatnuiu-kvartiru-v-dzhar-arik-312681,67.0,3,4,0,2026-08-21T23:55:40+00:00
312687,2026-08-05,Uchtepa,3,61000,https://hata.uz/en/listings/object/ui-sotiladi-3-2-4-65-kv-312687,65.0,2,4,0,2026-08-21T23:55:40+00:00
312688,2026-08-05,Uchtepa,3,70000,https://hata.uz/en/listings/object/srochno-prodaetsia-svoia-3-kh-kom-nuiu-kvartiru-chilanzar-15-kvartal-26-dom-312688,67.0,5,5,0,2026-08-21T23:55:40+00:00
312689,2026-08-05,Uchtepa,2,75000,https://hata.uz/en/listings/object/prodaetsia-dvukh-komnatnaia-kvartira-312689,73.0,5,12,0,2026-08-21T23:55:40+00:00
312690,2026-08-05,Uchtepa,3,100000,https://hata.uz/en/listings/object/prodam-3-kh-komnatnuiu-kvartiru-312690,59.38,2,4,0,2026-08-21T23:55:40+00:00
312692,2026-08-05,Uchtepa,2,60000,https://hata.uz/en/listings/object/chilanzar-24-kafe-gizhduvan-2-1-4-312692,46.0,1,4,0,2026-08-21T23:55:40+00:00
312694,2026-08-05,Uchtepa,3,90000,https://hata.uz/en/listings/object/prodam-kvartiru-na-chilanzare-312694,75.0,3,4,0,2026-08-21T23:55:40+00:00
312695,2026-08-05,Uchtepa,1,51000,https://hata.uz/en/listings/object/1-xonali-kvartira-312695,33.5,3,4,0,2026-08-21T23:55:40+00:00
312696,2026-08-05,Uchtepa,3,71927,https://hata.uz/en/listings/object/srochno-prodaetsia-3-kh-komnatnaia-kvartira-v-shaikhantakhurskom-r-ne-312696,79.0,3,4,0,2026-08-21T23:55:40+00:00
312697,2026-08-05,Uchtepa,2,80000,https://hata.uz/en/listings/object/prodaetsia-kvartira-312697,67.0,5,5,0,2026-08-21T23:55:40+00:00
312703,2026-08-05,Shayhontohur,3,115000,https://hata.uz/en/listings/object/tsentr-goroda-3-3-4-svoia-na-ts-13-tikhii-i-zelenyi-dvor-zakhodi-i-zhivi-312703,70.0,3,4,0,2026-08-21T23:55:40+00:00
312709,2026-08-05,Chilonzor,1,56000,https://hata.uz/en/listings/object/chilanzar-26-1-komnatnaia-peredelanaia-v-2x-komnatnuiu-42m2-312709,42.0,3,5,0,2026-08-21T23:55:40+00:00
312710,2026-08-05,Chilonzor,5,88000,https://hata.uz/en/listings/object/srochnaia-prodazha-5-3-5-312710,109.0,3,5,0,2026-08-21T23:55:40+00:00
312712,2026-08-05,Chilonzor,4,89900,https://hata.uz/en/listings/object/prodaetsia-srochno-kvartira-312712,75.0,1,5,0,2026-08-21T23:55:40+00:00
312713,2026-08-05,Chilonzor,1,75800,https://hata.uz/en/listings/object/svoia-srochno-srochno-aibek-oibek-1-4-4-312713,45.0,4,4,0,2026-08-21T23:55:40+00:00
312715,2026-08-05,Chilonzor,1,43500,https://hata.uz/en/listings/object/chashtepa-1-kom-evroremont-312715,32.0,2,3,0,2026-08-21T23:55:40+00:00
312716,2026-08-05,Chilonzor,2,70000,https://hata.uz/en/listings/object/sotiladi-chilonzor-metro-312716,48.0,4,4,0,2026-08-21T23:55:40+00:00
312717,2026-08-05,Chilonzor,2,75000,https://hata.uz/en/listings/object/srochnaia-prodazha-uiutnoi-i-khoroshei-kvartiry-312717,52.0,2,4,0,2026-08-21T23:55:40+00:00
312721,2026-08-05,Chilonzor,4,95000,https://hata.uz/en/listings/object/3-komnatnaia-peredelannaia-v-4-komnatnuiu-3-xona-kvartira-4-xonaga-aylan-312721,66.0,4,4,0,2026-08-21T23:55:40+00:00
312724,2026-08-05,Chilonzor,2,85000,https://hata.uz/en/listings/object/prodaetsia-svoia-2-komnatnaia-kvartira-na-druzhbe-narodov-bez-remonta-312724,50.0,3,9,0,2026-08-21T23:55:40+00:00
312735,2026-08-05,Shayhontohur,3,72000,https://hata.uz/en/listings/object/novostroika-jk-malika-po-super-tsenam-312735,86.0,6,16,1,2026-08-21T23:55:40+00:00
312737,2026-08-05,Shayhontohur,2,70000,https://hata.uz/en/listings/object/prodaiu-svoiu-dvukhkomnatuiu-uiutnuiu-kvartiru-peredelannaia-v-treshku-312737,53.0,3,4,0,2026-08-21T23:55:40+00:00
312745,2026-08-05,Shayhontohur,3,160000,https://hata.uz/en/listings/object/prodaetsia-svoia-novostroika-kirpichnom-dome-312745,125.0,6,6,1,2026-08-21T23:55:40+00:00
312764,2026-08-05,Yunusobod,3,80000,https://hata.uz/en/listings/object/prodam-svoiu-kvartiru-312764,75.0,8,9,0,2026-08-21T23:55:40+00:00
312769,2026-08-05,Yunusobod,3,82000,https://hata.uz/en/listings/object/kvartira-svoia-na-iunusabade-312769,70.0,2,3,0,2026-08-21T23:55:40+00:00
312779,2026-08-04,Yakkasaroy,2,85000,https://hata.uz/en/listings/object/iakkasaroi-salamatina-dvukhkomnatnaia-312779,52.0,4,10,1,2026-08-21T23:55:40+00:00
312780,2026-08-05,Yakkasaroy,3,170000,https://hata.uz/en/listings/object/3-kh-kom-u-mvd-korzinka-prodazha-312780,70.0,3,4,0,2026-08-21T23:55:40+00:00
312782,2026-08-05,Yakkasaroy,3,91000,https://hata.uz/en/listings/object/novomoskovskaia-3-5-5-312782,65.0,5,5,0,2026-08-21T23:55:40+00:00
312783,2026-08-05,Yakkasaroy,2,217000,https://hata.uz/en/listings/object/prodaetsia-gotovyi-arendnyi-aktiv-s-dokhodnostiu-10-godovykh-312783,57.0,9,23,1,2026-08-21T23:55:40+00:00
312784,2026-08-05,Yakkasaroy,3,135000,https://hata.uz/en/listings/object/svoia-kvartira-nedaleko-ot-tsuma-prodaetsia-312784,85.0,12,12,0,2026-08-21T23:55:40+00:00
312787,2026-08-05,Yakkasaroy,3,134000,https://hata.uz/en/listings/object/prodaiu-sobstvennuiu-kvartiru-okolo-gostinitsy-rossiia-312787,65.0,5,9,0,2026-08-21T23:55:40+00:00
312788,2026-08-05,Yakkasaroy,4,145000,https://hata.uz/en/listings/object/iakkasarai-4-komnatnaia-kvartira-s-bolshoi-kvadraturoi-312788,130.0,6,16,1,2026-08-21T23:55:40+00:00
312815,2026-08-05,Yashnobod,2,75000,https://hata.uz/en/listings/object/novostroika-75-000-312815,60.0,1,8,1,2026-08-21T23:55:40+00:00
312826,2026-08-05,Yashnobod,1,37500,https://hata.uz/en/listings/object/prodaetsia-svoia-kvartira-kadeshevo-bazar-iashnabadovskii-raion-312826,30.0,6,9,0,2026-08-21T23:55:40+00:00
312840,2026-08-05,Yashnobod,3,86000,https://hata.uz/en/listings/object/prodaetsia-kvartira-srochno-312840,99.0,3,11,1,2026-08-21T23:55:40+00:00
314669,2026-08-05,Olmazor,2,75000,https://hata.uz/en/listings/object/2-komnatnaia-kvartira-60-m2-v-kuiliuke-novostroika-svezhii-remont-314669,60.0,2,9,1,2026-08-21T23:55:40+00:00
314670,2026-08-05,Olmazor,2,125000,https://hata.uz/en/listings/object/islom-sivilizatsiya-markazi-yonida-sebzorda-biznesingiz-uchun-uy-oling-314670,54.0,1,9,0,2026-08-21T23:55:40+00:00
314674,2026-08-05,Olmazor,2,74000,https://hata.uz/en/listings/object/prodaetsia-kvartira-zhk-sado-business-314674,43.11,3,9,1,2026-08-21T23:55:40+00:00
314675,2026-08-05,Olmazor,3,1200,https://hata.uz/en/listings/object/prodaetsia-kvartira-almazarskii-raion-314675,109.0,11,11,1,2026-08-21T23:55:40+00:00
314685,2026-08-05,Olmazor,2,50000,https://hata.uz/en/listings/object/uy-sotiladi-2-xona-zamona-to-yxona-314685,44.0,1,5,1,2026-08-21T23:55:40+00:00
314686,2026-08-05,Olmazor,5,105000,https://hata.uz/en/listings/object/dom-kvartira-sotiladi-314686,96.0,4,4,0,2026-08-21T23:55:40+00:00
314689,2026-08-05,Olmazor,1,50000,https://hata.uz/en/listings/object/massiv-olimpiada-ipoteka-est-314689,42.0,1,4,0,2026-08-21T23:55:40+00:00
314690,2026-08-05,Olmazor,3,97502,https://hata.uz/en/listings/object/prodaiu-svoiu-kvartiru-314690,66.0,2,4,0,2026-08-21T23:55:40+00:00
314691,2026-08-05,Olmazor,3,90000,https://hata.uz/en/listings/object/3-xonali-kvatira-314691,78.0,5,1,0,2026-08-21T23:55:40+00:00
314693,2026-08-05,Bektemir,3,59000,https://hata.uz/en/listings/object/prodaetsia-3kh-kom-kvartira-bektemir-vodnik-314693,48.0,7,10,1,2026-08-21T23:55:40+00:00
314696,2026-08-05,Bektemir,2,98502,https://hata.uz/en/listings/object/svoia-dvukhkomnatnaia-kvartira-v-zhk-china-house-314696,65.0,5,10,1,2026-08-21T23:55:40+00:00
314704,2026-08-05,Bektemir,3,63000,https://hata.uz/en/listings/object/prodoetsia-3kh-komnatnaia-kvartira-314704,65.0,3,3,1,2026-08-21T23:55:40+00:00
314706,2026-08-05,Bektemir,2,59000,https://hata.uz/en/listings/object/2kh-komnatnaia-kvartira-314706,58.0,1,4,0,2026-08-21T23:55:40+00:00
314707,2026-08-05,Bektemir,3,43000,https://hata.uz/en/listings/object/prodazha-3kh-komnatnoi-kvartiry-v-politotdele-314707,68.0,4,4,1,2026-08-21T23:55:40+00:00
314709,2026-08-05,Bektemir,3,48000,https://hata.uz/en/listings/object/mussaffo-maskan-3-xonali-uy-1-qavat-sokol-314709,75.0,1,17,1,2026-08-21T23:55:40+00:00
314710,2026-08-05,Bektemir,3,80000,https://hata.uz/en/listings/object/kvartira-3-kh-kom-gorod-tashkent-iashnabadskii-raion-314710,84.0,3,5,0,2026-08-21T23:55:40+00:00
314711,2026-08-05,Bektemir,4,90000,https://hata.uz/en/listings/object/4kh-kom-kvartira-svoia-314711,100.0,3,9,0,2026-08-21T23:55:40+00:00
314713,2026-08-05,Yashnobod,3,59000,https://hata.uz/en/listings/object/2-xona-3-xonaqa-qilingan-kadeshvaga-yaqin-remonti-yaxshi-314713,50.0,4,4,0,2026-08-21T23:55:40+00:00
314715,2026-08-05,Yashnobod,2,72000,https://hata.uz/en/listings/object/prodam-kvartiru-svoiu-314715,56.0,5,5,0,2026-08-21T23:55:40+00:00
314722,2026-08-05,Mirobod,2,128500,https://hata.uz/en/listings/object/srochno-prodaetsia-2-ukh-komnatnaia-kvartira-314722,48.0,2,9,0,2026-08-21T23:55:40+00:00
314723,2026-08-05,Mirobod,2,125000,https://hata.uz/en/listings/object/nrg-mirozulugbek-2-8-12-dizainerskii-remont-polnaia-evro-obstanovka-314723,43.0,8,12,1,2026-08-21T23:55:40+00:00
314733,2026-08-05,Mirobod,4,120000,https://hata.uz/en/listings/object/4-komn-v-tsentre-mirabada-nukus-rynok-vid-lift-314733,96.46,9,9,0,2026-08-21T23:55:40+00:00
314735,2026-08-05,Mirobod,2,85000,https://hata.uz/en/listings/object/nrg-meros-novostroika-mirabadskii-raion-314735,56.0,12,13,1,2026-08-21T23:55:40+00:00
314738,2026-08-05,Mirobod,2,110000,https://hata.uz/en/listings/object/iakkasaraiskii-r-n-orientir-8-roddom-novostroika-314738,60.0,1,8,1,2026-08-21T23:55:40+00:00
314740,2026-08-05,Mirobod,3,118000,https://hata.uz/en/listings/object/srochno-3-kh-komnatnaia-evro-v-o-zmakon-1-golden-house-314740,62.1,7,16,1,2026-08-21T23:55:40+00:00
314742,2026-08-04,Mirzo Ulugbek,3,110000,https://hata.uz/en/listings/object/kvartira-sotildi-314742,54.0,2,5,1,2026-08-21T23:55:40+00:00
314746,2026-08-05,Mirzo Ulugbek,3,87000,https://hata.uz/en/listings/object/xon-saroy-vatan-residence-3-xona-314746,68.4,4,16,1,2026-08-21T23:55:40+00:00
314747,2026-08-05,Mirzo Ulugbek,2,65000,https://hata.uz/en/listings/object/khumoiun-2-komnatnaia-61-8-kvadratnykh-metra-314747,61.0,9,9,0,2026-08-21T23:55:40+00:00
314753,2026-08-05,Mirzo Ulugbek,3,77000,https://hata.uz/en/listings/object/prodaetsia-svoia-3-kh-kom-kv-60-m2-3-7-7-sobstvennik-eko-bazar-314753,60.0,7,7,1,2026-08-21T23:55:40+00:00
314755,2026-08-05,Mirzo Ulugbek,5,92000,https://hata.uz/en/listings/object/5-8-9-srochno-prodaetsia-kvartira-bez-posrednikov-314755,118.0,8,9,0,2026-08-21T23:55:40+00:00
314761,2026-08-05,Mirzo Ulugbek,2,85000,https://hata.uz/en/listings/object/srochnaia-prodazha-2kh-komnatnaia-kvartira-314761,46.0,3,5,1,2026-08-21T23:55:40+00:00
314764,2026-08-05,Mirzo Ulugbek,2,120000,https://hata.uz/en/listings/object/prodaiu-svoiu-kvartiru-zhk-akay-city-50m2-314764,50.0,10,25,1,2026-08-21T23:55:40+00:00
314770,2026-08-05,Mirzo Ulugbek,1,51000,https://hata.uz/en/listings/object/1-1-4-kirpich-m-ialangach-remont-mebel-tekhnika-314770,25.0,1,4,0,2026-08-21T23:55:40+00:00
314776,2026-08-05,Mirzo Ulugbek,3,84000,https://hata.uz/en/listings/object/prodazha-mirzo-ulugbek-r-n-geofizika-3-1-4-314776,72.0,1,4,0,2026-08-21T23:55:40+00:00
314778,2026-08-05,Sergeli,2,54500,https://hata.uz/en/listings/object/sergeliiskii-raion-2-3-10-314778,54.0,3,10,1,2026-08-21T23:55:40+00:00
314779,2026-08-05,Sergeli,3,67000,https://hata.uz/en/listings/object/prodaiu-svoiu-kvartiru-dom-titanik-sergeli-4-bekat-srochno-314779,72.0,2,9,0,2026-08-21T23:55:40+00:00
314780,2026-08-05,Sergeli,3,41000,https://hata.uz/en/listings/object/3xonali-kvartira-sotiladi-sergiliy-sputnik-3-3-1-2-314780,51.0,1,2,0,2026-08-21T23:55:40+00:00
314786,2026-08-05,Sergeli,3,115000,https://hata.uz/en/listings/object/uy-sotilad-3-xonali-sergili-yangi-hayot-elite-dom-314786,94.0,3,9,1,2026-08-21T23:55:40+00:00
314789,2026-08-05,Sergeli,2,58000,https://hata.uz/en/listings/object/dom-sotiladi-2-xona-314789,58.94,4,16,1,2026-08-21T23:55:40+00:00
314791,2026-08-05,Sergeli,1,44500,https://hata.uz/en/listings/object/1-xonali-opshe-kv-55-314791,43.0,4,9,0,2026-08-21T23:55:40+00:00
314792,2026-08-05,Sergeli,3,76000,https://hata.uz/en/listings/object/3kh-komnatnaia-kvartira-srochno-314792,88.0,2,2,0,2026-08-21T23:55:40+00:00
314803,2026-08-05,Uchtepa,2,102000,https://hata.uz/en/listings/object/yunusabad-residence-2-9-9-aqsh-elchihonasi-tarafka-qaragan-314803,54.56,9,9,1,2026-08-21T23:55:40+00:00
314804,2026-08-05,Uchtepa,3,55990,https://hata.uz/en/listings/object/prodaetsia-kvartira-1-2-3-6-16-ipoteka-314804,43.0,6,16,0,2026-08-21T23:55:40+00:00
314805,2026-08-05,Uchtepa,1,56000,https://hata.uz/en/listings/object/prodaetsia-svoia-1-komnatnaia-kirpichnaia-kvartira-chilanzar-15-kvartal-314805,42.0,2,5,0,2026-08-21T23:55:40+00:00
314806,2026-08-05,Uchtepa,2,57000,https://hata.uz/en/listings/object/uchtepa-aveniu-2-6-9-novostroika-s-kadastrom-prodaetsia-kvartira-314806,50.4,6,9,1,2026-08-21T23:55:40+00:00
314808,2026-08-05,Uchtepa,1,53998,https://hata.uz/en/listings/object/prodaetsia-1-komn-kvartira-zhk-soy-boyi-314808,34.3,14,14,1,2026-08-21T23:55:40+00:00
314812,2026-08-05,Uchtepa,4,75000,https://hata.uz/en/listings/object/prodaetsia-kvartira-chilanzar-22-uchtepinskii-r-n-314812,81.0,4,4,0,2026-08-21T23:55:40+00:00
314815,2026-08-05,Uchtepa,3,67000,https://hata.uz/en/listings/object/prodaetsia-3-kh-komnatnaia-kvartira-uchtepa-24-314815,57.0,4,4,0,2026-08-21T23:55:40+00:00
314816,2026-08-05,Uchtepa,4,27700,https://hata.uz/en/listings/object/4-xonali-kvartira-sotiladi-86-kvadrat-314816,86.0,1,16,1,2026-08-21T23:55:40+00:00
314817,2026-08-05,Uchtepa,3,65000,https://hata.uz/en/listings/object/11kvartal-krug-al-khorezmi-2-komnatnaia-peredelana-v-3-zakhodi-zhivi-314817,49.5,3,5,0,2026-08-21T23:55:40+00:00
314818,2026-08-05,Uchtepa,4,80000,https://hata.uz/en/listings/object/srochno-prodaetsia-4kh-komn-kvartira-v-kibrae-tash-obl-orientir-khokimiiat-314818,84.0,4,4,0,2026-08-21T23:55:40+00:00
314819,2026-08-05,Uchtepa,4,100000,https://hata.uz/en/listings/object/4-xonali-4-qavatda-joylashgan-yevroremont-uy-mebel-texnikasi-bilan-314819,99.0,4,9,0,2026-08-21T23:55:40+00:00
314820,2026-08-05,Uchtepa,4,78000,https://hata.uz/en/listings/object/4-xonali-uy-5-5-sotiladi-srochna-314820,86.0,5,5,0,2026-08-21T23:55:40+00:00
314825,2026-08-05,Uchtepa,3,78000,https://hata.uz/en/listings/object/uy-sotiladi-3-4-5-15-kvartil-314825,70.0,5,4,0,2026-08-21T23:55:40+00:00
314832,2026-08-05,Shayhontohur,1,61000,https://hata.uz/en/listings/object/kvartira-1-4-5-2-khonaga-uzgartirilgan-314832,34.26,4,5,0,2026-08-21T23:55:40+00:00
314833,2026-08-05,Shayhontohur,3,129000,https://hata.uz/en/listings/object/prodaetsia-kvartira-3-4-4-80-kv-m-murad-buildings-ko-kcha-sobstvennik-314833,80.0,4,4,0,2026-08-21T23:55:40+00:00
314845,2026-08-05,Chilonzor,3,110000,https://hata.uz/en/listings/object/chilonzor-20-kvartil-3-xona-6-etaj-sotiladi-314845,71.0,6,7,1,2026-08-21T23:55:40+00:00
314848,2026-08-05,Chilonzor,2,69914,https://hata.uz/en/listings/object/prodaetsia-2-komnatnaia-kvartira-v-chilanzare-3-kvartale-314848,51.0,3,4,0,2026-08-21T23:55:40+00:00
314850,2026-08-05,Chilonzor,2,70000,https://hata.uz/en/listings/object/chilonzor-20-kvartal-2-1-4-1-etazh-314850,52.0,1,4,0,2026-08-21T23:55:40+00:00
314854,2026-08-05,Chilonzor,2,51000,https://hata.uz/en/listings/object/chilonzor-5-metro-novzaga-100-m-314854,30.0,3,5,0,2026-08-21T23:55:40+00:00
314857,2026-08-05,Chilonzor,3,71664,https://hata.uz/en/listings/object/prodaetsia-3kh-komnatnaia-kvartira-314857,59.0,5,5,0,2026-08-21T23:55:40+00:00
314858,2026-08-05,Chilonzor,2,117000,https://hata.uz/en/listings/object/prodaetsia-kvartira-na-chilanzare-314858,62.0,5,9,1,2026-08-21T23:55:40+00:00
314866,2026-08-05,Chilonzor,2,75000,https://hata.uz/en/listings/object/prodam-kvartira-svoia-chilanzar-6-2-1-4-314866,52.0,1,4,0,2026-08-21T23:55:40+00:00
314867,2026-08-05,Shayhontohur,4,99996,https://hata.uz/en/listings/object/prodaetsia-4-kh-komnatnaia-kvartira-100-metrov-ot-metro-tinchlik-314867,84.0,3,4,0,2026-08-21T23:55:40+00:00
314870,2026-08-05,Shayhontohur,4,110000,https://hata.uz/en/listings/object/sebzorda-4-xonali-dom-barter-qilaman-314870,83.0,5,5,0,2026-08-21T23:55:40+00:00
314873,2026-08-05,Shayhontohur,2,92000,https://hata.uz/en/listings/object/srochno-prodaetsia-kvartira-v-druzhbe-narodov-v-tsentre-goroda-314873,65.0,9,9,0,2026-08-21T23:55:40+00:00
314875,2026-08-05,Shayhontohur,3,113000,https://hata.uz/en/listings/object/prodaetsia-svoia-kvartira-zhk-nurafshan-aveniu-3-4-12-oktepa-krug-314875,67.0,4,12,1,2026-08-21T23:55:40+00:00
314897,2026-08-05,Shayhontohur,1,50000,https://hata.uz/en/listings/object/prodaetsia-odnokomnaia-kvartira-na-metro-novza-khamza-314897,29.0,4,4,0,2026-08-21T23:55:40+00:00
314906,2026-08-05,Yunusobod,3,85000,https://hata.uz/en/listings/object/srochno-iunusabad-8-3kh-kom-srochno-314906,77.0,4,5,0,2026-08-21T23:55:40+00:00
314908,2026-08-05,Yunusobod,4,140000,https://hata.uz/en/listings/object/prodaetsia-kvartira-na-badamzare-314908,100.0,3,9,0,2026-08-21T23:55:40+00:00
314918,2026-08-05,Yunusobod,1,74000,https://hata.uz/en/listings/object/prodaetsia-1-komnatnaia-kvartira-v-nrg-bi-zhk-yangi-baxt-314918,40.0,1,9,1,2026-08-21T23:55:40+00:00
314926,2026-08-05,Yunusobod,4,120000,https://hata.uz/en/listings/object/prodam-4-kom-kvartiru-v-tsentre-s-khoroshim-remontom-314926,85.0,3,4,0,2026-08-21T23:55:40+00:00
314928,2026-08-05,Yunusobod,2,106000,https://hata.uz/en/listings/object/sobstvennik-prodaetsia-novostroika-v-zhk-imperial-club-city-314928,49.0,2,14,1,2026-08-21T23:55:40+00:00
314934,2026-08-05,Yunusobod,2,70000,https://hata.uz/en/listings/object/svoia-kvartira-bez-maklera-314934,60.0,3,5,0,2026-08-21T23:55:40+00:00
314935,2026-08-05,Yakkasaroy,2,119000,https://hata.uz/en/listings/object/srochno-2-9-12-novostroika-zhk-nukus-avenue-ul-nukus-iakkasarai-314935,65.54,9,12,1,2026-08-21T23:55:40+00:00
314941,2026-08-05,Yakkasaroy,1,59500,https://hata.uz/en/listings/object/srochno-prodam-svoiu-kvartiru-314941,43.53,9,13,0,2026-08-21T23:55:40+00:00
314963,2026-08-05,Yakkasaroy,1,31500,https://hata.uz/en/listings/object/green-house-1-khona-7-etazh-37-5kv-314963,37.5,7,9,1,2026-08-21T23:55:40+00:00
314975,2026-08-05,Yashnobod,1,55000,https://hata.uz/en/listings/object/zhk-assalom-sokhil-9-1-9-314975,38.0,9,9,1,2026-08-21T23:55:40+00:00
314995,2026-08-05,Yashnobod,2,65000,https://hata.uz/en/listings/object/prodaetsia-kvartira-314995,50.0,2,4,0,2026-08-21T23:55:40+00:00
314996,2026-08-05,Yashnobod,2,56000,https://hata.uz/en/listings/object/uy-sotiladi-yangi-obod-qoyliq-gumbaz-bozorlari-yaqin-314996,49.0,2,4,0,2026-08-21T23:55:40+00:00
314998,2026-08-05,Yashnobod,3,87000,https://hata.uz/en/listings/object/aviasozlar-4-3-6-10-63m2-kirpich-novostroika-2024-314998,62.5,6,10,1,2026-08-21T23:55:40+00:00
7227484,2026-08-05,Olmazor,3,140000,https://hata.uz/en/listings/object/prodaetsia-3-kom-kvartira-mebeliu-i-tekhnikoi-tashkent-karasarai-7227484,89.5,5,11,1,2026-08-21T23:55:40+00:00
7227485,2026-08-05,Olmazor,3,68000,https://hata.uz/en/listings/object/keles-kirov-masjid-taraf-dom-sotiladi-3-etaj-65-kv-18kv-terassa-7227485,65.0,3,9,1,2026-08-21T23:55:40+00:00
7227487,2026-08-05,Olmazor,2,65000,https://hata.uz/en/listings/object/kvartira-55-5-kv-m-7227487,55.0,17,20,1,2026-08-21T23:55:40+00:00
7227488,2026-08-05,Olmazor,1,74000,https://hata.uz/en/listings/object/prostornaia-dvukhkomnatnaia-kvartira-7227488,64.0,1,9,0,2026-08-21T23:55:40+00:00
7227490,2026-08-05,Olmazor,2,90000,https://hata.uz/en/listings/object/2-12-12-nrg-jomiy-s-avtorskim-remontom-i-kadastrom-7227490,54.5,12,12,1,2026-08-21T23:55:40+00:00
7227491,2026-08-05,Olmazor,2,76000,https://hata.uz/en/listings/object/kora-kamish-2-4-novostroika-ui-sotiladi-7227491,58.0,3,5,1,2026-08-21T23:55:40+00:00
7227494,2026-08-05,Olmazor,1,53000,https://hata.uz/en/listings/object/uy-sotiladi-1-xona-2-xona-qilingan-3-etaj-4-etajlik-dom-7227494,38.0,3,4,0,2026-08-21T23:55:40+00:00
7227496,2026-08-05,Olmazor,5,95120,https://hata.uz/en/listings/object/5-khonali-kvartira-7227496,96.0,4,4,0,2026-08-21T23:55:40+00:00
7227499,2026-08-05,Olmazor,3,76000,https://hata.uz/en/listings/object/kara-kamich-kv-3-4-4-7227499,70.0,4,4,0,2026-08-21T23:55:40+00:00
7227501,2026-08-05,Olmazor,2,50000,https://hata.uz/en/listings/object/prodaetsia-kvartira-v-bektemirskom-raione-zhk-musaffo-maskan-7227501,54.0,15,17,1,2026-08-21T23:55:40+00:00
7227507,2026-08-05,Olmazor,7,130000,https://hata.uz/en/listings/object/prodaetsia-kvartira-7227507,86.0,1,5,0,2026-08-21T23:55:40+00:00
7227508,2026-08-05,Olmazor,2,43000,https://hata.uz/en/listings/object/2-khonali-kvartira-sotiladi-olmazor-tumanida-7227508,34.0,1,4,0,2026-08-21T23:55:40+00:00
7227511,2026-08-05,Olmazor,3,85000,https://hata.uz/en/listings/object/prodaetsia-3kh-kom-kvartira-7227511,73.0,8,9,0,2026-08-21T23:55:40+00:00
7227512,2026-08-05,Olmazor,2,65000,https://hata.uz/en/listings/object/kvartira-srochno-sotiladi-7227512,57.0,4,5,0,2026-08-21T23:55:40+00:00
7227513,2026-08-05,Olmazor,3,82000,https://hata.uz/en/listings/object/prodaetsia-kvartira-7227513,74.0,5,5,0,2026-08-21T23:55:40+00:00
7227515,2026-08-04,Olmazor,1,45500,https://hata.uz/en/listings/object/prodaetsia-odnakomnatnaia-kvartira-v-zhk-eco-house-7227515,31.0,4,6,1,2026-08-21T23:55:40+00:00
7227516,2026-08-05,Bektemir,1,42238,https://hata.uz/en/listings/object/prodaetsia-odnokomnatnaia-kvartira-peredelannaia-v-dvukhkomnatnuiuv-7227516,36.0,2,2,0,2026-08-21T23:55:40+00:00
7227518,2026-08-05,Bektemir,2,100000,https://hata.uz/en/listings/object/prodaetsia-kvartira-7227518,67.55,14,16,1,2026-08-21T23:55:40+00:00
7227519,2026-08-05,Bektemir,1,24000,https://hata.uz/en/listings/object/kuilik-iangi-bozor-21-4-kv-m-studiia-6-kavat-2025-iil-bitadi-7227519,21.4,6,10,1,2026-08-21T23:55:40+00:00
7227521,2026-08-05,Bektemir,4,130000,https://hata.uz/en/listings/object/iangi-kurilgan-uidan-khonadon-7227521,117.0,4,10,1,2026-08-21T23:55:40+00:00
7227526,2026-08-05,Bektemir,2,55000,https://hata.uz/en/listings/object/bez-makler-kvartira-sotiladi-7227526,60.6,7,10,1,2026-08-21T23:55:40+00:00
7227529,2026-08-05,Bektemir,4,65000,https://hata.uz/en/listings/object/prodaiu-kirpichnyi-dom-na-16-sotok-7227529,899.0,1,1,0,2026-08-21T23:55:40+00:00
7227530,2026-08-05,Bektemir,2,42000,https://hata.uz/en/listings/object/prodaetsia-kvartira-na-vodnik-massiv-7227530,42.0,1,1,0,2026-08-21T23:55:40+00:00
7227533,2026-08-05,Bektemir,3,50000,https://hata.uz/en/listings/object/prodaetsia-srochno-3-2-2-kvartira-7227533,63.0,2,2,0,2026-08-21T23:55:40+00:00
7227534,2026-08-05,Yashnobod,2,63000,https://hata.uz/en/listings/object/guzal-makhalla-dom-artel-7227534,57.0,3,3,1,2026-08-21T23:55:40+00:00
7227540,2026-08-05,Yashnobod,2,87998,https://hata.uz/en/listings/object/novostroika-60m2-golden-hoise-2-7-16-oz-zamin-uzbum-tsentr-7227540,60.0,7,16,1,2026-08-21T23:55:40+00:00
7227542,2026-08-05,Mirobod,2,65000,https://hata.uz/en/listings/object/kvartira-s-kadastrom-v-tsentre-51-m-7227542,51.0,11,16,1,2026-08-21T23:55:40+00:00
7227553,2026-08-05,Mirobod,1,60000,https://hata.uz/en/listings/object/dvukh-urovnevaia-kvartira-kottedzh-7227553,43.4,1,2,1,2026-08-21T23:55:40+00:00
7227557,2026-08-05,Mirobod,3,67000,https://hata.uz/en/listings/object/prodaetsia-3-kh-komnatnaia-kvartira-v-novostroike-na-kuiliuk-ota-kompas-7227557,60.0,3,5,1,2026-08-21T23:55:40+00:00
7227559,2026-08-05,Mirobod,1,7000,https://hata.uz/en/listings/object/prodam-garazh-v-prestizhnom-raione-riadom-s-infinity-luxury-residence-7227559,20.0,1,1,0,2026-08-21T23:55:40+00:00
7227561,2026-08-05,Mirobod,3,68000,https://hata.uz/en/listings/object/prodaetsia-kvartira-7227561,65.0,4,4,0,2026-08-21T23:55:40+00:00
7227571,2026-08-05,Mirzo Ulugbek,3,78000,https://hata.uz/en/listings/object/svoia-korobka-svobodnaia-planirovka-parkovka-v-zhk-brooklyn-7227571,76.17,11,18,1,2026-08-21T23:55:40+00:00
7227574,2026-08-05,Mirzo Ulugbek,3,102000,https://hata.uz/en/listings/object/srochno-prodaetsia-svoia-kvartira-zhk-vek-m-ulugbeksikii-ri-parkentskaia-7227574,71.58,4,8,1,2026-08-21T23:55:40+00:00
7227589,2026-08-05,Mirzo Ulugbek,2,135000,https://hata.uz/en/listings/object/nrg-mirzo-ulugbek-boz-bozor-7227589,64.0,2,9,1,2026-08-21T23:55:40+00:00
7227680,2026-08-05,Sergeli,2,57200,https://hata.uz/en/listings/object/prodaetsia-2-kh-komnatnaia-kvartira-novostroika-sergeli-6a-7227680,48.0,4,7,1,2026-08-21T23:55:40+00:00
7227690,2026-08-05,Sergeli,3,75040,https://hata.uz/en/listings/object/3-xonali-uy-yangi-hayotda-yevro-remontli-7227690,74.0,3,16,1,2026-08-21T23:55:40+00:00
7227697,2026-08-05,Sergeli,5,125000,https://hata.uz/en/listings/object/sirgali-5da-5-khonali-3chi-kavat-ui-sotiladi-7227697,120.0,3,9,0,2026-08-21T23:55:40+00:00
7227699,2026-08-05,Sergeli,2,66000,https://hata.uz/en/listings/object/chine-house-2-xonali-ozimni-uyim-sotiladi-o-7227699,2.0,9,10,1,2026-08-21T23:55:40+00:00
7227706,2026-08-05,Sergeli,2,47769,https://hata.uz/en/listings/object/navoii-shakhar-i-karimov-kuchasi-150ui-3etazhda-2khonalik-khonadon-sotilad-7227706,56.0,3,9,0,2026-08-21T23:55:40+00:00
7227711,2026-08-05,Sergeli,3,91000,https://hata.uz/en/listings/object/sergeli-7-metro-3-bekat-3-4-6-9-2-balkona-6-2-i-3-2-liftovaia-7227711,90.0,6,9,0,2026-08-21T23:55:40+00:00
7227719,2026-08-05,Sergeli,4,70000,https://hata.uz/en/listings/object/kvartira-na-prodazhu-7227719,91.0,4,4,0,2026-08-21T23:55:40+00:00
7227720,2026-08-05,Sergeli,2,49550,https://hata.uz/en/listings/object/prodaetsia-kvartira-7227720,41.0,5,7,1,2026-08-21T23:55:40+00:00
7227722,2026-08-05,Sergeli,3,75000,https://hata.uz/en/listings/object/srochno-3-khona-ui-iangikhaet-tuman-nurhayat-residence-7227722,78.7,6,9,1,2026-08-21T23:55:40+00:00
7227725,2026-08-05,Sergeli,2,72000,https://hata.uz/en/listings/object/navastroika-choshtepa-2-kom-3-etazh-evro-remont-7227725,60.0,3,9,1,2026-08-21T23:55:40+00:00
7227737,2026-08-05,Uchtepa,2,61000,https://hata.uz/en/listings/object/uy-sotiladi-toshkent-shaxar-7227737,46.0,4,4,0,2026-08-21T23:55:40+00:00
7227751,2026-08-05,Uchtepa,2,60500,https://hata.uz/en/listings/object/o-rikzor-residence-da-2-xonali-tayyor-tamirlangan-xonodon-7227751,55.5,10,16,1,2026-08-21T23:55:40+00:00
7227757,2026-08-05,Uchtepa,2,58183,https://hata.uz/en/listings/object/chilanzar-23-2-5-5-balkon-2kh6-7227757,63.0,5,5,0,2026-08-21T23:55:40+00:00
7227758,2026-08-05,Uchtepa,4,98000,https://hata.uz/en/listings/object/chilanzar-12-kv-4-2-4-7227758,76.0,2,4,0,2026-08-21T23:55:40+00:00
7227760,2026-08-05,Uchtepa,5,120000,https://hata.uz/en/listings/object/chilonzor-25kv-5khonali-kv-sotoiladi-maidoni-7227760,108.0,3,4,0,2026-08-21T23:55:40+00:00
7227765,2026-08-05,Uchtepa,2,50000,https://hata.uz/en/listings/object/kvartira-sotiladi-7227765,42.0,5,5,0,2026-08-21T23:55:40+00:00
7227767,2026-08-05,Uchtepa,3,92000,https://hata.uz/en/listings/object/uchtepa-tuman-takachida-3-khonali-dom-sotiladi-7227767,71.33,3,4,0,2026-08-21T23:55:40+00:00
7227768,2026-08-05,Uchtepa,3,62000,https://hata.uz/en/listings/object/prodaetsia-novostroika-4-kvartiry-korobka-3-4-etazhi-76m2-7227768,76.0,3,10,1,2026-08-21T23:55:40+00:00
7227769,2026-08-05,Shayhontohur,2,68000,https://hata.uz/en/listings/object/kvartira-svoia-2kh-komnatnaia-7227769,58.0,9,9,0,2026-08-21T23:55:40+00:00
7227792,2026-08-05,Chilonzor,8,76000,https://hata.uz/en/listings/object/cchilonzor-rayon-2-charh-komolon-mahallada-hovli-sotiladi-6-83-sotik-7227792,550.0,1,2,0,2026-08-21T23:55:40+00:00
7227793,2026-08-05,Chilonzor,3,69000,https://hata.uz/en/listings/object/svoia-3-xonali-chilonzor-24-kv-uyimni-sotaman-7227793,72.0,9,9,0,2026-08-21T23:55:40+00:00
7227802,2026-08-05,Chilonzor,2,68500,https://hata.uz/en/listings/object/chilonzor-11-novostroika-2-7-9-65m2-uchtepa-avenu-zhk-chilonzor-metro-7227802,65.0,7,9,1,2026-08-21T23:55:40+00:00
7227813,2026-08-05,Chilonzor,2,80000,https://hata.uz/en/listings/object/chilanzar-20a-svoia-2-7-9-kvartira-2-kh-komnatnaia-srochna-sotiladi-uy-7227813,58.2,7,9,0,2026-08-21T23:55:40+00:00
7227834,2026-08-05,Shayhontohur,3,75000,https://hata.uz/en/listings/object/srochna-dom-sotiladi-guncha-3xona-7227834,70.0,4,4,0,2026-08-21T23:55:40+00:00
7227835,2026-08-05,Shayhontohur,3,123000,https://hata.uz/en/listings/object/svoia-srochno-novastroika-prodaetsia-sebzar-labzak-zhk-kokh-ota-2-2-9-7227835,70.0,2,9,1,2026-08-21T23:55:40+00:00
7227836,2026-08-05,Shayhontohur,3,121000,https://hata.uz/en/listings/object/ganga-3kh-komnatnaia-kvartira-3-3-4-7227836,72.0,3,4,0,2026-08-21T23:55:40+00:00
7227837,2026-08-05,Shayhontohur,2,63700,https://hata.uz/en/listings/object/prodazha-2kom-zhk-abu-sheikh-or-r-gulzor-plaza-sto-17-7227837,104.0,9,9,1,2026-08-21T23:55:40+00:00
7227849,2026-08-05,Shayhontohur,3,70000,https://hata.uz/en/listings/object/srochno-prodaetsia-3kh-komnatnaia-kvartira-7227849,67.0,4,5,0,2026-08-21T23:55:40+00:00
7227861,2026-08-05,Shayhontohur,2,75000,https://hata.uz/en/listings/object/chilonzor-7-kv-2-3-4-7227861,48.0,3,4,0,2026-08-21T23:55:40+00:00
7227862,2026-08-05,Yunusobod,1,55000,https://hata.uz/en/listings/object/kvartira-1-khonali-gidromettsentr-chorrakhasida-metro-minor-iakinida-7227862,44.0,3,4,0,2026-08-21T23:55:40+00:00
7227865,2026-08-05,Yunusobod,5,109000,https://hata.uz/en/listings/object/svoia-5-komnatnaia-kvartira-s-gotovym-remontom-7227865,110.0,9,9,0,2026-08-21T23:55:40+00:00
7227874,2026-08-05,Yunusobod,5,114000,https://hata.uz/en/listings/object/uy-sotiladi-5-xonali-yunus-obod-9-kvartal-7227874,127.0,8,9,0,2026-08-21T23:55:40+00:00
7227876,2026-08-05,Yunusobod,4,160000,https://hata.uz/en/listings/object/prodam-kvartiru-na-ts-5-7227876,81.2,9,9,0,2026-08-21T23:55:40+00:00
7227881,2026-08-05,Yunusobod,2,900,https://hata.uz/en/listings/object/kashtan-navastroika-7227881,67.2,7,7,1,2026-08-21T23:55:40+00:00
7227885,2026-08-05,Yunusobod,1,60000,https://hata.uz/en/listings/object/prodaetsia-odnokomnatnaia-kvartira-zhk-mening-uyim-7227885,45.0,4,9,1,2026-08-21T23:55:40+00:00
7227886,2026-08-05,Yunusobod,2,42500,https://hata.uz/en/listings/object/tashkent-viloiati-chalakozo-makhalla-avlie-ota-novostroiki-7227886,42.0,6,6,1,2026-08-21T23:55:40+00:00
7227895,2026-08-05,Yakkasaroy,3,117000,https://hata.uz/en/listings/object/prodaetsia-3kh-kom-kvartira-bez-makler-7227895,66.2,4,9,1,2026-08-21T23:55:40+00:00
7227899,2026-08-05,Yakkasaroy,2,85000,https://hata.uz/en/listings/object/prodaetsia-kvartira-7227899,44.0,2,4,0,2026-08-21T23:55:40+00:00
7227909,2026-08-04,Yakkasaroy,2,159000,https://hata.uz/en/listings/object/piramit-tower-7227909,66.0,37,42,1,2026-08-21T23:55:40+00:00
7227915,2026-08-05,Yakkasaroy,3,120000,https://hata.uz/en/listings/object/svoia-kvartra-3-5-9-ts6-pozharka-7227915,75.0,5,9,0,2026-08-21T23:55:40+00:00
7227932,2026-08-05,Yashnobod,3,82000,https://hata.uz/en/listings/object/prodaetsia-3-komnatnaia-kvartira-v-iashnabadskom-raione-massiv-tuzel-1-7227932,73.0,4,4,0,2026-08-21T23:55:40+00:00
7227933,2026-08-05,Yashnobod,1,23900,https://hata.uz/en/listings/object/srochno-deshevo-1-kom-kvartira-dlia-vas-na-aviasozlar-1-obshchezhitie-7227933,18.0,1,4,0,2026-08-21T23:55:40+00:00
7227939,2026-08-05,Yashnobod,1,54500,https://hata.uz/en/listings/object/svoia-assalom-sokhil-prodaetsia-29-m2-1-komnatnaia-3-etazh-s-remontom-7227939,29.0,3,16,1,2026-08-21T23:55:40+00:00
7227943,2026-08-05,Yashnobod,2,150000,https://hata.uz/en/listings/object/2-khonali-khamma-sharoitlari-mebel-bilan-7227943,52.21,4,4,0,2026-08-21T23:55:40+00:00
7227948,2026-08-05,Yashnobod,3,75000,https://hata.uz/en/listings/object/3-9-9-srochno-torg-7227948,110.0,9,9,1,2026-08-21T23:55:40+00:00
7227954,2026-08-05,Yashnobod,2,51000,https://hata.uz/en/listings/object/parkenskii-2pered-3kh-kom-49kv-galereika-7227954,49.0,3,4,0,2026-08-21T23:55:40+00:00
7228655,2026-08-05,Olmazor,3,89900,https://hata.uz/en/listings/object/prodaetsia-svoia-3-komn-kvartira-pod-kliuch-naprotiv-almazar-city-7228655,86.0,9,9,0,2026-08-21T23:55:40+00:00
7228659,2026-08-05,Olmazor,4,121210,https://hata.uz/en/listings/object/korasaroida-4-khonali-ui-egalari-tomonidan-sotilmokda-7228659,101.0,2,9,0,2026-08-21T23:55:40+00:00
7228661,2026-08-05,Olmazor,4,81999,https://hata.uz/en/listings/object/kvartira-sotiladi-kora-kamish-1-3-4-khona-7228661,70.0,1,4,0,2026-08-21T23:55:40+00:00
7228663,2026-08-05,Olmazor,2,57900,https://hata.uz/en/listings/object/zamona-qizgaldoq-1x2-2-4-54kv-7228663,54.0,2,4,1,2026-08-21T23:55:40+00:00
7228673,2026-08-05,Olmazor,3,75000,https://hata.uz/en/listings/object/ozimizani-uy-srochna-sotvomiz-7228673,68.0,4,4,0,2026-08-21T23:55:40+00:00
7228675,2026-08-05,Olmazor,3,72500,https://hata.uz/en/listings/object/3-xona-kvartira-3-etaj-7228675,71.0,3,4,0,2026-08-21T23:55:40+00:00
7228678,2026-08-05,Olmazor,1,46000,https://hata.uz/en/listings/object/khon-saroida-kvartira-1-khona-sotaman-7228678,48.0,15,16,1,2026-08-21T23:55:40+00:00
7228695,2026-08-05,Olmazor,3,82000,https://hata.uz/en/listings/object/prodaetsia-kvartira-7228695,70.0,3,5,0,2026-08-21T23:55:40+00:00
7228698,2026-08-05,Olmazor,3,78500,https://hata.uz/en/listings/object/qora-qamish-2-4-3-1-4-7228698,70.0,1,4,0,2026-08-21T23:55:40+00:00
7228699,2026-08-05,Olmazor,2,78000,https://hata.uz/en/listings/object/2-khonali-kvartira-sotiladi-7228699,56.0,2,4,0,2026-08-21T23:55:40+00:00
7228700,2026-08-05,Bektemir,1,27000,https://hata.uz/en/listings/object/uzimniki-qoyliq-katta-bozori-30-kv-7228700,30.0,6,11,1,2026-08-21T23:55:40+00:00
7228701,2026-08-05,Bektemir,2,55000,https://hata.uz/en/listings/object/prodaetsia-svoia-kvartira-2-11-17-v-novostroike-7228701,60.8,11,17,1,2026-08-21T23:55:40+00:00
7228703,2026-08-05,Bektemir,3,60000,https://hata.uz/en/listings/object/srochno-prodaetsia-kvartira-ne-dorogo-7228703,60.0,1,2,0,2026-08-21T23:55:40+00:00
7228709,2026-08-05,Bektemir,2,55000,https://hata.uz/en/listings/object/prodaetsia-kvartira-tsena-dogovornaia-7228709,57.24,7,9,0,2026-08-21T23:55:40+00:00
7228710,2026-08-05,Bektemir,2,16800,https://hata.uz/en/listings/object/dom-srochna-sotiladi-arzon-7228710,20.0,2,2,0,2026-08-21T23:55:40+00:00
7228711,2026-08-05,Bektemir,3,55000,https://hata.uz/en/listings/object/srochno-prodam-3kh-komnatnuiu-kirpichnuiu-kvartiru-7228711,65.0,2,2,0,2026-08-21T23:55:40+00:00
7228712,2026-08-05,Bektemir,2,45000,https://hata.uz/en/listings/object/srochno-prodaetsia-kvartira-v-bektemiri-7228712,56.29,2,2,0,2026-08-21T23:55:40+00:00
7228713,2026-08-05,Bektemir,3,48000,https://hata.uz/en/listings/object/ui-sotiladi-tuitepa-toshket-viloiati-7228713,65.0,3,5,1,2026-08-21T23:55:40+00:00
7228723,2026-08-05,Yashnobod,2,53000,https://hata.uz/en/listings/object/prodaetsia-2-komn-v-zhk-silver-ul-m-ashrafi-i-karasu-iashnabadskii-r-n-7228723,47.0,7,9,1,2026-08-21T23:55:40+00:00
7228733,2026-08-05,Mirobod,2,120000,https://hata.uz/en/listings/object/svoia-ulitsa-nukus-2-9-10-zhk-mirabad-siti-7228733,37.0,9,10,1,2026-08-21T23:55:40+00:00
7228735,2026-08-05,Mirobod,2,110000,https://hata.uz/en/listings/object/prodaetsia-svoia-2-kh-komnaia-kvartira-54-kv-m-koreiskoe-posolstvo-tsum-7228735,54.0,9,10,0,2026-08-21T23:55:40+00:00
7228741,2026-08-05,Mirobod,4,139954,https://hata.uz/en/listings/object/prodaetsia-4-kh-komnatnaia-kvartira-7228741,75.0,4,5,0,2026-08-21T23:55:40+00:00
7228751,2026-08-21,Yashnobod,3,139900,https://hata.uz/en/listings/object/prodaetsia-kvartira-zhk-golden-house-oz-zamin-uz-bum-fergana-iuli-7228751,60.0,9,16,1,2026-08-21T23:55:40+00:00
7228755,2026-08-05,Mirobod,1,55000,https://hata.uz/en/listings/object/prodaetsia-novostroika-v-iashnabade-dubovyi-metro-dustlik-1-kom-45m2-7228755,45.0,6,9,1,2026-08-21T23:55:40+00:00
7228765,2026-08-05,Mirobod,2,11859867,https://hata.uz/en/listings/object/prodaetsia-kv-v-tsentre-bez-posrednikov-7228765,75.0,4,4,0,2026-08-21T23:55:40+00:00
7228775,2026-08-05,Mirobod,2,76000,https://hata.uz/en/listings/object/zhk-ozmakon-prodaetsia-kvartira-2-4-14-7228775,34.0,4,14,1,2026-08-21T23:55:40+00:00
7228777,2026-08-05,Mirzo Ulugbek,2,68000,https://hata.uz/en/listings/object/2-khona-sotiladi-novostroika-7228777,52.0,2,3,1,2026-08-21T23:55:40+00:00
7228816,2026-08-05,Sergeli,3,89900,https://hata.uz/en/listings/object/prodaetsia-kvartira-na-iangi-choshtepa-3-4-7-7228816,71.6,4,7,0,2026-08-21T23:55:40+00:00
7228817,2026-08-05,Sergeli,7,220000,https://hata.uz/en/listings/object/prodaiu-kvartiru-svoia-7228817,150.0,8,9,0,2026-08-21T23:55:40+00:00
7228820,2026-08-05,Sergeli,3,64000,https://hata.uz/en/listings/object/vositalarsiz-bevosita-egasidan-kvartira-sotiladi-7228820,72.0,5,7,1,2026-08-21T23:55:40+00:00
7228822,2026-08-05,Sergeli,2,61200,https://hata.uz/en/listings/object/iangi-dapxon-sergeli-novostroika-svoia-bez-maklir-2-7-16-ipoteka-est-7228822,63.0,7,16,1,2026-08-21T23:55:40+00:00
7228824,2026-08-05,Sergeli,2,58500,https://hata.uz/en/listings/object/kvartira-sotiladi-2-xonali-yangi-hayot-tumani-yangi-darxon-2-7228824,60.0,11,16,1,2026-08-21T23:55:40+00:00
7228825,2026-08-05,Sergeli,3,75000,https://hata.uz/en/listings/object/prodoetsia-kvartira-v-sergelinskom-raene-khanabad-7228825,70.0,4,16,0,2026-08-21T23:55:40+00:00
7228826,2026-08-05,Sergeli,1,30500,https://hata.uz/en/listings/object/kvartira-sotaman-7228826,25.0,1,2,0,2026-08-21T23:55:40+00:00
7228827,2026-08-05,Sergeli,4,90000,https://hata.uz/en/listings/object/sergeli-5a-4-8-9-metro-uzgarish-7228827,99.99,10,9,0,2026-08-21T23:55:40+00:00
7228829,2026-08-05,Sergeli,3,61000,https://hata.uz/en/listings/object/sergeli-5a-da-3-xonali-uy-7228829,54.5,7,7,1,2026-08-21T23:55:40+00:00
7228846,2026-08-05,Sergeli,5,70000,https://hata.uz/en/listings/object/honadon-dom-dubleks-2-3-etaj-7228846,126.0,23,3,1,2026-08-21T23:55:40+00:00
7228847,2026-08-05,Sergeli,3,42000,https://hata.uz/en/listings/object/3-khona-dereviashka-sotiladi-7228847,52.0,1,2,0,2026-08-21T23:55:40+00:00
7228850,2026-08-05,Uchtepa,3,117000,https://hata.uz/en/listings/object/prodaetsia-kvartira-7228850,90.0,5,11,1,2026-08-21T23:55:40+00:00
7228851,2026-08-05,Uchtepa,2,62000,https://hata.uz/en/listings/object/orikzor-residence-2-khonali-55-m2-iangi-novostroika-2-12-16-7228851,55.0,12,16,1,2026-08-21T23:55:40+00:00
7228855,2026-08-05,Uchtepa,2,61813,https://hata.uz/en/listings/object/2-xonali-xonadon-sotiladi-qulay-lakatsiyada-joylashgan-7228855,48.18,6,9,1,2026-08-21T23:55:40+00:00
7228857,2026-08-05,Uchtepa,2,68000,https://hata.uz/en/listings/object/kirpichnyi-uiut-v-serdtse-uchtepy-vse-riadom-7228857,57.4,3,5,0,2026-08-21T23:55:40+00:00
7228859,2026-08-05,Uchtepa,3,85000,https://hata.uz/en/listings/object/srochno-prodaetsia-kvartira-uchtepinskii-raion-2v3-2-16-7228859,65.0,2,16,0,2026-08-21T23:55:40+00:00
7228861,2026-08-05,Uchtepa,3,64000,https://hata.uz/en/listings/object/dom-sotiladi-67-kv-3-5-5-chilonzor-15-kvartal-7228861,67.0,5,5,0,2026-08-21T23:55:40+00:00
7228878,2026-08-05,Shayhontohur,1,69000,https://hata.uz/en/listings/object/7-etaj-dom-1-etaj-7228878,4545.0,1,7,1,2026-08-21T23:55:40+00:00
7228879,2026-08-05,Chilonzor,2,75000,https://hata.uz/en/listings/object/prodaetsia-2-kh-komnatnaia-kvartira-7228879,58.0,2,9,0,2026-08-21T23:55:40+00:00
7228880,2026-08-05,Chilonzor,3,77000,https://hata.uz/en/listings/object/srochno-prodaetsia-narx-yana-kelishiladi-chilonzor-kozirobod-3-5-5-7228880,75.0,5,5,0,2026-08-21T23:55:40+00:00
7228883,2026-08-05,Chilonzor,4,148000,https://hata.uz/en/listings/object/4k-94kvm-novostroika-aktepe-sokhil-buii-4-1-9-7228883,94.0,1,9,1,2026-08-21T23:55:40+00:00
7228886,2026-08-05,Chilonzor,2,57000,https://hata.uz/en/listings/object/2-khonali-ui-sotiladi-metro-enida-7228886,52.62,4,7,1,2026-08-21T23:55:40+00:00
7228908,2026-08-05,Chilonzor,4,130000,https://hata.uz/en/listings/object/novostroykadan-kvartira-sotiladi-7228908,115.0,7,9,1,2026-08-21T23:55:40+00:00
7228920,2026-08-05,Chilonzor,4,150000,https://hata.uz/en/listings/object/prodaetsia-svoia-4-komnatnaia-kvartira-77-seriia-3-4-na-metro-chilanzar-7228920,100.0,3,4,0,2026-08-21T23:55:40+00:00
7228924,2026-08-05,Shayhontohur,4,152000,https://hata.uz/en/listings/object/koratosh-da-9-kavatli-uini-2-kavatida-4-khonali-ui-sotiladi-uzimniki-7228924,100.0,2,9,0,2026-08-21T23:55:40+00:00
7228927,2026-08-05,Shayhontohur,2,75000,https://hata.uz/en/listings/object/srochna-2-6-9-gulobod-makhalla-chorsuv-bozoro-va-versal-41-maktab-7228927,62.0,6,9,0,2026-08-21T23:55:40+00:00
7228933,2026-08-05,Shayhontohur,2,72000,https://hata.uz/en/listings/object/gulabod-2-hona-uy-srochno-sotiladi-7228933,65.0,6,9,0,2026-08-21T23:55:40+00:00
7228948,2026-08-05,Yunusobod,1,44900,https://hata.uz/en/listings/object/premium-klassdagi-1-xonali-kvartira-sotiladi-7228948,33.0,6,6,1,2026-08-21T23:55:40+00:00
7228949,2026-08-05,Yunusobod,2,82500,https://hata.uz/en/listings/object/kvartira-sotiladi-iunusobod-9-kvartal-3-khona-uzimniki-7228949,66.0,1,4,0,2026-08-21T23:55:40+00:00
7228953,2026-08-05,Yunusobod,4,100000,https://hata.uz/en/listings/object/srochno-iunusabad-11-4-4-4-megaplanet-ipoteka-7228953,80.0,4,4,0,2026-08-21T23:55:40+00:00
7228954,2026-08-05,Yunusobod,3,110000,https://hata.uz/en/listings/object/iu-obod-17-kv-3-1-6-golden-house-gisht-7228954,84.0,1,6,1,2026-08-21T23:55:40+00:00
7228956,2026-08-05,Yunusobod,1,49500,https://hata.uz/en/listings/object/assalom-jomiy-golden-house-1-xona-golden-khaus-srochno-7228956,30.0,13,16,1,2026-08-21T23:55:40+00:00
7228966,2026-08-05,Yunusobod,4,90000,https://hata.uz/en/listings/object/4-komnatnaia-kvartira-iunusabad-9-90-m2-7228966,90.77,3,5,0,2026-08-21T23:55:40+00:00
7228967,2026-08-05,Yunusobod,3,73500,https://hata.uz/en/listings/object/iunusabad-11kv-3-9-9-8-dom-7228967,70.7,9,9,0,2026-08-21T23:55:40+00:00
7228968,2026-08-05,Yunusobod,3,125000,https://hata.uz/en/listings/object/novomoskovskaia-kvartira-prodaetsia-7228968,54.6,5,5,0,2026-08-21T23:55:40+00:00
7228971,2026-08-05,Yunusobod,4,208265,https://hata.uz/en/listings/object/iunusobod-tum-15-kv-golden-house-megopolis-3-4-14-100-kv-evro-rem-7228971,100.0,3,14,1,2026-08-21T23:55:40+00:00
7229004,2026-08-05,Yakkasaroy,4,240000,https://hata.uz/en/listings/object/prodaetsia-kvartira-v-zhk-huvaydo-residence-7229004,156.0,3,7,1,2026-08-21T23:55:40+00:00
7229021,2026-08-05,Yakkasaroy,2,120000,https://hata.uz/en/listings/object/prodaetsia-svoia-2kh-kom-kvartira-v-novostroike-iakkasaraiskii-raion-7229021,53.0,3,8,1,2026-08-21T23:55:40+00:00
7229022,2026-08-05,Yakkasaroy,2,89000,https://hata.uz/en/listings/object/2-12-17-50kv-m-ul-nukus-novostroika-7229022,50.0,12,17,1,2026-08-21T23:55:40+00:00
7229030,2026-08-05,Yashnobod,2,67000,https://hata.uz/en/listings/object/srochno-prodaetsia-uiutnaia-2-komnatnaia-kvartira-vozle-parkentskogo-bazara-7229030,60.0,9,9,0,2026-08-21T23:55:40+00:00
7229036,2026-08-05,Yashnobod,2,64500,https://hata.uz/en/listings/object/evrodvushka-nrg-bi-7229036,41.0,1,9,0,2026-08-21T23:55:40+00:00
7229037,2026-08-05,Yashnobod,1,24500,https://hata.uz/en/listings/object/prodaetsia-svoia-kvartira-g-chirchik-7229037,30.0,4,4,0,2026-08-21T23:55:40+00:00
7229044,2026-08-05,Yashnobod,2,61000,https://hata.uz/en/listings/object/sotiladi-2-khonali-kvartira-7229044,55.0,6,9,1,2026-08-21T23:55:40+00:00
7229053,2026-08-05,Yashnobod,4,180000,https://hata.uz/en/listings/object/svoia-4-3-8-makhtumkuli-liuks-7229053,100.0,3,8,1,2026-08-21T23:55:40+00:00
7229071,2026-08-05,Yashnobod,2,73500,https://hata.uz/en/listings/object/parkentskii-2-kh-komnatnaia-v-novostroike-parkent-plaza-s-remontom-7229071,44.6,6,9,1,2026-08-21T23:55:40+00:00
7229811,2026-08-05,Olmazor,3,179000,https://hata.uz/en/listings/object/yakkasaroy-city-moll-96kv-uy-sotiladi-179-000-7229811,96.0,7,10,1,2026-08-21T23:55:40+00:00
7229827,2026-08-05,Olmazor,2,48000,https://hata.uz/en/listings/object/1-2-khonali-kvartira-1-2-4-4-olimpiia-massiv-or-med-gorodok-7229827,43.0,4,4,0,2026-08-21T23:55:40+00:00
7229828,2026-08-05,Olmazor,2,35000,https://hata.uz/en/listings/object/2-khonalik-barcha-sharoitlari-bor-kvartira-sotiladi-7229828,53.0,5,5,0,2026-08-21T23:55:40+00:00
7229830,2026-08-05,Olmazor,1,43500,https://hata.uz/en/listings/object/b-r-r-raion-olmozor-mulzhal-zamona-toikhona-kucha-bitonka-khonalar-son-7229830,56.0,5,7,1,2026-08-21T23:55:40+00:00
7229832,2026-08-05,Olmazor,2,74000,https://hata.uz/en/listings/object/iunusabad-7-2v3-1-4-svoia-7229832,50.0,1,4,0,2026-08-21T23:55:40+00:00
7229835,2026-08-05,Olmazor,4,93000,https://hata.uz/en/listings/object/kvartira-sotiladi-7229835,85.0,1,4,0,2026-08-21T23:55:40+00:00
7229848,2026-08-05,Olmazor,2,65000,https://hata.uz/en/listings/object/prodaetsia-2kh-kom-kvartira-novostroika-med-gorodok-7229848,47.0,9,9,1,2026-08-21T23:55:40+00:00
7229852,2026-08-05,Olmazor,2,50000,https://hata.uz/en/listings/object/2-khona-1-1-ui-sotiladi-7229852,39.0,6,9,0,2026-08-21T23:55:40+00:00
7229884,2026-08-05,Olmazor,5,350000,https://hata.uz/en/listings/object/svoia-5-kom-kv-avtorskii-remont-mebel-kachestvenno-tts-rivera-7229884,187.0,5,11,1,2026-08-21T23:55:40+00:00
7229885,2026-08-05,Bektemir,2,50000,https://hata.uz/en/listings/object/bektemir-tumani-musaffo-maskan-tjmda-2-xonali-kvartira-sotiladi-7229885,50.0,5,10,1,2026-08-21T23:55:40+00:00
7229890,2026-08-05,Bektemir,2,21740,https://hata.uz/en/listings/object/kvartira-novostroyka-7229890,68.5,9,11,1,2026-08-21T23:55:40+00:00
7229891,2026-08-05,Bektemir,2,48500,https://hata.uz/en/listings/object/srochno-prodaetsia-2kh-komnatnaia-musaffo-maskan-7229891,54.0,15,17,1,2026-08-21T23:55:40+00:00
7229893,2026-08-05,Bektemir,2,55000,https://hata.uz/en/listings/object/prodaetsia-kvartira-dvukh-komnatnaia-na-trete-etazhe-v-bektemirsom-raione-7229893,46.0,3,10,1,2026-08-21T23:55:40+00:00
7229896,2026-08-05,Bektemir,3,66894,https://hata.uz/en/listings/object/prodaetsia-3-komnatnaia-kvartira-v-navoi-7229896,91.0,5,5,1,2026-08-21T23:55:40+00:00
7229897,2026-08-05,Bektemir,2,60000,https://hata.uz/en/listings/object/2-etajka-dom-2-etaj-7229897,65.0,2,2,0,2026-08-21T23:55:40+00:00
7229898,2026-08-05,Bektemir,2,45000,https://hata.uz/en/listings/object/1-khonali-sotiladi-iakhshi-tinch-zhoida-zhoilashgan-bektemirskii-raion-rovd-7229898,41.0,4,4,0,2026-08-21T23:55:40+00:00
7229899,2026-08-05,Bektemir,1,48000,https://hata.uz/en/listings/object/prodaetsia-novostroika-bektemirskii-r-on-7229899,47.0,6,10,1,2026-08-21T23:55:40+00:00
7229900,2026-08-05,Bektemir,3,71000,https://hata.uz/en/listings/object/vodnikda-ui-sotiladi-7229900,74.0,1,4,0,2026-08-21T23:55:40+00:00
7229901,2026-08-05,Bektemir,3,70000,https://hata.uz/en/listings/object/3-khona-kvartira-sotiladi-khamma-sharoitlari-mavzhud-vodnikda-iul-ustida-7229901,72.07,2,4,0,2026-08-21T23:55:40+00:00
7229902,2026-08-05,Bektemir,2,40000,https://hata.uz/en/listings/object/prodaetsia-kvartira-35kv-7229902,35.0,1,2,0,2026-08-21T23:55:40+00:00
7229906,2026-08-05,Olmazor,2,58000,https://hata.uz/en/listings/object/qoyliq-6-massiv-2-xona-3-5-fransuzki-planitovka-7229906,50.0,3,5,0,2026-08-21T23:55:40+00:00
7229907,2026-08-05,Yashnobod,4,77000,https://hata.uz/en/listings/object/dom-sotiladi-4-xona-4-etaj-kadeshiva-7229907,80.0,4,4,0,2026-08-21T23:55:40+00:00
7229908,2026-08-05,Yashnobod,1,64000,https://hata.uz/en/listings/object/iashnabadskii-raion-7229908,42.0,7,10,1,2026-08-21T23:55:40+00:00
7229929,2026-08-05,Mirobod,2,149000,https://hata.uz/en/listings/object/svoia-mirabad-siti-kirpichnyi-novostroi-2-5-8-50-kv-naprotiv-parkvu-7229929,52.0,5,8,1,2026-08-21T23:55:40+00:00
7229934,2026-08-05,Mirobod,1,61040,https://hata.uz/en/listings/object/prodaetsia-kvartira-nedaleko-ot-m-chorsu-1-3-5-7229934,42.0,3,5,0,2026-08-21T23:55:40+00:00
7229938,2026-08-05,Mirobod,2,54900,https://hata.uz/en/listings/object/o-z-zamin-golden-house-37-11-16-7229938,37.0,11,16,1,2026-08-21T23:55:40+00:00
7229963,2026-08-05,Mirzo Ulugbek,2,95000,https://hata.uz/en/listings/object/korasuv-3-da-2-khonali-iangi-kvartira-sotiladi-7229963,76.0,9,10,1,2026-08-21T23:55:40+00:00
7229971,2026-08-05,Mirzo Ulugbek,3,51000,https://hata.uz/en/listings/object/prodam-svoiu-3kh-komnatnuiu-kvartiru-7229971,79.0,3,4,0,2026-08-21T23:55:40+00:00
7229974,2026-08-05,Mirzo Ulugbek,2,93000,https://hata.uz/en/listings/object/buiuki-ipak-iuli-svoia-2-9-9-7229974,65.0,9,9,0,2026-08-21T23:55:40+00:00
7229977,2026-08-05,Mirzo Ulugbek,4,115000,https://hata.uz/en/listings/object/4-komnatnaia-kvartira-v-tikhom-raione-vsego-10-minut-do-tsentra-7229977,100.0,4,4,1,2026-08-21T23:55:40+00:00
7229987,2026-08-05,Mirzo Ulugbek,2,110000,https://hata.uz/en/listings/object/2-8-9-ulitsa-osie-novomoskovskaia-7229987,65.0,8,9,0,2026-08-21T23:55:40+00:00
7229988,2026-08-05,Mirzo Ulugbek,2,68500,https://hata.uz/en/listings/object/novostroiki-maksim-gorkogo-dvukhkomnatnyi-kvartira-khoroshii-remontom-7229988,54.0,3,5,1,2026-08-21T23:55:40+00:00
7230004,2026-08-05,Sergeli,3,66000,https://hata.uz/en/listings/object/prodaetsia-3-kvartira-7230004,58.0,7,7,1,2026-08-21T23:55:40+00:00
7230005,2026-08-05,Sergeli,1,70000,https://hata.uz/en/listings/object/uy-sotiladi-honobod-sergeli-7230005,53.0,5,12,1,2026-08-21T23:55:40+00:00
7230022,2026-08-05,Sergeli,1,43850,https://hata.uz/en/listings/object/1-xonali-kv-opshe-60-kw-qoshmcha-xonasi-175-7230022,43.0,4,9,0,2026-08-21T23:55:40+00:00
7230026,2026-08-05,Sergeli,2,43600,https://hata.uz/en/listings/object/srochno-srochno-2-khonali-kvartira-2-kavat-gishtli-ui-7230026,36.0,2,4,0,2026-08-21T23:55:40+00:00
7230028,2026-08-05,Sergeli,1,48500,https://hata.uz/en/listings/object/novostroika-metro-choshtepa-s-mebeliu-i-tekhnikoi-7230028,34.0,6,12,1,2026-08-21T23:55:40+00:00
7230031,2026-08-05,Sergeli,4,110000,https://hata.uz/en/listings/object/prostornaia-4-komnatnaia-kvartira-v-sergeli-riadom-s-metro-7230031,136.3,4,9,0,2026-08-21T23:55:40+00:00
7230033,2026-08-05,Sergeli,2,15900,https://hata.uz/en/listings/object/srochna-2-xonali-uy-sotiladi-bita-pasportga-7230033,63.0,7,9,1,2026-08-21T23:55:40+00:00
7230036,2026-08-05,Sergeli,1,47000,https://hata.uz/en/listings/object/prodaiu-svoiu-kvartiru-iangichoshtepa-7230036,38.5,8,9,1,2026-08-21T23:55:40+00:00
7230040,2026-08-05,Sergeli,3,63500,https://hata.uz/en/listings/object/yangi-hayot-sergili-7-a-63-500-7230040,58.0,2,7,0,2026-08-21T23:55:40+00:00
7230043,2026-08-05,Uchtepa,3,55000,https://hata.uz/en/listings/object/beltepada-novastroyka-kvartira-sotiladi-palma-magazinlari-orqasda-7230043,63.0,6,8,1,2026-08-21T23:55:40+00:00
7230046,2026-08-05,Uchtepa,4,83000,https://hata.uz/en/listings/object/katta-zhar-arik-kvartira-shaikhontokhur-tumani-7230046,95.0,8,9,0,2026-08-21T23:55:40+00:00
7230049,2026-08-05,Uchtepa,3,90000,https://hata.uz/en/listings/object/urikzor-3-khonali-kvartira-agrokollezh-ruparasida-3-3-5-7230049,71.0,3,5,0,2026-08-21T23:55:40+00:00
7230051,2026-08-05,Uchtepa,3,85000,https://hata.uz/en/listings/object/chilanzar-11-7230051,63.0,2,4,0,2026-08-21T23:55:40+00:00
7230054,2026-08-05,Uchtepa,2,108000,https://hata.uz/en/listings/object/prodaetsia-kvartira-v-navastroike-uchtepa-raioni-7230054,65.0,3,9,1,2026-08-21T23:55:40+00:00
7230057,2026-08-05,Uchtepa,1,50500,https://hata.uz/en/listings/object/takachida-kaartira-1-khonali-7230057,42.0,5,5,0,2026-08-21T23:55:40+00:00
7230060,2026-08-05,Uchtepa,2,65000,https://hata.uz/en/listings/object/o-rikzorda-novostroyka-2xonali-55m2-kvartira-sotiladi-7230060,55.0,3,16,1,2026-08-21T23:55:40+00:00
7230064,2026-08-05,Shayhontohur,3,91979,https://hata.uz/en/listings/object/prodaetsia-kvartira-3-komnatnaia-kvartira-na-druzhbe-narodov-7230064,65.0,8,9,0,2026-08-21T23:55:40+00:00
7230072,2026-08-05,Chilonzor,3,71000,https://hata.uz/en/listings/object/chilonzor-14-kv-12-dom-42-xonadon-sotiladi-7230072,52.0,2,4,0,2026-08-21T23:55:40+00:00
7230073,2026-08-05,Chilonzor,3,140000,https://hata.uz/en/listings/object/prodaetsia-3kh-komnatnaia-kvartira-so-vsemi-usloviiami-or-r-novza-metro-7230073,71.0,1,9,1,2026-08-21T23:55:40+00:00
7230074,2026-08-05,Chilonzor,4,100000,https://hata.uz/en/listings/object/4-4-5-khonali-kvartira-m-novza-da-uzimniki-7230074,75.0,4,5,0,2026-08-21T23:55:40+00:00
7230077,2026-08-05,Chilonzor,2,92000,https://hata.uz/en/listings/object/chilonzor-20-kv-2-3-7-novostroika-7230077,80.0,3,7,1,2026-08-21T23:55:40+00:00
7230079,2026-08-05,Chilonzor,1,30500,https://hata.uz/en/listings/object/srochno-prodaetsia-kvartira-galereika-chilanzar-22-kv-1-2-4-orenti-7230079,24.0,2,5,0,2026-08-21T23:55:40+00:00
7230080,2026-08-05,Chilonzor,2,65000,https://hata.uz/en/listings/object/chilanzar-19-2-3-4-7230080,46.0,3,4,0,2026-08-21T23:55:40+00:00
7230082,2026-08-05,Chilonzor,3,89900,https://hata.uz/en/listings/object/3-xonali-3-6-12-srochna-7230082,80.0,6,12,0,2026-08-21T23:55:40+00:00
7230084,2026-08-05,Chilonzor,4,77800,https://hata.uz/en/listings/object/srochna-chilonzor-8-kvartalda-3-4xona-qilingan-uy-sotiladi-7230084,70.0,1,4,0,2026-08-21T23:55:40+00:00
7230094,2026-08-05,Chilonzor,3,77000,https://hata.uz/en/listings/object/prodaetsia-3kh-komnatnaia-kvartira-7230094,67.0,4,4,0,2026-08-21T23:55:40+00:00
7230101,2026-08-05,Shayhontohur,3,129000,https://hata.uz/en/listings/object/srochno-prodam-svoiu-kvartiru-v-novostroike-7230101,96.72,9,12,1,2026-08-21T23:55:40+00:00
7230102,2026-08-05,Shayhontohur,3,110000,https://hata.uz/en/listings/object/kokh-ota-labzak-novostroika-3-11-12-7230102,53.0,11,12,1,2026-08-21T23:55:40+00:00
7230103,2026-08-05,Shayhontohur,3,125000,https://hata.uz/en/listings/object/kvartira-pod-ofis-magazin-7230103,40.25,1,4,0,2026-08-21T23:55:40+00:00
7230108,2026-08-05,Shayhontohur,3,132000,https://hata.uz/en/listings/object/berunii-metro-oldida-kvartira-7230108,125.0,6,6,0,2026-08-21T23:55:40+00:00
7230125,2026-08-05,Shayhontohur,1,31000,https://hata.uz/en/listings/object/1-xonalik-uy-sotiladi-7230125,26.0,5,9,1,2026-08-21T23:55:40+00:00
7230132,2026-08-05,Yunusobod,2,67000,https://hata.uz/en/listings/object/ocean-xonsaroy-2-3-16-bezmakler-7230132,66.7,3,16,1,2026-08-21T23:55:40+00:00
7230138,2026-08-05,Yunusobod,2,75000,https://hata.uz/en/listings/object/toshkent-sh-iunusobod-17-kadrdon-makhallasida-7230138,63.0,12,5,1,2026-08-21T23:55:40+00:00
7230154,2026-08-05,Yakkasaroy,2,70000,https://hata.uz/en/listings/object/srochna-svoia-kvartira-askiia-siti-iakkasarai-raion-askiia-bazar-7230154,56.0,12,12,1,2026-08-21T23:55:40+00:00
7230159,2026-08-05,Yakkasaroy,1,75000,https://hata.uz/en/listings/object/prodaetsia-1-3-5-gost-rossiia-srochno-svoia-est-ipoteka-7230159,25.0,3,4,0,2026-08-21T23:55:40+00:00
7230182,2026-08-05,Yashnobod,3,54000,https://hata.uz/en/listings/object/yashnobod-alimkent-1-tor-36a-uy-3-xona-uy-srochno-sotiladi-7230182,64.0,6,6,1,2026-08-21T23:55:40+00:00
7230183,2026-08-05,Yashnobod,3,115000,https://hata.uz/en/listings/object/prodam-kvartiru-v-novostroike-7230183,65.0,4,9,1,2026-08-21T23:55:40+00:00
7230184,2026-08-05,Yashnobod,1,40000,https://hata.uz/en/listings/object/prodam-1-komnatnuiu-kvartiru-7230184,41.65,9,9,0,2026-08-21T23:55:40+00:00
7230187,2026-08-05,Yashnobod,4,385000,https://hata.uz/en/listings/object/prodaetsia-dva-kvartiry-srochno-7230187,154.0,6,10,1,2026-08-21T23:55:40+00:00
7230191,2026-08-05,Yashnobod,1,58000,https://hata.uz/en/listings/object/prodaiu-kvartiru-v-iashnab-om-raione-7230191,1.0,4,4,1,2026-08-21T23:55:40+00:00
7230761,2026-08-05,Olmazor,2,70000,https://hata.uz/en/listings/object/kvartira-2-8-9-mozhno-sdelat-1-vuzgorodok-7230761,65.0,8,9,0,2026-08-21T23:55:40+00:00
7230764,2026-08-05,Olmazor,4,210000,https://hata.uz/en/listings/object/sotiladi-4-xonali-premium-kvartira-7230764,136.9,5,7,1,2026-08-21T23:55:40+00:00
7230767,2026-08-05,Olmazor,1,47000,https://hata.uz/en/listings/object/srochno-prodaetsia-novostroika-golden-house-proekt-assalom-jomiy-7230767,29.63,7,15,1,2026-08-21T23:55:40+00:00
7230770,2026-08-05,Olmazor,2,50000,https://hata.uz/en/listings/object/almazarskii-raion-perekrestok-karasarai-prodaiu-2kh-komnatnuiu-kvartiru-7230770,50.5,2,2,0,2026-08-21T23:55:40+00:00
7230776,2026-08-05,Olmazor,2,63000,https://hata.uz/en/listings/object/chilonzor-6-metro-mirzo-ulugbek-2-khona-7230776,48.0,1,4,0,2026-08-21T23:55:40+00:00
7230777,2026-08-05,Olmazor,2,59000,https://hata.uz/en/listings/object/prodaetsia-kara-kamysh-2-4-2kom-peredelannaia-na-3-evroremont-7230777,55.0,4,4,0,2026-08-21T23:55:40+00:00
7230782,2026-08-05,Olmazor,3,99999,https://hata.uz/en/listings/object/dom-sotiladi-olmazor-tumani-sag-bon-ko-cha-nurafshon-sag-bon-chorra-7230782,109.0,2,3,0,2026-08-21T23:55:40+00:00
7230783,2026-08-05,Olmazor,3,115000,https://hata.uz/en/listings/object/premialnaia-3-komnatnaia-kvartira-v-olmazor-city-ukomplektovana-7230783,70.0,11,13,1,2026-08-21T23:55:40+00:00
7230784,2026-08-05,Olmazor,2,61000,https://hata.uz/en/listings/object/prodaetsia-2-komnatnaia-kvartira-7230784,52.58,3,4,0,2026-08-21T23:55:40+00:00
7230785,2026-08-05,Olmazor,2,55000,https://hata.uz/en/listings/object/olmazor-tumani-qora-qamish-1-4-da-uy-sotiladi-7230785,57.0,4,4,0,2026-08-21T23:55:40+00:00
7230794,2026-08-05,Bektemir,2,32000,https://hata.uz/en/listings/object/srochno-2-khonali-kvartira-sotiladi-7230794,60.0,1,2,0,2026-08-21T23:55:40+00:00
7230796,2026-08-05,Bektemir,3,70000,https://hata.uz/en/listings/object/srochno-prodaetsia-3-kvartira-vodnik-7230796,67.5,1,4,0,2026-08-21T23:55:40+00:00
7230798,2026-08-05,Bektemir,3,68000,https://hata.uz/en/listings/object/prodaetsia-nedvizhimost-kuchmas-mulk-sotiladi-7230798,90.0,2,2,1,2026-08-21T23:55:40+00:00
7230803,2026-08-05,Bektemir,2,25000,https://hata.uz/en/listings/object/o-rtachirchiq-tumani-qorasuv-tumani-tinchlik-mfyda-kvartira-sotiladi-7230803,61.29,4,4,0,2026-08-21T23:55:40+00:00
7230804,2026-08-05,Bektemir,2,59000,https://hata.uz/en/listings/object/prodaetsia-2-komnatnaia-kvartira-kuiliuk-tsentr-7230804,63.0,2,9,0,2026-08-21T23:55:40+00:00
7230805,2026-08-05,Bektemir,2,57000,https://hata.uz/en/listings/object/prodaetsia-2-6-9-vodnik-7230805,53.0,6,9,1,2026-08-21T23:55:40+00:00
7230812,2026-08-05,Yashnobod,3,56000,https://hata.uz/en/listings/object/kvartira-sotiladi-7230812,50.0,2,2,1,2026-08-21T23:55:40+00:00
7230814,2026-08-05,Mirobod,2,115000,https://hata.uz/en/listings/object/alfraganis-2-3-9-uzbum-7230814,54.0,3,9,1,2026-08-21T23:55:40+00:00
7230823,2026-08-05,Mirobod,4,115000,https://hata.uz/en/listings/object/kvartira-transportnyi-4kh-srochno-7230823,100.0,3,5,1,2026-08-21T23:55:40+00:00
7230827,2026-08-05,Mirobod,4,480000,https://hata.uz/en/listings/object/mirabad-avenue-1-ia-liniia-7230827,123.0,5,10,1,2026-08-21T23:55:40+00:00
7230830,2026-08-05,Mirobod,2,60000,https://hata.uz/en/listings/object/prodaetsia-svoia-2kh-komnatnaia-kvartira-v-novostroike-60kv-7230830,60.0,8,9,1,2026-08-21T23:55:40+00:00
7230834,2026-08-05,Mirobod,2,126000,https://hata.uz/en/listings/object/gaspitalnyi-rynok-mirabad-raion-7230834,64.0,4,9,0,2026-08-21T23:55:40+00:00
7230836,2026-08-05,Mirzo Ulugbek,4,120000,https://hata.uz/en/listings/object/4kh-komnatnaia-kvartira-7230836,80.0,3,5,0,2026-08-21T23:55:40+00:00
7230838,2026-08-05,Mirzo Ulugbek,3,110000,https://hata.uz/en/listings/object/prodaetsia-3-komnatnaia-kvartira-metro-maksima-gorkogo-7230838,74.0,1,4,0,2026-08-21T23:55:40+00:00
7230847,2026-08-05,Mirzo Ulugbek,2,65000,https://hata.uz/en/listings/object/prodaetsia-kvartira-m-v-feruza-2-6-6-45m2-novostroika-7230847,45.0,6,6,1,2026-08-21T23:55:40+00:00
7230859,2026-08-05,Mirzo Ulugbek,2,67000,https://hata.uz/en/listings/object/kvartira-prodaetsia-7230859,60.87,7,9,0,2026-08-21T23:55:40+00:00
7230860,2026-08-05,Mirzo Ulugbek,4,95000,https://hata.uz/en/listings/object/prodaetsia-kvartira-4-komn-na-mirzo-ulugbekskom-raione-akhmad-iugnakii-7230860,91.0,5,5,0,2026-08-21T23:55:40+00:00
7230862,2026-08-05,Mirzo Ulugbek,1,35000,https://hata.uz/en/listings/object/1-khonali-kv-sotiladi-7230862,28.6,2,3,0,2026-08-21T23:55:40+00:00
7230867,2026-08-05,Sergeli,2,75000,https://hata.uz/en/listings/object/prodaiu-2kh-komnatnuiu-kvartiru-naprotiv-aeroporta-zhk-tower-up-7230867,55.0,8,16,1,2026-08-21T23:55:40+00:00
7230868,2026-08-05,Sergeli,3,105000,https://hata.uz/en/listings/object/sergeliyda-qurilgan-yangi-yevro-remont-honadon-7230868,96.0,8,10,1,2026-08-21T23:55:40+00:00
7230876,2026-08-05,Sergeli,3,78500,https://hata.uz/en/listings/object/novostroika-85-m2-3-khona-2-etazh-7230876,85.0,2,16,1,2026-08-21T23:55:40+00:00
7230882,2026-08-05,Sergeli,2,75000,https://hata.uz/en/listings/object/prodaiu-pod-biznes-2-kh-komnatnuiu-kvartiru-sergeli-1-7230882,60.0,1,9,0,2026-08-21T23:55:40+00:00
7230885,2026-08-05,Sergeli,3,99000,https://hata.uz/en/listings/object/sergeli-7230885,84.33,7,7,1,2026-08-21T23:55:40+00:00
7230886,2026-08-05,Sergeli,3,64000,https://hata.uz/en/listings/object/metro-sergeli-3a-2v3-2-6-7230886,57.5,2,6,0,2026-08-21T23:55:40+00:00
7230887,2026-08-05,Sergeli,5,132200,https://hata.uz/en/listings/object/uy-sotiladi-sergeli-7230887,250.0,2,2,1,2026-08-21T23:55:40+00:00
7230888,2026-08-05,Uchtepa,2,108000,https://hata.uz/en/listings/object/sotiladi-3-xonali-studio-format-navastroyka-uy-7230888,70.0,4,10,1,2026-08-21T23:55:40+00:00
7230889,2026-08-05,Uchtepa,2,59999,https://hata.uz/en/listings/object/cboia-kvartira-uriukzor-rezidentts-2-9-16-evro-56m2-mozhno-v-ipoteku-7230889,56.0,9,16,1,2026-08-21T23:55:40+00:00
7230890,2026-08-05,Uchtepa,3,68000,https://hata.uz/en/listings/object/3-4-4-uch-xonali-uchtepa-22-kvartal-7230890,69.0,4,4,0,2026-08-21T23:55:40+00:00
7230894,2026-08-05,Uchtepa,3,119129,https://hata.uz/en/listings/object/prodaetsia-chilanzar-14-3-1-4-bankovskii-dom-7230894,122.0,1,4,0,2026-08-21T23:55:40+00:00
7230897,2026-08-05,Uchtepa,3,75000,https://hata.uz/en/listings/object/svaia-srochno-chilonzor-12-3-3-4-panel-82-000-7230897,65.0,3,4,0,2026-08-21T23:55:40+00:00
7230899,2026-08-05,Uchtepa,2,87900,https://hata.uz/en/listings/object/2-xonali-uy-2-7-10-art-house-ko-kcha-oqtepa-7230899,61.0,7,10,1,2026-08-21T23:55:40+00:00
7230900,2026-08-05,Uchtepa,86,100000,https://hata.uz/en/listings/object/kvartera-sotiladi-7230900,1.0,3,5,1,2026-08-21T23:55:40+00:00
7230901,2026-08-05,Uchtepa,4,90000,https://hata.uz/en/listings/object/srochno-prodaetsia-kvartira-4-komnatnaia-evro-remont-7230901,96.0,1,5,0,2026-08-21T23:55:40+00:00
7230905,2026-08-05,Shayhontohur,4,95000,https://hata.uz/en/listings/object/shaikhontokhur-tumani-zhar-7230905,108.0,5,9,0,2026-08-21T23:55:40+00:00
7230918,2026-08-05,Chilonzor,4,120000,https://hata.uz/en/listings/object/prodaetsia-4-komnatnaia-kvartira-shikarnaia-lokatsiia-metro-novza-7230918,77.0,4,5,0,2026-08-21T23:55:40+00:00
7230920,2026-08-05,Chilonzor,2,500,https://hata.uz/en/listings/object/farkhadiski-13-kvartal-2-khonali-kvartira-7230920,50.0,3,9,1,2026-08-21T23:55:40+00:00
7230921,2026-08-05,Chilonzor,4,120000,https://hata.uz/en/listings/object/prodaetsia-kvartira-4kh-komnaty-chilanzar-10-kvartal-33-dom-4-kvartira-7230921,70.0,2,4,0,2026-08-21T23:55:40+00:00
7230924,2026-08-05,Chilonzor,3,93000,https://hata.uz/en/listings/object/prodam-svoiu-3-3-4-3kh-kom-kvartiru-na-chilanzare-8-kvartal-evroremont-7230924,68.0,3,4,0,2026-08-21T23:55:40+00:00
7230932,2026-08-05,Chilonzor,4,85000,https://hata.uz/en/listings/object/prodaetsia-4-komnatnaia-kvartira-7230932,78.0,5,5,0,2026-08-21T23:55:40+00:00
7230937,2026-08-05,Chilonzor,3,72304,https://hata.uz/en/listings/object/kvartira-3-4-4-chilanzar-19-7230937,63.0,4,4,0,2026-08-21T23:55:40+00:00
7230939,2026-08-05,Chilonzor,3,85000,https://hata.uz/en/listings/object/prodaiu-svoiu-kvartiru-s-remontom-na-algoritme-7230939,78.0,3,4,0,2026-08-21T23:55:40+00:00
7230940,2026-08-05,Chilonzor,3,150000,https://hata.uz/en/listings/object/prodaiu-3kh-komnatnuiu-kvartiru-7230940,75.0,2,2,0,2026-08-21T23:55:40+00:00
7230945,2026-08-05,Chilonzor,3,135000,https://hata.uz/en/listings/object/prodaetsia-kvartira-3-1-4-mozhno-pod-ofis-biznes-na-chilanzare-9-7230945,64.0,1,4,0,2026-08-21T23:55:40+00:00
7230947,2026-08-05,Shayhontohur,4,128882,https://hata.uz/en/listings/object/prostornaia-4-komnatnaia-kvartira-s-remontom-v-khoroshem-raione-7230947,92.0,2,9,0,2026-08-21T23:55:40+00:00
7230948,2026-08-05,Shayhontohur,3,118500,https://hata.uz/en/listings/object/prodaetsia-kvartira-v-zhk-charkh-novza-7230948,80.95,9,12,1,2026-08-21T23:55:40+00:00
7230949,2026-08-05,Shayhontohur,4,95000,https://hata.uz/en/listings/object/ibn-sino-2-mavzesida-4-khonali-kvartira-sotiladi-7230949,100.0,7,9,0,2026-08-21T23:55:40+00:00
7230951,2026-08-05,Shayhontohur,2,87000,https://hata.uz/en/listings/object/prodaetsia-stalinka-2-2-4-ul-navoi-87000-pod-remont-7230951,65.52,2,4,0,2026-08-21T23:55:40+00:00
7230953,2026-08-05,Shayhontohur,1,55000,https://hata.uz/en/listings/object/kvartira-1-komnatatnaia-s-evro-remontom-7230953,40.0,5,9,0,2026-08-21T23:55:40+00:00
7230957,2026-08-05,Shayhontohur,3,112000,https://hata.uz/en/listings/object/prodaiu-kvartiru-druzhba-narodov-7230957,87.0,7,9,0,2026-08-21T23:55:40+00:00
7230964,2026-08-05,Shayhontohur,1,46900,https://hata.uz/en/listings/object/beltepa-1-4-5-chistyi-7230964,38.0,4,5,0,2026-08-21T23:55:40+00:00
7230966,2026-08-05,Shayhontohur,2,64500,https://hata.uz/en/listings/object/beltepa-2-2-5-s-remontom-novostroika-orenter-palma-7230966,67.0,2,5,1,2026-08-21T23:55:40+00:00
7230967,2026-08-05,Shayhontohur,1,49900,https://hata.uz/en/listings/object/zamona-orenter-novostroika-1-2-4-khoroshii-remontom-7230967,49.0,2,4,1,2026-08-21T23:55:40+00:00
7230971,2026-08-05,Shayhontohur,4,135000,https://hata.uz/en/listings/object/chorsuda-4-1-honali-uy-sotiladi-1-etaj-yol-yuzida-7230971,90.0,1,4,0,2026-08-21T23:55:40+00:00
7230972,2026-08-05,Shayhontohur,3,110000,https://hata.uz/en/listings/object/tsentr-ts-15-ganga-zhangokh-3-komn-kvartira-3-1-4-kirpich-dom-80-kv-40-kv-7230972,80.0,1,4,0,2026-08-21T23:55:40+00:00
7231013,2026-08-05,Yunusobod,2,65000,https://hata.uz/en/listings/object/prodaetsia-2-komnatnaia-kvartira-v-iunusabadskom-raione-xon-saroy-ocean-7231013,86.0,16,16,1,2026-08-21T23:55:40+00:00
7231028,2026-08-05,Yunusobod,3,86000,https://hata.uz/en/listings/object/prodaiu-svoiu-3kh-komnatnuiu-kvartiru-7231028,80.0,5,5,0,2026-08-21T23:55:40+00:00
7231030,2026-08-05,Yunusobod,3,130000,https://hata.uz/en/listings/object/prodaetsia-kvartira-7231030,78.0,5,9,0,2026-08-21T23:55:40+00:00
7231033,2026-08-05,Yunusobod,3,50000,https://hata.uz/en/listings/object/prodaetsia-svoia-kvartira-3-komnatnaia-7231033,60.0,4,4,0,2026-08-21T23:55:40+00:00
7231037,2026-08-05,Yunusobod,3,190000,https://hata.uz/en/listings/object/prodaetsa-kvartira-khoroshaia-7231037,115.0,2,4,1,2026-08-21T23:55:40+00:00
7231040,2026-08-05,Yunusobod,3,90000,https://hata.uz/en/listings/object/prodaetsia-kvartira-7231040,78.0,2,2,0,2026-08-21T23:55:40+00:00
7231066,2026-08-05,Yunusobod,4,66000,https://hata.uz/en/listings/object/prodaetsia-2-4-4-na-bodomzare-7231066,53.0,4,4,0,2026-08-21T23:55:40+00:00
7231068,2026-08-05,Yakkasaroy,2,98000,https://hata.uz/en/listings/object/prodaetsia-2-komnatnaia-kvartira-na-ul-shota-rustaveli-7231068,46.29,7,9,1,2026-08-21T23:55:40+00:00
7231095,2026-08-05,Yakkasaroy,2,63000,https://hata.uz/en/listings/object/prodaetsia-kvartira-7231095,40.0,4,5,0,2026-08-21T23:55:40+00:00
7231106,2026-08-05,Yashnobod,3,54500,https://hata.uz/en/listings/object/srochno-prodaetsia-3-2-2-per-4-kom-kerpichn-balkon-2kh6-ul-zharkurgans-7231106,65.0,2,2,0,2026-08-21T23:55:40+00:00
7231108,2026-08-05,Yashnobod,3,71500,https://hata.uz/en/listings/object/kvartira-sotiladi-56kv-3-khonali-kilingan-gaz-svet-suv-khammasi-bor-7231108,56.0,10,16,1,2026-08-21T23:55:40+00:00
7231119,2026-08-05,Yashnobod,3,70000,https://hata.uz/en/listings/object/ui-sotiladi-prodaetsia-kvartira-7231119,68.0,4,5,0,2026-08-21T23:55:40+00:00
7231122,2026-08-05,Yashnobod,1,27000,https://hata.uz/en/listings/object/1-etajda-arenda-berishga-zor-uy-7231122,17.5,1,4,0,2026-08-21T23:55:40+00:00
7231584,2026-08-05,Olmazor,2,1060,https://hata.uz/en/listings/object/kvartira-sotiladi-7231584,61.9,9,9,1,2026-08-21T23:55:40+00:00
7231586,2026-08-05,Olmazor,3,110000,https://hata.uz/en/listings/object/prodaetsia-novaia-3-kh-komnatnaia-kvartira-ibn-sino-1-7231586,76.28,6,10,1,2026-08-21T23:55:40+00:00
7231587,2026-08-05,Olmazor,3,60000,https://hata.uz/en/listings/object/srochno-prodam-kvartiru-tashkent-almazarskii-r-n-7231587,66.0,4,4,0,2026-08-21T23:55:40+00:00
7231588,2026-08-05,Olmazor,5,145000,https://hata.uz/en/listings/object/prodaetsia-svoia-kvartira-5-2-4-na-shastri-mirzo-ulugbekskii-r-n-7231588,100.0,2,4,0,2026-08-21T23:55:40+00:00
7231606,2026-08-05,Olmazor,2,94000,https://hata.uz/en/listings/object/novostroika-nrg-jomiy-2-komn-6315-m2-2-etazh-kadastr-imeetsia-7231606,63.15,2,9,1,2026-08-21T23:55:40+00:00
7231608,2026-08-05,Bektemir,3,59900,https://hata.uz/en/listings/object/prodaiutsia-kvartira-na-zemle-7231608,65.0,2,2,0,2026-08-21T23:55:40+00:00
7231609,2026-08-05,Bektemir,2,57500,https://hata.uz/en/listings/object/bektemir-musaffo-maskanda-arzon-narxda-7231609,63.91,6,17,1,2026-08-21T23:55:40+00:00
7231611,2026-08-05,Bektemir,3,70000,https://hata.uz/en/listings/object/srochno-3-khonali-kvartira-sotiladi-65-m2-7231611,65.0,1,4,0,2026-08-21T23:55:40+00:00
7231612,2026-08-05,Bektemir,2,45000,https://hata.uz/en/listings/object/srochno-prodaiu-svoiu-2kh-komnatnuiu-kvartiru-peredelan-na-4kh-komnat-60-kv-7231612,60.0,1,2,0,2026-08-21T23:55:40+00:00
7231619,2026-08-05,Bektemir,2,86000,https://hata.uz/en/listings/object/prodam-svoiu-kvartiru-7231619,62.0,6,6,1,2026-08-21T23:55:40+00:00
7231620,2026-08-05,Yashnobod,2,35000,https://hata.uz/en/listings/object/prodaiu-2-kh-komnitni-kvartiru-7231620,48.0,4,4,0,2026-08-21T23:55:40+00:00
7231621,2026-08-05,Yashnobod,1,18500,https://hata.uz/en/listings/object/yashnobot-rayonida-1-xonali-18-kv-smenniy-afshizita-sotiladi-7231621,18.0,3,5,0,2026-08-21T23:55:40+00:00
7231626,2026-08-05,Yashnobod,1,53000,https://hata.uz/en/listings/object/iashnabadskii-raion-novostroika-zhk-assalom-sohil-pod-arendu-7231626,29.0,3,16,1,2026-08-21T23:55:40+00:00
7231631,2026-08-05,Yashnobod,1,26489,https://hata.uz/en/listings/object/prodaiu-svoiu-obshchezhitie-1-komnatnaia-voenkomat-metro-tuzel-7231631,20.0,4,5,0,2026-08-21T23:55:40+00:00
7231632,2026-08-05,Mirobod,3,194000,https://hata.uz/en/listings/object/prodaiutsia-2-prostornye-3-komnatnye-kvartiry-v-tsentre-tashkenta-7231632,97.0,5,10,1,2026-08-21T23:55:40+00:00
7231636,2026-08-05,Mirobod,1,138000,https://hata.uz/en/listings/object/srochna-prodaetsia-kvartira-na-aibeke-7231636,46.0,1,4,0,2026-08-21T23:55:40+00:00
7231668,2026-08-05,Mirzo Ulugbek,4,98500,https://hata.uz/en/listings/object/svoia-4-4-5-na-kara-su-1-predchist-otdelka-vozmozhna-ipoteka-7231668,93.0,4,5,0,2026-08-21T23:55:40+00:00
7231669,2026-08-05,Mirzo Ulugbek,1,39000,https://hata.uz/en/listings/object/mirzo-ulugbek-it-park-1-3-3-7231669,25.0,3,3,0,2026-08-21T23:55:40+00:00
7231679,2026-08-05,Mirzo Ulugbek,2,97600,https://hata.uz/en/listings/object/prodaetsia-2-komnatnaia-kvartira-salom-choikhona-7231679,58.0,1,4,0,2026-08-21T23:55:40+00:00
7231683,2026-08-05,Mirzo Ulugbek,3,118700,https://hata.uz/en/listings/object/prodaetsia-kvartira-v-zhk-maftun-makon-3-kom-kvartira-94m2-7231683,94.96,4,5,1,2026-08-21T23:55:40+00:00
7231692,2026-08-05,Mirzo Ulugbek,1,41500,https://hata.uz/en/listings/object/srochno-1-khona-2-khona-klingan-kvartira-sotiladi-limonariiada-7231692,42.0,4,4,0,2026-08-21T23:55:40+00:00
7231700,2026-08-05,Sergeli,2,77000,https://hata.uz/en/listings/object/sergeli-tower-up-srochno-2-kh-komnatnaia-kvartira-pod-kliuch-7231700,55.0,1,16,1,2026-08-21T23:55:40+00:00
7231701,2026-08-05,Sergeli,2,90000,https://hata.uz/en/listings/object/novostroika-ui-sergilida-7231701,62.0,1,4,1,2026-08-21T23:55:40+00:00
7231702,2026-08-05,Sergeli,1,51500,https://hata.uz/en/listings/object/navastroika-sotiladi-7231702,47.0,4,16,1,2026-08-21T23:55:40+00:00
7231703,2026-08-05,Sergeli,3,67000,https://hata.uz/en/listings/object/khonabod-rezidens-7231703,70.0,4,16,1,2026-08-21T23:55:40+00:00
7231704,2026-08-05,Sergeli,2,75000,https://hata.uz/en/listings/object/srochno-prodaetsia-2kh-komnatnaia-kartiira-novaia-kvartira-nikto-ne-zhil-7231704,65.0,8,9,1,2026-08-21T23:55:40+00:00
7231705,2026-08-05,Sergeli,2,56000,https://hata.uz/en/listings/object/uy-sotiladi-2-xona-7231705,50.0,4,7,0,2026-08-21T23:55:40+00:00
7231706,2026-08-05,Sergeli,6,130000,https://hata.uz/en/listings/object/prodam-svoi-6-komnatnye-kvartiru-7231706,150.0,3,9,0,2026-08-21T23:55:40+00:00
7231710,2026-08-05,Sergeli,2,66450,https://hata.uz/en/listings/object/2-khonali-ui-sotiladi-sergeli-kuilik-7-7231710,61.0,7,9,0,2026-08-21T23:55:40+00:00
7231711,2026-08-05,Sergeli,3,83900,https://hata.uz/en/listings/object/prodam-kvartiru-svoia-7231711,94.0,6,9,1,2026-08-21T23:55:40+00:00
7231712,2026-08-05,Sergeli,7,115000,https://hata.uz/en/listings/object/prodaetsia-prostornyi-dupleks-s-podvalom-v-sergeliiskom-raione-7231712,170.0,1,3,0,2026-08-21T23:55:40+00:00
7231718,2026-08-05,Sergeli,4,85000,https://hata.uz/en/listings/object/srochni-sotiladi-4-xona-7231718,105.0,3,9,0,2026-08-21T23:55:40+00:00
7231723,2026-08-05,Uchtepa,1,56500,https://hata.uz/en/listings/object/kukcha-oktepa-1-2-10-10-zhk-art-house-novostroika-s-remontom-7231723,55.55,10,10,1,2026-08-21T23:55:40+00:00
7231724,2026-08-05,Uchtepa,5,80000,https://hata.uz/en/listings/object/kvartira-5-xonalik-7231724,120.0,4,4,0,2026-08-21T23:55:40+00:00
7231725,2026-08-05,Uchtepa,2,62000,https://hata.uz/en/listings/object/2-khonali-kvartira-sotiladi-uchtepa-algoritm-31-2-1-4-algoritm-7231725,45.0,1,4,0,2026-08-21T23:55:40+00:00
7231726,2026-08-05,Uchtepa,2,70388,https://hata.uz/en/listings/object/kushon-yangi-qurilayotgan-uylar-7231726,76.5,4,9,1,2026-08-21T23:55:40+00:00
7231729,2026-08-05,Uchtepa,2,60000,https://hata.uz/en/listings/object/prodaetsia-svoia-kvartira-2kh-kom-7231729,43.16,1,4,0,2026-08-21T23:55:40+00:00
7231730,2026-08-05,Uchtepa,2,59900,https://hata.uz/en/listings/object/2-khonali-kvartira-kirpichni-dom-7231730,43.39,1,4,0,2026-08-21T23:55:40+00:00
7231731,2026-08-05,Uchtepa,2,72064,https://hata.uz/en/listings/object/prodazha-kvartiry-novostroika-s-kadastrom-7231731,86.0,1,9,1,2026-08-21T23:55:40+00:00
7231735,2026-08-05,Uchtepa,2,60332,https://hata.uz/en/listings/object/prodaetsia-2-kh-komnatnaia-kvartira-7231735,52.0,4,4,0,2026-08-21T23:55:40+00:00
7231736,2026-08-05,Uchtepa,3,95000,https://hata.uz/en/listings/object/zh-k-urikzor-rezidens-svoia-7231736,86.0,1,16,1,2026-08-21T23:55:40+00:00
7231750,2026-08-05,Shayhontohur,3,63000,https://hata.uz/en/listings/object/3-xonali-uy-sotiladi-56-m2-shayxontohur-tuman-jar-ariqda-ibn-sino-7231750,56.0,5,12,0,2026-08-21T23:55:40+00:00
7231752,2026-08-05,Chilonzor,1,57999,https://hata.uz/en/listings/object/chilanzar-2-1-2-4-4-novyi-rem-meb-tekhn-metro-mulugbek-8min-peshk-7231752,28.0,4,4,0,2026-08-21T23:55:40+00:00
7231756,2026-08-05,Chilonzor,2,62500,https://hata.uz/en/listings/object/svoia-chilanzar-15-zhukovskii-2-7-9-kvartira-60m2-srochno-7231756,60.0,7,9,0,2026-08-21T23:55:40+00:00
7231757,2026-08-05,Chilonzor,1,63200,https://hata.uz/en/listings/object/chilonzor-farxadski-eski-farxod-to-yxonasi-yonida-1-xona-2-xona-qlinga-7231757,43.0,2,5,0,2026-08-21T23:55:40+00:00
7231758,2026-08-05,Chilonzor,2,67000,https://hata.uz/en/listings/object/2-xonali-uy-3-xona-qilingan-dombirabod-mahalla-7231758,52.0,3,4,0,2026-08-21T23:55:40+00:00
7231759,2026-08-05,Chilonzor,1,44000,https://hata.uz/en/listings/object/choshtepa-1-kom-metro-1-bekat-choshtepa-7231759,33.0,2,3,1,2026-08-21T23:55:40+00:00
7231760,2026-08-05,Chilonzor,3,65360,https://hata.uz/en/listings/object/prodaiu-svoiu-kvartiru-7231760,57.0,5,5,0,2026-08-21T23:55:40+00:00
7231764,2026-08-05,Chilonzor,1,51000,https://hata.uz/en/listings/object/prodaetsia-kvartira-1-4-4-7231764,36.0,4,4,0,2026-08-21T23:55:40+00:00
7231795,2026-08-05,Chilonzor,3,125000,https://hata.uz/en/listings/object/novostroika-kvartira-prodaetsia-evroremont-7231795,93.5,9,9,1,2026-08-21T23:55:40+00:00
7231798,2026-08-05,Chilonzor,2,56500,https://hata.uz/en/listings/object/srochno-prodaetsia-kvartira-na-chilanzare-11-2-4-4-7231798,48.0,4,4,0,2026-08-21T23:55:40+00:00
7231825,2026-08-05,Yunusobod,4,130000,https://hata.uz/en/listings/object/prodaetsia-4kh-komnatnaia-kvartira-7231825,101.0,4,4,0,2026-08-21T23:55:40+00:00
7231828,2026-08-05,Yunusobod,2,66500,https://hata.uz/en/listings/object/yunusobod-11-kv-srochna-ozimmi-uyim-2-4-4-7231828,50.0,4,4,0,2026-08-21T23:55:40+00:00
7231832,2026-08-05,Yunusobod,2,93000,https://hata.uz/en/listings/object/kvartira-novostroika-7231832,70.0,7,16,1,2026-08-21T23:55:40+00:00
7231838,2026-08-05,Yunusobod,2,73000,https://hata.uz/en/listings/object/svoia-ipoteka-net-mega-planet-2kom-na-7-et-9-iunusobod-11kv-otlichnaia-kv-7231838,60.0,7,9,0,2026-08-21T23:55:40+00:00
7231844,2026-08-05,Yunusobod,3,10055,https://hata.uz/en/listings/object/ipoteka-asosidagi-olingan-uy-sotiladi-7231844,72.0,3,5,1,2026-08-21T23:55:40+00:00
7231850,2026-08-05,Yakkasaroy,3,132000,https://hata.uz/en/listings/object/3-kh-komnatnaia-s-remontom-kunaeva-zags-gostinitsa-rossiia-7231850,73.0,5,9,0,2026-08-21T23:55:40+00:00
7231858,2026-08-05,Yakkasaroy,3,110000,https://hata.uz/en/listings/object/srochno-prodaetsia-3-komnatnaia-kvartira-v-novostroike-7231858,87.0,2,5,1,2026-08-21T23:55:40+00:00
7231866,2026-08-05,Yakkasaroy,2,150000,https://hata.uz/en/listings/object/shikarnaia-kvartira-zhk-madrid-150000-7231866,62.0,5,8,1,2026-08-21T23:55:40+00:00
7231868,2026-08-05,Yakkasaroy,4,115000,https://hata.uz/en/listings/object/shayxantahur-ak-tepa-samarqand-darvoza-kvartira-sotiladi-7231868,95.0,7,9,0,2026-08-21T23:55:40+00:00
7231878,2026-08-05,Yakkasaroy,2,36870,https://hata.uz/en/listings/object/2-komnatnaia-novastroika-maljaan-residence-iakkasarai-kushbegi-solaris-7231878,47.0,15,20,1,2026-08-21T23:55:40+00:00
7231887,2026-08-05,Yashnobod,1,85000,https://hata.uz/en/listings/object/prodaetsia-kvartira-na-makhtumkuli-7231887,50.0,3,9,0,2026-08-21T23:55:40+00:00
7231889,2026-08-05,Yashnobod,4,105000,https://hata.uz/en/listings/object/srochno-prodaetsia-kvartira-v-zhilom-komplekse-green-park-7231889,92.0,9,9,1,2026-08-21T23:55:40+00:00
7232405,2026-08-05,Olmazor,3,85000,https://hata.uz/en/listings/object/korasaroi-srochno-prodaetsia-3kom-kvartira-7232405,65.0,8,11,0,2026-08-21T23:55:40+00:00
7232406,2026-08-05,Olmazor,4,119900,https://hata.uz/en/listings/object/srochno-4-komnatnaia-kvartira-130-m2-mukhbir-karakamysh-2-5-7232406,129.0,4,4,0,2026-08-21T23:55:40+00:00
7232408,2026-08-05,Olmazor,2,57900,https://hata.uz/en/listings/object/qora-qamish-1-2-2-2-4-7232408,55.0,2,4,0,2026-08-21T23:55:40+00:00
7232410,2026-08-05,Olmazor,3,90000,https://hata.uz/en/listings/object/qora-qamish-1-2-3-xona-7232410,106.0,1,9,1,2026-08-21T23:55:40+00:00
7232412,2026-08-05,Olmazor,1,52000,https://hata.uz/en/listings/object/qora-qamish-2-4-da-kvartira-7232412,43.0,1,1,0,2026-08-21T23:55:40+00:00
7232419,2026-08-05,Olmazor,3,89000,https://hata.uz/en/listings/object/srochno-sotiladi-barter-kelesga-vuzgorodok-3-khona-evro-remont-7232419,97.0,4,9,0,2026-08-21T23:55:40+00:00
7232420,2026-08-05,Olmazor,5,69000,https://hata.uz/en/listings/object/dupleks-novostroika-dom-sotiladi-7232420,126.0,1,3,1,2026-08-21T23:55:40+00:00
7232425,2026-08-05,Olmazor,4,120000,https://hata.uz/en/listings/object/prodaetsia-4-kh-komnatnaia-kvartira-7232425,110.0,8,9,0,2026-08-21T23:55:40+00:00
7232426,2026-08-05,Olmazor,7,160000,https://hata.uz/en/listings/object/7-xonali-uy-sotiladi-160-ming-dollr-yana-kelishiladigan-yeri-bor-7232426,411.0,1,1,1,2026-08-21T23:55:40+00:00
7232429,2026-08-05,Bektemir,2,58000,https://hata.uz/en/listings/object/prodaetsia-2kh-komnatnaia-kvartira-musaffo-maskan-58kv-mozhno-i-v-ipoteku-7232429,58.0,5,17,1,2026-08-21T23:55:40+00:00
7232431,2026-08-05,Bektemir,2,49000,https://hata.uz/en/listings/object/novastroika-ui-sotiladi-7232431,51.0,10,10,1,2026-08-21T23:55:40+00:00
7232432,2026-08-05,Bektemir,2,47000,https://hata.uz/en/listings/object/srochno-prodaetsia-7232432,46.48,1,4,0,2026-08-21T23:55:40+00:00
7232435,2026-08-05,Bektemir,1,36000,https://hata.uz/en/listings/object/qoyliq-kuilik-katta-bozori-1-7-11-7232435,46.0,7,11,1,2026-08-21T23:55:40+00:00
7232436,2026-08-05,Bektemir,2,45000,https://hata.uz/en/listings/object/prodaetsia-2kh-kom-kv-7232436,54.0,1,2,0,2026-08-21T23:55:40+00:00
7232440,2026-08-05,Yashnobod,3,75000,https://hata.uz/en/listings/object/kvartira-2-kh-kom-peredelannaia-v-3-7232440,49.0,4,4,0,2026-08-21T23:55:40+00:00
7232441,2026-08-05,Mirobod,2,126787,https://hata.uz/en/listings/object/2k-56-m2-zhk-oz-makon-novyi-remont-mebel-i-tekhnika-7232441,56.0,5,16,1,2026-08-21T23:55:40+00:00
7232462,2026-08-05,Mirobod,1,65000,https://hata.uz/en/listings/object/zhk-oz-zamin-uzbum-1-10-16-7232462,30.0,10,16,1,2026-08-21T23:55:40+00:00
7232479,2026-08-05,Mirzo Ulugbek,2,79000,https://hata.uz/en/listings/object/ekobazar-ginekologiia-feruza-prodaetsia-2kh-komnatnaia-kvartira-7232479,50.0,2,4,0,2026-08-21T23:55:40+00:00
7232484,2026-08-05,Mirzo Ulugbek,4,90000,https://hata.uz/en/listings/object/4kh-komnatnaia-kvartira-7232484,100.0,5,5,0,2026-08-21T23:55:40+00:00
7232489,2026-08-05,Mirzo Ulugbek,3,210000,https://hata.uz/en/listings/object/3-komnatnaia-kvartira-110-kv-m-v-super-lokatsii-uzbum-5-minut-do-skvera-7232489,109.84,4,5,1,2026-08-21T23:55:40+00:00
7232490,2026-08-05,Mirzo Ulugbek,2,74229,https://hata.uz/en/listings/object/nrg-yangi-ozbekiston-maftun-makon-business-1-7232490,46.7,1,5,1,2026-08-21T23:55:40+00:00
7232497,2026-08-05,Mirzo Ulugbek,2,70000,https://hata.uz/en/listings/object/kvartira-sotiladi-7232497,70.0,11,25,1,2026-08-21T23:55:40+00:00
7232514,2026-08-05,Sergeli,2,72000,https://hata.uz/en/listings/object/srochno-prodaetsia-sergeli-novostroika-s-remontom-i-bez-rementom-7232514,80.0,1,6,1,2026-08-21T23:55:40+00:00
7232516,2026-08-05,Sergeli,2,53000,https://hata.uz/en/listings/object/sergeli-massiv-kuruvchi-stroitelei-2-3-10-7232516,54.0,3,10,1,2026-08-21T23:55:40+00:00
7232520,2026-08-05,Sergeli,1,900,https://hata.uz/en/listings/object/uzimni-uyim-srochno-sotiladi-1-7-12-xonobod-7232520,40.0,7,12,1,2026-08-21T23:55:40+00:00
7232532,2026-08-05,Sergeli,1,44900,https://hata.uz/en/listings/object/srochna-novostroika-1-khona-sotiladi-7232532,45.0,6,9,1,2026-08-21T23:55:40+00:00
7232533,2026-08-05,Sergeli,3,81000,https://hata.uz/en/listings/object/prodam-3kh-kom-kvartiru-7232533,84.0,4,9,0,2026-08-21T23:55:40+00:00
7232536,2026-08-05,Sergeli,2,62000,https://hata.uz/en/listings/object/kvartira-sotiladi-srochno-7232536,56.4,3,7,1,2026-08-21T23:55:40+00:00
7232539,2026-08-05,Sergeli,2,41000,https://hata.uz/en/listings/object/srochno-prodaetsia-2kh-kv-7232539,39.0,2,2,0,2026-08-21T23:55:40+00:00
7232541,2026-08-05,Uchtepa,2,89000,https://hata.uz/en/listings/object/uchtepa-avenu-kvartira-sotiladi-7232541,65.0,9,9,1,2026-08-21T23:55:40+00:00
7232543,2026-08-05,Uchtepa,2,70000,https://hata.uz/en/listings/object/prodaetsia-novostroika-zhk-urikzor-rezidens-svoia-2-4-16-7232543,60.0,4,16,1,2026-08-21T23:55:40+00:00
7232544,2026-08-05,Uchtepa,2,59700,https://hata.uz/en/listings/object/prodaetsia-2kh-komnatnaia-kvartira-v-uchtepinskom-raene-7232544,57.0,4,4,0,2026-08-21T23:55:40+00:00
7232548,2026-08-05,Uchtepa,3,82500,https://hata.uz/en/listings/object/uy-sotiladi-beltepa-maxallasi-15a-navastroyka-sotiladi-1chi-etaj-110kv-7232548,110.0,1,7,1,2026-08-21T23:55:40+00:00
7232561,2026-08-05,Uchtepa,2,60000,https://hata.uz/en/listings/object/srochno-prodaetsia-svoia-kvartira-7232561,56.0,4,4,0,2026-08-21T23:55:40+00:00
7232564,2026-08-05,Uchtepa,4,125000,https://hata.uz/en/listings/object/prodaetsia-2-2-1-9-120m2-chilanzar-24-7232564,128.0,1,9,0,2026-08-21T23:55:40+00:00
7232568,2026-08-05,Shayhontohur,2,83500,https://hata.uz/en/listings/object/shaikhontokhur-tumani-bel-tepa-makhalasi-7232568,67.5,8,9,0,2026-08-21T23:55:40+00:00
7232573,2026-08-05,Chilonzor,3,85000,https://hata.uz/en/listings/object/chilonzar-18-prodam-kvartiru-2v3-9-9-mebel-tekhnika-remont-7232573,64.0,9,9,0,2026-08-21T23:55:40+00:00
7232577,2026-08-05,Chilonzor,2,63000,https://hata.uz/en/listings/object/svoia-chilanzar-15-zhukovskii-2kh-komnatnaia-kvartira-60m2-7232577,60.0,7,9,0,2026-08-21T23:55:40+00:00
7232579,2026-08-05,Chilonzor,3,76000,https://hata.uz/en/listings/object/svoia-3-komnatnaia-kvartira-na-chilanzare-8-7232579,65.0,1,4,0,2026-08-21T23:55:40+00:00
7232592,2026-08-05,Chilonzor,2,76000,https://hata.uz/en/listings/object/prodaetsia-kvartira-v-chilanzare-7232592,45.0,2,4,0,2026-08-21T23:55:40+00:00
7232595,2026-08-05,Chilonzor,1,57000,https://hata.uz/en/listings/object/prodazha-kvartiry-odnokomnatnoi-1-2-7232595,36.33,1,4,0,2026-08-21T23:55:40+00:00
7232598,2026-08-05,Chilonzor,2,70000,https://hata.uz/en/listings/object/prodam-svoiu-2-kh-komnatnuiu-kvartiru-chilanzar-16-7232598,50.0,1,4,0,2026-08-21T23:55:40+00:00
7232602,2026-08-05,Shayhontohur,2,79000,https://hata.uz/en/listings/object/zhk-city-tower-2-12-16-uzbum-alfraganus-7232602,37.0,8,16,1,2026-08-21T23:55:40+00:00
7232609,2026-08-05,Shayhontohur,4,104999,https://hata.uz/en/listings/object/chigatoy-karzinkani-oldida-srochna-sotiladi-114kvadrat-mansarda-gara-7232609,114.0,5,5,1,2026-08-21T23:55:40+00:00
7232611,2026-08-05,Shayhontohur,3,98000,https://hata.uz/en/listings/object/kvartira-na-labzake-ne-dorogo-srochno-7232611,72.0,4,4,0,2026-08-21T23:55:40+00:00
7232615,2026-08-05,Shayhontohur,4,290000,https://hata.uz/en/listings/object/kvartira-sotiladi-alo-darajada-tamirlangan-7232615,200.0,1,11,1,2026-08-21T23:55:40+00:00
7232624,2026-08-05,Yunusobod,3,165000,https://hata.uz/en/listings/object/3-kh-komn-kvartira-spetsplan-7232624,100.0,2,4,0,2026-08-21T23:55:40+00:00
7232628,2026-08-05,Yunusobod,1,100000,https://hata.uz/en/listings/object/ts5-svoia-kvartira-na-prodazhu-7232628,43.0,4,4,0,2026-08-21T23:55:40+00:00
7232634,2026-08-05,Yunusobod,3,155000,https://hata.uz/en/listings/object/prodaetsia-novomoskovskaia-byvshaia-3-1-4-7232634,67.0,1,4,0,2026-08-21T23:55:40+00:00
7232654,2026-08-04,Yakkasaroy,3,280000,https://hata.uz/en/listings/object/prodazha-kvartiry-7232654,98.0,38,48,1,2026-08-21T23:55:40+00:00
7232658,2026-08-05,Yakkasaroy,2,95000,https://hata.uz/en/listings/object/kvartira-2kh-komnatnaia-na-ul-bobura-7232658,67.0,3,9,0,2026-08-21T23:55:40+00:00
7232684,2026-08-05,Yashnobod,2,34700,https://hata.uz/en/listings/object/sokin-diyor-srochno-prodam-kvartiru-1-8-16-7232684,41.0,8,16,1,2026-08-21T23:55:40+00:00
7232685,2026-08-05,Yashnobod,3,65000,https://hata.uz/en/listings/object/prodaetsia-svoia-kvartira-7232685,57.0,1,2,0,2026-08-21T23:55:40+00:00
7232692,2026-08-05,Yashnobod,2,65000,https://hata.uz/en/listings/object/zhk-bashkent-prodaetsia-2-kh-komnatnaia-kvartira-7232692,49.24,13,16,1,2026-08-21T23:55:40+00:00
7232695,2026-08-05,Yashnobod,2,59000,https://hata.uz/en/listings/object/2-komnatnaia-kvartira-7232695,51.0,4,9,1,2026-08-21T23:55:40+00:00
7232705,2026-08-05,Yashnobod,3,90000,https://hata.uz/en/listings/object/kvartira-sotiladi-yanshabod-rayon-7232705,85.0,14,16,1,2026-08-21T23:55:40+00:00
7233201,2026-08-05,Olmazor,2,60000,https://hata.uz/en/listings/object/karasu-6-2-komnatnaia-kvartira-srochno-7233201,64.0,9,9,0,2026-08-21T23:55:40+00:00
7233203,2026-08-05,Olmazor,3,131900,https://hata.uz/en/listings/object/prodaetsia-3-kh-komnatnaia-kvartira-nrg-jomiy-7233203,72.0,10,12,1,2026-08-21T23:55:40+00:00
7233204,2026-08-05,Olmazor,3,66000,https://hata.uz/en/listings/object/srochno-prodaetsia-svoia-4kh-komn-kv-almazarskii-r-n-kora-kamysh-1-2-7233204,67.0,3,5,0,2026-08-21T23:55:40+00:00
7233209,2026-08-05,Olmazor,1,21371,https://hata.uz/en/listings/object/prodaetsia-kvartira-7233209,25.5,9,9,0,2026-08-21T23:55:40+00:00
7233215,2026-08-05,Olmazor,4,110000,https://hata.uz/en/listings/object/srochno-3-xonali-novastroyka-dom-sotiladi-3-etaj-olmazor-tumanida-94kv-7233215,94.0,3,8,0,2026-08-21T23:55:40+00:00
7233217,2026-08-05,Olmazor,2,180000,https://hata.uz/en/listings/object/kvartira-63-m2-v-piramit-tower-42-i-etazh-7233217,66.0,42,52,1,2026-08-21T23:55:40+00:00
7233219,2026-08-05,Olmazor,4,87000,https://hata.uz/en/listings/object/4-khonali-dom-sotiladi-87000-dan-kelishiladi-7233219,82.0,3,4,0,2026-08-21T23:55:40+00:00
7233221,2026-08-05,Olmazor,3,182000,https://hata.uz/en/listings/object/kvartira-new-siti-moll-sotiladi-7233221,96.0,7,10,1,2026-08-21T23:55:40+00:00
7233223,2026-08-05,Olmazor,2,92000,https://hata.uz/en/listings/object/prodaja-kvartira-7233223,64.0,1,12,0,2026-08-21T23:55:40+00:00
7233225,2026-08-05,Olmazor,4,130000,https://hata.uz/en/listings/object/prodaetsia-4-kh-komnatnaia-kv-kara-kamish-1-2-7233225,222.0,1,5,0,2026-08-21T23:55:40+00:00
7233226,2026-08-05,Olmazor,3,70000,https://hata.uz/en/listings/object/prodaetsia-kvartira-7233226,66.0,4,5,0,2026-08-21T23:55:40+00:00
7233231,2026-08-05,Olmazor,3,99000,https://hata.uz/en/listings/object/sebzor-nurafshon-3-xonali-kvartira-7233231,72.0,1,7,1,2026-08-21T23:55:40+00:00
7233233,2026-08-05,Bektemir,2,51373,https://hata.uz/en/listings/object/prodaiu-svoiu-2kh-kom-kv-bektemir-r-n-zhk-musaffo-maskan-7233233,52.0,14,16,1,2026-08-21T23:55:40+00:00
7233238,2026-08-05,Bektemir,6,93000,https://hata.uz/en/listings/object/sotiladi-srochna-cherez-bankam-ipotekagayam-sotiladi-7233238,150.0,7,9,0,2026-08-21T23:55:40+00:00
7233241,2026-08-05,Bektemir,2,45000,https://hata.uz/en/listings/object/kvartira-dom-kirpichni-7233241,54.0,1,2,0,2026-08-21T23:55:40+00:00
7233242,2026-08-05,Bektemir,4,98000,https://hata.uz/en/listings/object/qoyliq-4-xona-uy-7233242,103.0,2,9,0,2026-08-21T23:55:40+00:00
7233247,2026-08-05,Bektemir,3,77000,https://hata.uz/en/listings/object/kvartira-3-kh-komnatnyi-7233247,70.8,2,5,0,2026-08-21T23:55:40+00:00
7233250,2026-08-05,Yashnobod,2,68000,https://hata.uz/en/listings/object/sobstvenik-2-1-4-razumnyi-torg-umesten-7233250,55.0,1,4,0,2026-08-21T23:55:40+00:00
7233254,2026-08-05,Yashnobod,2,39835,https://hata.uz/en/listings/object/2-xonali-byvshchaia-obshchezhitiia-sotiladi-7233254,42.0,2,4,0,2026-08-21T23:55:40+00:00
7233259,2026-08-05,Yashnobod,2,60000,https://hata.uz/en/listings/object/prodaetsia-novostroika-bashkent-evro-dvushka-7233259,38.0,2,16,1,2026-08-21T23:55:40+00:00
7233265,2026-08-05,Mirobod,3,65000,https://hata.uz/en/listings/object/prodaetsia-svoia-3-4-4-7233265,67.36,4,4,0,2026-08-21T23:55:40+00:00
7233276,2026-08-05,Mirobod,2,94000,https://hata.uz/en/listings/object/2-kom-77-seriia-v-samom-tsentre-ul-nukuskaia-butik-glamour-zhk-infinity-7233276,60.0,4,4,0,2026-08-21T23:55:40+00:00
7233277,2026-08-05,Mirobod,3,70000,https://hata.uz/en/listings/object/srochno-prodaetsia-kvartira-3-4-4-7233277,63.5,4,4,0,2026-08-21T23:55:40+00:00
7233290,2026-08-05,Mirzo Ulugbek,3,193000,https://hata.uz/en/listings/object/prodaetsia-evro-kvartira-v-zhk-akai-siti-metro-kh-alimzhan-7233290,100.0,23,25,1,2026-08-21T23:55:40+00:00
7233303,2026-08-05,Mirzo Ulugbek,3,93000,https://hata.uz/en/listings/object/prodam-kvartiru-3-2-5-darkhan-sk-nbu-novomoskovskaia-kirpich-66-metr-7233303,66.0,2,5,0,2026-08-21T23:55:40+00:00
7233304,2026-08-05,Mirzo Ulugbek,2,57000,https://hata.uz/en/listings/object/prodaetsia-kvartira-khudozhniki-maksim-gorkii-edinoe-okno-2-5-5-7233304,48.0,5,5,0,2026-08-21T23:55:40+00:00
7233316,2026-08-05,Mirzo Ulugbek,2,100000,https://hata.uz/en/listings/object/kvartira-novostroika-srochno-prodoetsia-7233316,40.0,12,16,1,2026-08-21T23:55:40+00:00
7233318,2026-08-05,Sergeli,3,95000,https://hata.uz/en/listings/object/kvartira-sotiladi-sergeli-5-arintr-goldn-life-7233318,999.0,9,2,1,2026-08-21T23:55:40+00:00
7233322,2026-08-05,Sergeli,3,80000,https://hata.uz/en/listings/object/prodaetsia-3kh-komnatnaia-kvartira-s-remontom-7233322,56.0,2,7,1,2026-08-21T23:55:40+00:00
7233324,2026-08-05,Sergeli,2,61500,https://hata.uz/en/listings/object/sergeli-8-khudud-2-3-7-gishtli-novostroika-55-m2-7233324,56.0,3,7,1,2026-08-21T23:55:40+00:00
7233336,2026-08-05,Sergeli,4,112000,https://hata.uz/en/listings/object/kvartira-sotiladi-prodaiu-kvartiru-7233336,121.0,8,9,1,2026-08-21T23:55:40+00:00
7233345,2026-08-05,Uchtepa,2,84000,https://hata.uz/en/listings/object/2-xonali-uy-sotiladi-7233345,66.0,4,10,0,2026-08-21T23:55:40+00:00
7233351,2026-08-05,Uchtepa,4,96007,https://hata.uz/en/listings/object/kvartira-sotiladi-7233351,80.0,4,5,0,2026-08-21T23:55:40+00:00
7233352,2026-08-05,Uchtepa,3,60000,https://hata.uz/en/listings/object/svoia-kvartira-2kh3-komnatnaia-kirpich-2kh6-balkon-uiutnaia-zaidi-i-zhivi-7233352,50.0,2,4,0,2026-08-21T23:55:40+00:00
7233354,2026-08-05,Uchtepa,2,60500,https://hata.uz/en/listings/object/srochno-uchtepa-algoritm-31-kvartal-2-komnatnaia-kvartira-sv-7233354,48.0,2,4,0,2026-08-21T23:55:40+00:00
7233358,2026-08-05,Uchtepa,2,59000,https://hata.uz/en/listings/object/prodam-kvartira-na-chilanzare-24kvaratl-2-8-9-7233358,70.0,8,9,0,2026-08-21T23:55:40+00:00
7233359,2026-08-05,Uchtepa,2,60200,https://hata.uz/en/listings/object/kvartira-na-algoritme-7233359,48.0,4,4,0,2026-08-21T23:55:40+00:00
7233367,2026-08-05,Chilonzor,4,165000,https://hata.uz/en/listings/object/prodaetsia-svoia-kvartira-bankovskii-dom-ts-kvartal-7233367,128.0,4,5,0,2026-08-21T23:55:40+00:00
7233371,2026-08-05,Chilonzor,4,105000,https://hata.uz/en/listings/object/prodaetsia-kvartira-7233371,91.0,3,4,0,2026-08-21T23:55:40+00:00
7233379,2026-08-05,Chilonzor,3,160000,https://hata.uz/en/listings/object/prodaetsia-3-komnatnaia-kvartira-v-zhk-stambul-siti-7233379,83.0,7,9,1,2026-08-21T23:55:40+00:00
7233391,2026-08-05,Shayhontohur,5,175000,https://hata.uz/en/listings/object/prodaetsia-2-2-5-kvartira-na-gange-7233391,125.0,5,9,0,2026-08-21T23:55:40+00:00
7233392,2026-08-05,Shayhontohur,5,155000,https://hata.uz/en/listings/object/srochno-prodaetsia-v-novostroike-dvukhurovennaia-kvartira-s-mansardoi-7233392,182.0,5,5,1,2026-08-21T23:55:40+00:00
7233397,2026-08-05,Shayhontohur,5,103000,https://hata.uz/en/listings/object/kora-kamish-2-4-4-2-5khona-7233397,100.0,2,4,0,2026-08-21T23:55:40+00:00
7233424,2026-08-05,Yunusobod,3,72500,https://hata.uz/en/listings/object/svoia-3-komnatnaia-kvartira-mega-planet-7233424,69.0,4,4,0,2026-08-21T23:55:40+00:00
7233431,2026-08-05,Yunusobod,2,56000,https://hata.uz/en/listings/object/2-7-9-sotiladi-7233431,56.0,7,9,0,2026-08-21T23:55:40+00:00
7233433,2026-08-05,Yunusobod,2,58000,https://hata.uz/en/listings/object/prodaetsia-kvartira-svoia-iunusabad-15-kvartal-1v2-2-4-7233433,38.0,2,4,0,2026-08-21T23:55:40+00:00
7233434,2026-08-05,Yunusobod,2,111000,https://hata.uz/en/listings/object/srochno-kvartira-biznes-klassa-ot-nrg-zhk-iunusabad-7233434,69.39,4,7,1,2026-08-21T23:55:40+00:00
7233440,2026-08-05,Yunusobod,2,95000,https://hata.uz/en/listings/object/prodaetsia-svoia-kvartira-zhk-megapolis-2-2-13-srochno-7233440,67.0,2,13,1,2026-08-21T23:55:40+00:00
7233449,2026-08-05,Yunusobod,5,249000,https://hata.uz/en/listings/object/prodaetsia-5-kh-komnatnaia-kv-v-zhk-kamron-palace-7233449,170.0,8,11,1,2026-08-21T23:55:40+00:00
7233454,2026-08-05,Yakkasaroy,2,84550,https://hata.uz/en/listings/object/chil-3-khamza-mukimi-23-1-4-razdelnye-komnaty-evro-liuks-cvoia-7233454,48.0,1,4,0,2026-08-21T23:55:40+00:00
7233455,2026-08-04,Yakkasaroy,3,189000,https://hata.uz/en/listings/object/prodaetsia-3-komnatnaia-kvartira-v-zhk-zarafshan-city-7233455,88.0,7,14,1,2026-08-21T23:55:40+00:00
7233462,2026-08-05,Yakkasaroy,2,69000,https://hata.uz/en/listings/object/kvartira-2kh-komnatnaia-7233462,53.0,4,4,0,2026-08-21T23:55:40+00:00
7233467,2026-08-05,Yakkasaroy,1,55000,https://hata.uz/en/listings/object/prodaetsia-kvartira-1-komnatnaia-7233467,40.0,5,5,0,2026-08-21T23:55:40+00:00
7233470,2026-08-05,Yakkasaroy,2,66000,https://hata.uz/en/listings/object/prodaetsia-kvartira-v-aviagorodke-7233470,60.0,1,5,0,2026-08-21T23:55:40+00:00
7233483,2026-08-05,Yashnobod,3,120000,https://hata.uz/en/listings/object/prodam-kvartiru-novostroiki-7233483,114.0,8,9,1,2026-08-21T23:55:40+00:00
7233488,2026-08-05,Yashnobod,2,90000,https://hata.uz/en/listings/object/prodaetsia-2-1-10-zhk-parkent-avenue-7233488,50.0,1,10,1,2026-08-21T23:55:40+00:00
7233493,2026-08-05,Yashnobod,3,75000,https://hata.uz/en/listings/object/3kh-komnatnaia-risovyi-bazar-elektroappart-kadastr-est-7233493,70.0,4,6,0,2026-08-21T23:55:40+00:00
7233503,2026-08-05,Yashnobod,2,115000,https://hata.uz/en/listings/object/prodaetsia-2-kh-komnatnaia-kvartira-7233503,75.0,1,9,1,2026-08-21T23:55:40+00:00
7234137,2026-08-05,Olmazor,4,97000,https://hata.uz/en/listings/object/prodaetsia-kvartira-4-2-4-kara-kamysh-2-4-7234137,84.0,2,4,0,2026-08-21T23:55:40+00:00
7234139,2026-08-05,Olmazor,3,145000,https://hata.uz/en/listings/object/prodaetsia-3kh-komn-kvartira-s-remontom-7234139,74.0,8,14,1,2026-08-21T23:55:40+00:00
7234143,2026-08-05,Olmazor,2,65000,https://hata.uz/en/listings/object/prodaetsia-2-kom-kv-7234143,58.0,5,5,0,2026-08-21T23:55:40+00:00
7234144,2026-08-05,Olmazor,2,65000,https://hata.uz/en/listings/object/qoraqamish-1-4-2-xona-56-kvm-7234144,56.0,4,4,0,2026-08-21T23:55:40+00:00
7234146,2026-08-05,Olmazor,2,65000,https://hata.uz/en/listings/object/kvartira-sotiladi-7234146,60.0,8,9,0,2026-08-21T23:55:40+00:00
7234152,2026-08-05,Olmazor,1,63500,https://hata.uz/en/listings/object/novostroikadan-1-khonali-evroremont-kvartira-sotiladi-7234152,48.0,6,10,1,2026-08-21T23:55:40+00:00
7234153,2026-08-05,Olmazor,1,66000,https://hata.uz/en/listings/object/kvartira-v-miran-house-52-6-kv-m-korobka-mirabadskii-pasp-stol-7234153,52.6,4,13,1,2026-08-21T23:55:40+00:00
7234159,2026-08-05,Olmazor,3,83500,https://hata.uz/en/listings/object/3-xonali-kvartira-sotiladi-qora-qamish-7234159,70.0,2,4,0,2026-08-21T23:55:40+00:00
7234163,2026-08-05,Bektemir,1,39000,https://hata.uz/en/listings/object/bektemir-iqbol-mahala-yeng-domladan-1-xonali-kv-35-metr-kvadrat-7234163,35.0,14,16,1,2026-08-21T23:55:40+00:00
7234166,2026-08-05,Bektemir,2,45000,https://hata.uz/en/listings/object/srochno-svoia-1-pered-2-komnatnuiu-kvartiru-7234166,45.0,1,2,0,2026-08-21T23:55:40+00:00
7234168,2026-08-05,Bektemir,2,48000,https://hata.uz/en/listings/object/2-xonalik-padkluch-xonadon-bektemur-tumanida-yashash-uchun-tayyor-7234168,53.0,4,10,0,2026-08-21T23:55:40+00:00
7234171,2026-08-05,Bektemir,2,53000,https://hata.uz/en/listings/object/srochno-prodaetsia-zhk-musaffo-maskan-musaffo-maskan-7234171,53.0,14,17,1,2026-08-21T23:55:40+00:00
7234177,2026-08-05,Bektemir,3,63000,https://hata.uz/en/listings/object/srochno-prodaiu-svoiu-kvartiru-na-vodnike-7234177,70.0,2,2,0,2026-08-21T23:55:40+00:00
7234182,2026-08-05,Bektemir,2,45000,https://hata.uz/en/listings/object/prodaetsia-dvukhkomnatnaia-kvartira-7234182,51.0,2,2,0,2026-08-21T23:55:40+00:00
7234183,2026-08-05,Bektemir,3,58990,https://hata.uz/en/listings/object/vodnyk-iangi-inson-iashamagan-3khona-kvartira-srochno-sotiladi-7234183,63.0,5,9,1,2026-08-21T23:55:40+00:00
7234184,2026-08-05,Bektemir,1,15900,https://hata.uz/en/listings/object/dom-sotiladi-2-etaj-7234184,15.0,2,2,0,2026-08-21T23:55:40+00:00
7234189,2026-08-05,Yashnobod,1,36400,https://hata.uz/en/listings/object/pradayotsa-kvartira-1kom-26-kv-yashnabadiski-rayon-risvi-7234189,26.0,4,4,0,2026-08-21T23:55:40+00:00
7234206,2026-08-05,Mirobod,2,75000,https://hata.uz/en/listings/object/2-komn-kvartira-73m2-10-etazh-7234206,73.0,10,11,1,2026-08-21T23:55:40+00:00
7234207,2026-08-05,Mirobod,3,78000,https://hata.uz/en/listings/object/kvartira-ipoteka-yashnabod-uzboom-ipoteka-17-subsidiya-14-7234207,69.0,14,16,1,2026-08-21T23:55:40+00:00
7234221,2026-08-05,Mirobod,4,133000,https://hata.uz/en/listings/object/kvartira-svoia-massiv-gospitalnyi-4-3-12-ul-chekhova-7234221,100.0,3,12,0,2026-08-21T23:55:40+00:00
7234222,2026-08-05,Mirobod,3,121100,https://hata.uz/en/listings/object/bystro-ppodaiu-svoiu-kvartiru-v-tsentre-goroda-7234222,75.0,7,9,1,2026-08-21T23:55:40+00:00
7234234,2026-08-05,Mirobod,1,42000,https://hata.uz/en/listings/object/prodaetsia-1-komn-kvartira-ot-sobstvennika-bez-posrednikov-7234234,30.0,5,5,0,2026-08-21T23:55:40+00:00
7234236,2026-08-05,Mirzo Ulugbek,2,78000,https://hata.uz/en/listings/object/kara-su-4-2-3-9-7234236,57.0,3,9,0,2026-08-21T23:55:40+00:00
7234240,2026-08-05,Mirzo Ulugbek,2,72000,https://hata.uz/en/listings/object/srochno-prodaetsia-kvartira-karasu-1-7234240,58.0,3,5,0,2026-08-21T23:55:40+00:00
7234254,2026-08-04,Mirzo Ulugbek,2,70000,https://hata.uz/en/listings/object/s-v-o-ia-mirzo-ulugbek-maksim-gorkii-khudozhnikov-1v2-1-5-7234254,36.0,1,5,0,2026-08-21T23:55:40+00:00
7234255,2026-08-05,Mirzo Ulugbek,1,38000,https://hata.uz/en/listings/object/srochno-prodaetsia-kvartira-kibrai-raion-1-komnotnaia-makhalia-boizhigit-7234255,42.0,3,4,0,2026-08-21T23:55:40+00:00
7234264,2026-08-05,Sergeli,2,40500,https://hata.uz/en/listings/object/assalom-jomiy-investitsiya-uchun-zor-variant-golden-house-7234264,30.0,7,16,1,2026-08-21T23:55:40+00:00
7234266,2026-08-05,Sergeli,2,45000,https://hata.uz/en/listings/object/2-xonali-kvartira-58-kv-m-sotiladi-7234266,58.0,3,4,1,2026-08-21T23:55:40+00:00
7234269,2026-08-05,Sergeli,2,51000,https://hata.uz/en/listings/object/prodaetsia-kvartira-v-novostroike-grand-siti-ploshchad-495-m2-7234269,49.5,5,6,1,2026-08-21T23:55:40+00:00
7234273,2026-08-05,Sergeli,2,54500,https://hata.uz/en/listings/object/boshlangich-tulov-19-800-subsidiia-va-ipotekaga-2-khona-podkliuch-kvartira-7234273,56.0,7,16,1,2026-08-21T23:55:40+00:00
7234275,2026-08-05,Sergeli,2,52000,https://hata.uz/en/listings/object/prodazha-kvartiry-sergeli-1-v-2-3-10-7234275,54.0,3,10,1,2026-08-21T23:55:40+00:00
7234282,2026-08-05,Sergeli,2,175000,https://hata.uz/en/listings/object/ekskliuzivnaia-novostroika-na-ts-1-eko-park-7234282,55.0,8,9,1,2026-08-21T23:55:40+00:00
7234287,2026-08-05,Sergeli,3,66000,https://hata.uz/en/listings/object/maydoni-76-kvadrat-yangihayot-sputnik-16a-massivdan-16-9-3-7234287,76.0,9,16,1,2026-08-21T23:55:40+00:00
7234288,2026-08-05,Sergeli,2,60200,https://hata.uz/en/listings/object/cvoia-sergeli-iangi-dapxon-2-2-16-novostroika-59m2-ipoteka-7234288,59.0,2,16,1,2026-08-21T23:55:40+00:00
7234291,2026-08-05,Sergeli,28,25777,https://hata.uz/en/listings/object/sergeli-5-bekat-oldida-kv-sotiladi-iengi-kulilgan-dumdan-7234291,28.0,8,9,1,2026-08-21T23:55:40+00:00
7234292,2026-08-05,Sergeli,2,62500,https://hata.uz/en/listings/object/srochna-sotiladi-7234292,55.0,4,7,1,2026-08-21T23:55:40+00:00
7234295,2026-08-05,Uchtepa,3,71900,https://hata.uz/en/listings/object/kvartira-algaritim-sotiladi-83-kv-1-etaj-7234295,83.0,1,3,1,2026-08-21T23:55:40+00:00
7234297,2026-08-05,Uchtepa,3,67000,https://hata.uz/en/listings/object/prodaetsia-3-komnatnaia-kvartira-na-algoritme-7234297,72.0,9,9,0,2026-08-21T23:55:40+00:00
7234302,2026-08-05,Uchtepa,5,110000,https://hata.uz/en/listings/object/5-komnatnaia-kvartira-prodaetsia-srochno-evro-remont-7234302,100.0,2,4,0,2026-08-21T23:55:40+00:00
7234309,2026-08-05,Uchtepa,4,100000,https://hata.uz/en/listings/object/4-komnatnaia-kvartira-3-peredelana-v-4-s-mebeliu-i-tekhnikoi-7234309,77.0,2,4,0,2026-08-21T23:55:40+00:00
7234313,2026-08-05,Uchtepa,3,72000,https://hata.uz/en/listings/object/3-khonalik-kvartira-7234313,72.0,8,9,0,2026-08-21T23:55:40+00:00
7234319,2026-08-05,Shayhontohur,3,170000,https://hata.uz/en/listings/object/kvartira-v-novostroike-7234319,100.0,3,5,1,2026-08-21T23:55:40+00:00
7234324,2026-08-05,Shayhontohur,3,115000,https://hata.uz/en/listings/object/qoratosh-3-xonali-kvartira-7234324,82.0,2,5,0,2026-08-21T23:55:40+00:00
7234332,2026-08-05,Chilonzor,1,46500,https://hata.uz/en/listings/object/pradaetsia-svoia-1-komnata-chilonzor-9-7234332,25.0,1,4,0,2026-08-21T23:55:40+00:00
7234334,2026-08-05,Chilonzor,2,48200,https://hata.uz/en/listings/object/algoritm-31-kvartal-2-khona-7234334,44.0,4,4,0,2026-08-21T23:55:40+00:00
7234338,2026-08-05,Chilonzor,4,100000,https://hata.uz/en/listings/object/prodaiu-4-kom-kvartiru-riadom-s-metro-novza-7234338,74.0,4,5,0,2026-08-21T23:55:40+00:00
7234340,2026-08-05,Chilonzor,2,85000,https://hata.uz/en/listings/object/2-1-12-algoritm-mozhno-pod-ofis-7234340,80.0,1,9,0,2026-08-21T23:55:40+00:00
7234362,2026-08-05,Shayhontohur,2,50000,https://hata.uz/en/listings/object/prodaetsia-kvartira-1-v-2-7234362,41.0,3,4,0,2026-08-21T23:55:40+00:00
7234363,2026-08-05,Shayhontohur,3,99000,https://hata.uz/en/listings/object/shaxar-markazi-3-3-4-fayzli-maxalla-yashashga-tayyor-uy-egasidan-7234363,70.0,3,4,0,2026-08-21T23:55:40+00:00
7234365,2026-08-05,Shayhontohur,5,145000,https://hata.uz/en/listings/object/druzhba-dupleks-5-kom-100-kv-m-7234365,100.0,5,6,1,2026-08-21T23:55:40+00:00
7234367,2026-08-05,Shayhontohur,4,250000,https://hata.uz/en/listings/object/prodaetsia-svoia-kvartira-7234367,130.0,2,5,1,2026-08-21T23:55:40+00:00
7234378,2026-08-05,Shayhontohur,2,87000,https://hata.uz/en/listings/object/toshkent-sitii-enida-gunchada-ui-sotiladi-7234378,62.0,4,9,0,2026-08-21T23:55:40+00:00
7234382,2026-08-05,Shayhontohur,2,103000,https://hata.uz/en/listings/object/prodaetsia-svoia-2kh-komnatnaia-kvartira-sebzor-zhk-golden-house-7234382,57.0,5,7,1,2026-08-21T23:55:40+00:00
7234383,2026-08-05,Shayhontohur,3,144000,https://hata.uz/en/listings/object/prodaetsia-3-3-10-shaikhantakhur-zhk-minor-river-mechet-minor-7234383,85.0,3,10,1,2026-08-21T23:55:40+00:00
7234386,2026-08-05,Shayhontohur,3,125000,https://hata.uz/en/listings/object/prodazha-kvartir-s-remontom-7234386,80.0,7,10,1,2026-08-21T23:55:40+00:00
7234390,2026-08-05,Shayhontohur,2,37000,https://hata.uz/en/listings/object/qorasuv-obl-gai-2-xona-uy-sotiladi-7234390,59.0,1,4,0,2026-08-21T23:55:40+00:00
7234403,2026-08-05,Yunusobod,3,205000,https://hata.uz/en/listings/object/prodam-kvartiru-v-tsentre-goroda-4-kh-peredelannaia-v-3-kh-na-ts-4-7234403,110.0,4,9,0,2026-08-21T23:55:40+00:00
7234405,2026-08-05,Yunusobod,3,115000,https://hata.uz/en/listings/object/srochno-prodaetsia-kvartira-3-kh-komnatnaia-7234405,67.5,4,4,0,2026-08-21T23:55:40+00:00
7234409,2026-08-05,Yunusobod,3,83416,https://hata.uz/en/listings/object/srochno-prodaetsia-3-kh-komn-64-kv-kvartira-labzak-s-mes-dokhodom-7234409,63.0,3,4,0,2026-08-21T23:55:40+00:00
7234417,2026-08-05,Yunusobod,2,61000,https://hata.uz/en/listings/object/srochno-prodaetsia-svoia-kvartira-7234417,42.0,3,5,0,2026-08-21T23:55:40+00:00
7234428,2026-08-05,Yakkasaroy,3,128000,https://hata.uz/en/listings/object/iakkasaroida-kvartira-sotiladi-evroremont-7234428,70.0,7,9,1,2026-08-21T23:55:40+00:00
7234429,2026-08-05,Yakkasaroy,2,77000,https://hata.uz/en/listings/object/prodaetsia-kvartira-sergeli-6a-7234429,67.22,1,7,1,2026-08-21T23:55:40+00:00
7234467,2026-08-05,Yashnobod,3,89000,https://hata.uz/en/listings/object/makhtumkuli-121-3-2-9-7234467,54.0,2,9,1,2026-08-21T23:55:40+00:00
7234476,2026-08-05,Yashnobod,3,125000,https://hata.uz/en/listings/object/uy-toza-sastayanya-yevro-remont-7234476,85.0,8,13,1,2026-08-21T23:55:40+00:00
7234480,2026-08-05,Yashnobod,2,66202,https://hata.uz/en/listings/object/prodaetsia-2-3-poslednii-etazh-kirpich-s-remontom-i-tekhnikoi-7234480,60.0,4,4,0,2026-08-21T23:55:40+00:00
7234482,2026-08-05,Yashnobod,1,35000,https://hata.uz/en/listings/object/prodaetsia-kvartira-7234482,2666.0,1,2,0,2026-08-21T23:55:40+00:00
7235096,2026-08-05,Olmazor,4,87000,https://hata.uz/en/listings/object/prodaetsia-kvartira-4-kh-komnatnaia-7235096,98.0,9,9,0,2026-08-21T23:55:40+00:00
7235098,2026-08-05,Olmazor,1,30000,https://hata.uz/en/listings/object/byvshii-obshchezhitie-sotiladi-7235098,26.0,9,9,0,2026-08-21T23:55:40+00:00
7235099,2026-08-05,Olmazor,3,145000,https://hata.uz/en/listings/object/zh-k-sagbon-bauraum-3-6-7-7235099,106.64,6,7,1,2026-08-21T23:55:40+00:00
7235100,2026-08-04,Olmazor,3,200000,https://hata.uz/en/listings/object/srosno-3-3-5-prodaetsia-kvartira-7235100,114.0,3,5,1,2026-08-21T23:55:40+00:00
7235101,2026-08-05,Olmazor,1,35000,https://hata.uz/en/listings/object/prodaetsia-kvartira-v-novostroike-7235101,34.0,2,20,1,2026-08-21T23:55:40+00:00
7235103,2026-08-05,Olmazor,3,107000,https://hata.uz/en/listings/object/shoshilinch-qoraqamish-2-5-da-yangi-gishtli-dom-3-xonali-evroremont-7235103,94.0,3,5,1,2026-08-21T23:55:40+00:00
7235104,2026-08-05,Olmazor,2,83000,https://hata.uz/en/listings/object/novastroyka-sotiladi-nurafshon-yo-lida-7235104,76.0,8,10,1,2026-08-21T23:55:40+00:00
7235110,2026-08-05,Olmazor,2,80000,https://hata.uz/en/listings/object/kora-kamish-2-1-kommunizm-7235110,66.0,6,9,1,2026-08-21T23:55:40+00:00
7235116,2026-08-05,Olmazor,3,130000,https://hata.uz/en/listings/object/olmazor-sitida-ui-sotiladi-7235116,78.0,7,9,1,2026-08-21T23:55:40+00:00
7235117,2026-08-05,Olmazor,2,57000,https://hata.uz/en/listings/object/prodaetsia-kvartira-a-assalom-zhomii-ot-golden-hause-7235117,39.0,7,13,1,2026-08-21T23:55:40+00:00
7235118,2026-08-05,Olmazor,4,115000,https://hata.uz/en/listings/object/prodaetsia-kvartira-4-8-9-karasarai-qorasaroy-vdol-dorogi-7235118,110.6,8,9,1,2026-08-21T23:55:40+00:00
7235126,2026-08-05,Bektemir,1,40500,https://hata.uz/en/listings/object/kvartira-1khonali-novastroika-kadastr-taior-sotiladi-7235126,39.0,11,16,1,2026-08-21T23:55:40+00:00
7235130,2026-08-05,Bektemir,6,105000,https://hata.uz/en/listings/object/ui-srochno-sotiladi-7235130,6.0,1,1,1,2026-08-21T23:55:40+00:00
7235132,2026-08-05,Bektemir,3,68000,https://hata.uz/en/listings/object/3-xona-uy-sotiladi-bektemir-tumani-musaffo-maskan-novostroyka-7235132,69.0,6,10,0,2026-08-21T23:55:40+00:00
7235133,2026-08-05,Bektemir,2,60000,https://hata.uz/en/listings/object/kvartira-v-bektemirskom-raione-s-mebeliu-7235133,60.0,1,2,0,2026-08-21T23:55:40+00:00
7235136,2026-08-05,Bektemir,1,35000,https://hata.uz/en/listings/object/1-komnatnaia-kvartira-7235136,27.0,1,5,0,2026-08-21T23:55:40+00:00
7235137,2026-08-05,Bektemir,1,40000,https://hata.uz/en/listings/object/1-komn-kv-na-vodnike-7235137,41.0,9,9,0,2026-08-21T23:55:40+00:00
7235138,2026-08-05,Bektemir,3,78000,https://hata.uz/en/listings/object/uy-sotiladi-4-etajli-3-etaj-3-xona-7235138,70.0,3,4,0,2026-08-21T23:55:40+00:00
7235139,2026-08-05,Bektemir,2,55000,https://hata.uz/en/listings/object/prodaetsia-2-kh-komnatnaia-kvartira-7235139,64.0,9,9,0,2026-08-21T23:55:40+00:00
7235142,2026-08-05,Yashnobod,1,47000,https://hata.uz/en/listings/object/srochno-prodaetsia-svoia-kvartira-1-3-9-7235142,42.0,3,9,0,2026-08-21T23:55:40+00:00
7235143,2026-08-05,Yashnobod,3,62000,https://hata.uz/en/listings/object/3-xonali-uy-qora-qamish-1-1-7235143,66.0,4,5,0,2026-08-21T23:55:40+00:00
7235154,2026-08-05,Yashnobod,2,75000,https://hata.uz/en/listings/object/srochna-sotiladi-zhk-azia-khaus-7235154,82.0,5,8,1,2026-08-21T23:55:40+00:00
7235159,2026-08-05,Mirobod,2,75000,https://hata.uz/en/listings/object/kvartira-2-1-4-na-iunusabade-12-7235159,54.0,1,4,0,2026-08-21T23:55:40+00:00
7235160,2026-08-04,Mirobod,4,365000,https://hata.uz/en/listings/object/prodaetsia-kvartira-na-tarasa-shevchenko-7235160,182.0,3,9,0,2026-08-21T23:55:40+00:00
7235175,2026-08-05,Mirobod,3,73000,https://hata.uz/en/listings/object/srochnyi-kvartira-sotiladi-7235175,67.0,4,4,0,2026-08-21T23:55:40+00:00
7235176,2026-08-05,Mirobod,2,92500,https://hata.uz/en/listings/object/srochno-novostroika-evro-remont-polnostiu-obstavlena-7235176,60.0,10,11,1,2026-08-21T23:55:40+00:00
7235198,2026-08-05,Mirzo Ulugbek,5,149000,https://hata.uz/en/listings/object/5-khonali-kvartira-sotiladi-2-etazh-4-etazhli-gishtli-ui-103-kv-m-7235198,103.0,2,4,0,2026-08-21T23:55:40+00:00
7235199,2026-08-05,Mirzo Ulugbek,3,145000,https://hata.uz/en/listings/object/kvartira-buiuk-ipak-iuli-maksim-gorkii-orientir-chaikhana-salom-7235199,70.0,7,9,0,2026-08-21T23:55:40+00:00
7235200,2026-08-05,Mirzo Ulugbek,4,135000,https://hata.uz/en/listings/object/srochno-prodaiu-svoiu-kvartiru-v-mirzo-ulugbekskom-r-ne-karasu-6-7235200,93.0,6,9,0,2026-08-21T23:55:40+00:00
7235208,2026-08-05,Mirzo Ulugbek,5,96000,https://hata.uz/en/listings/object/kvartira-sotiladi-7235208,85.0,1,4,0,2026-08-21T23:55:40+00:00
7235210,2026-08-05,Mirzo Ulugbek,3,118000,https://hata.uz/en/listings/object/srochno-mirzo-ulugbek-tumanida-3-khona-4-etazh-6-etazhka-7235210,73.0,4,6,1,2026-08-21T23:55:40+00:00
7235233,2026-08-05,Sergeli,2,52500,https://hata.uz/en/listings/object/green-house-fayzli-uylar-yangi-hayot-tumani-7235233,62.0,2,9,1,2026-08-21T23:55:40+00:00
7235234,2026-08-05,Sergeli,3,78000,https://hata.uz/en/listings/object/sergilida-3-xonali-uy-sotiladi-7235234,57.0,1,7,1,2026-08-21T23:55:40+00:00
7235237,2026-08-05,Sergeli,2,65000,https://hata.uz/en/listings/object/sergeli-10-khudud-ui-iakhshi-kholatda-7etazh-2-khonali-7235237,57.0,7,9,1,2026-08-21T23:55:40+00:00
7235241,2026-08-05,Sergeli,3,125000,https://hata.uz/en/listings/object/prodaetsia-kvartira-3-kom-5-etazh-7-etazhnyi-dom-100-kv-m-7235241,100.0,5,7,1,2026-08-21T23:55:40+00:00
7235261,2026-08-05,Uchtepa,2,65000,https://hata.uz/en/listings/object/kvartira-64-kv-m-karobka-s-kadastorom-parkovka-na-zhk-white-residence-7235261,64.0,8,9,1,2026-08-21T23:55:40+00:00
7235262,2026-08-05,Uchtepa,3,119800,https://hata.uz/en/listings/object/uchtepa-taqachi-novostroyka-3-xona-98-kv-7235262,98.0,4,5,1,2026-08-21T23:55:40+00:00
7235263,2026-08-05,Uchtepa,3,73000,https://hata.uz/en/listings/object/chilonzor-21-kv-3-komnata-prodaetsia-7235263,63.0,1,4,0,2026-08-21T23:55:40+00:00
7235277,2026-08-05,Uchtepa,6,170000,https://hata.uz/en/listings/object/algaritm-g-35-6-3-9-7235277,138.0,3,9,0,2026-08-21T23:55:40+00:00
7235280,2026-08-05,Uchtepa,4,85000,https://hata.uz/en/listings/object/prodaiu-svoiu-kvartiru-na-farkhadskom-7235280,90.5,5,5,0,2026-08-21T23:55:40+00:00
7235281,2026-08-05,Uchtepa,2,66000,https://hata.uz/en/listings/object/uy-dom-sotiladi-7235281,60.0,4,2,0,2026-08-21T23:55:40+00:00
7235301,2026-08-05,Shayhontohur,3,2500,https://hata.uz/en/listings/object/prodazha-kvartira-7235301,89.0,10,10,1,2026-08-21T23:55:40+00:00
7235302,2026-08-05,Chilonzor,2,19999,https://hata.uz/en/listings/object/zhk-orzular-maskani-7235302,51.0,4,9,1,2026-08-21T23:55:40+00:00
7235303,2026-08-05,Chilonzor,2,61000,https://hata.uz/en/listings/object/chilonzor-11-kvartalda-2-khonali-kvartira-sotiladi-7235303,48.0,4,4,0,2026-08-21T23:55:40+00:00
7235305,2026-08-05,Chilonzor,2,51000,https://hata.uz/en/listings/object/prodaetsia-kvartira-7235305,40.0,2,4,0,2026-08-21T23:55:40+00:00
7235309,2026-08-05,Chilonzor,2,56000,https://hata.uz/en/listings/object/chilonzor-24-kv-2-xonali-bez-rimont-7235309,44.7,1,4,1,2026-08-21T23:55:40+00:00
7235313,2026-08-05,Chilonzor,2,55000,https://hata.uz/en/listings/object/prodam-svoiu-2-komnatnaiu-kvartiru-v-chilanzarkom-raione-9-kvartal-afruz-7235313,48.0,4,4,0,2026-08-21T23:55:40+00:00
7235327,2026-08-05,Chilonzor,3,80000,https://hata.uz/en/listings/object/srochno-prodaetsia-3-kh-kom-ia-v-chil-8-77-seriia-7235327,78.0,5,5,0,2026-08-21T23:55:40+00:00
7235330,2026-08-05,Chilonzor,2,63000,https://hata.uz/en/listings/object/uiutnaia-kvartira-v-samom-tsentre-chilanzara-7235330,30.0,4,4,0,2026-08-21T23:55:40+00:00
7235331,2026-08-05,Shayhontohur,2,75500,https://hata.uz/en/listings/object/prodaetsia-kvartira-2-3-2-9-kinoteatr-guncha-metro-tinchlik-7235331,56.94,2,9,0,2026-08-21T23:55:40+00:00
7235355,2026-08-05,Shayhontohur,2,65000,https://hata.uz/en/listings/object/srochna-uy-sotiladi-2-xonalik-60-kv-7235355,60.16,7,7,1,2026-08-21T23:55:40+00:00
7235365,2026-08-05,Yunusobod,3,161000,https://hata.uz/en/listings/object/prodaetsia-ofis-noturarzhoi-sotiladi-7235365,84.0,1,9,0,2026-08-21T23:55:40+00:00
7235374,2026-08-05,Yunusobod,2,86900,https://hata.uz/en/listings/object/yunusobod-13-kv-2-8-8-ozimmi-uyim-srochna-7235374,82.0,8,8,1,2026-08-21T23:55:40+00:00
7235378,2026-08-05,Yunusobod,3,126000,https://hata.uz/en/listings/object/iunusabad-11-3-10-10-novostroika-orientir-megaplanet-7235378,85.0,9,10,1,2026-08-21T23:55:40+00:00
7235379,2026-08-05,Yunusobod,2,77000,https://hata.uz/en/listings/object/iunusabad-8-2-9-10-novostroika-komfort-khaus-orientir-krug-7235379,40.0,9,10,1,2026-08-21T23:55:40+00:00
7235380,2026-08-05,Yunusobod,2,61500,https://hata.uz/en/listings/object/iunusabad-8-2-3-10-7235380,45.0,3,10,1,2026-08-21T23:55:40+00:00
7235381,2026-08-05,Yunusobod,3,123000,https://hata.uz/en/listings/object/iunusabad-8-3-3-10-orientir-krug-uneversam-7235381,72.0,3,10,1,2026-08-21T23:55:40+00:00
7235386,2026-08-05,Yunusobod,2,60000,https://hata.uz/en/listings/object/qoyliq-massivda-uy-srochna-2xona-sotiladi-kvartira-prodam-srochna-7235386,57.0,1,5,0,2026-08-21T23:55:40+00:00
7235387,2026-08-05,Yunusobod,3,80000,https://hata.uz/en/listings/object/prodaetsia-3kh-komnatnaia-kvartira-7235387,56.0,4,5,0,2026-08-21T23:55:40+00:00
7235396,2026-08-05,Yunusobod,2,68000,https://hata.uz/en/listings/object/2kh-komnatnaia-kvartira-chinabad-7235396,60.0,2,2,1,2026-08-21T23:55:40+00:00
7235397,2026-08-05,Yunusobod,4,160000,https://hata.uz/en/listings/object/prodaetsia-prostornaia-4-komnatnaia-kvartira-v-tsentre-goroda-7235397,106.0,4,9,0,2026-08-21T23:55:40+00:00
7235402,2026-08-05,Yunusobod,1,62000,https://hata.uz/en/listings/object/prodaetsia-novostroika-45-kv-v-iunusabadskom-raione-7235402,45.0,6,9,1,2026-08-21T23:55:40+00:00
7235408,2026-08-05,Yakkasaroy,4,170000,https://hata.uz/en/listings/object/uy-sotiladi-toshkent-sivlizatsiya-yonida-7235408,3.1,1,2,0,2026-08-21T23:55:40+00:00
7235411,2026-08-05,Yakkasaroy,2,86000,https://hata.uz/en/listings/object/2-xonalik-kvartira-65m2-metro-yonida-mirzo-ulugbek-7235411,65.0,2,9,0,2026-08-21T23:55:40+00:00
7235412,2026-08-05,Yakkasaroy,2,72000,https://hata.uz/en/listings/object/kvartira-17-kv-2kh-komnatnaia-na-2-etazhe-7235412,41.0,2,4,0,2026-08-21T23:55:40+00:00
7235419,2026-08-04,Yakkasaroy,3,114000,https://hata.uz/en/listings/object/prodazha-kvartiry-bez-maklera-evro-remont-7235419,58.2,2,7,1,2026-08-21T23:55:40+00:00
7235430,2026-08-05,Yakkasaroy,2,68500,https://hata.uz/en/listings/object/yakkasaroy-boshliq-mahalla-2xonali-uy-sotiladi-7235430,50.0,3,5,0,2026-08-21T23:55:40+00:00
7235433,2026-08-05,Yakkasaroy,2,85000,https://hata.uz/en/listings/object/dvukhkomnatnaia-kvartira-na-shota-rustaveli-7235433,48.0,5,5,0,2026-08-21T23:55:40+00:00
7235435,2026-08-05,Yashnobod,3,110000,https://hata.uz/en/listings/object/svoia-3kh-komnatnaia-kvartira-iashnabadskii-r-ul-makhtumkuli-7235435,78.0,2,7,0,2026-08-21T23:55:40+00:00
7235437,2026-08-05,Yashnobod,1,41026,https://hata.uz/en/listings/object/prodam-kvartiru-zhk-green-park-buz-suv-7235437,28.0,14,16,1,2026-08-21T23:55:40+00:00
7235438,2026-08-05,Yashnobod,2,46500,https://hata.uz/en/listings/object/2-komnatnaia-kvartira-v-zhk-assalom-havo-zhkda-2-xonali-kvartira-7235438,39.4,5,5,1,2026-08-21T23:55:40+00:00
7236257,2026-08-05,Olmazor,3,70000,https://hata.uz/en/listings/object/3-khonali-ui-2-etazh-7236257,73.0,2,9,1,2026-08-21T23:55:40+00:00
7236258,2026-08-05,Olmazor,3,80000,https://hata.uz/en/listings/object/kvartira-sotiladi-3-xonali-7236258,73.0,3,4,0,2026-08-21T23:55:40+00:00
7236259,2026-08-05,Olmazor,3,78000,https://hata.uz/en/listings/object/prodaetsia-svoia-kvartira-srochno-7236259,70.0,3,4,0,2026-08-21T23:55:40+00:00
7236264,2026-08-05,Olmazor,1,64000,https://hata.uz/en/listings/object/olmazor-tumani-olmazor-sitida-novostroika-sotiladi-7236264,50.0,1,9,1,2026-08-21T23:55:40+00:00
7236265,2026-08-05,Olmazor,3,85000,https://hata.uz/en/listings/object/ui-sotiladi-83kv-3-5-9-mebel-tekhnika-khammasi-bilan-7236265,83.0,5,9,0,2026-08-21T23:55:40+00:00
7236270,2026-08-05,Olmazor,4,178000,https://hata.uz/en/listings/object/komfort-klassdagi-ianggi-tamirlangan-khonadon-korobka-narkhida-sotiladi-7236270,162.0,9,9,0,2026-08-21T23:55:40+00:00
7236284,2026-08-05,Olmazor,4,135000,https://hata.uz/en/listings/object/prodaetsia-kvartira-almazarskii-raion-tansikboev-7236284,84.0,1,5,0,2026-08-21T23:55:40+00:00
7236285,2026-08-05,Olmazor,4,105000,https://hata.uz/en/listings/object/srochno-prodaiutsia-kvartira-7236285,100.0,8,9,0,2026-08-21T23:55:40+00:00
7236289,2026-08-05,Bektemir,3,85000,https://hata.uz/en/listings/object/bektemir-77-seria-3-xona-2-4-7236289,72.0,2,4,0,2026-08-21T23:55:40+00:00
7236290,2026-08-05,Bektemir,2,121500,https://hata.uz/en/listings/object/novostroika-zhk-ozmakon-alfraganus-severnyi-mirobod-7236290,60.0,13,14,1,2026-08-21T23:55:40+00:00
7236291,2026-08-05,Bektemir,2,54272,https://hata.uz/en/listings/object/prodaiu-svoi-2-komnatnyi-kvartiru-na-massiv-vodnik-musaffo-maskan-7236291,52.0,1,10,1,2026-08-21T23:55:40+00:00
7236293,2026-08-05,Bektemir,2,40500,https://hata.uz/en/listings/object/bektemir-tumani-iik-ota-massivida-1-kavatdan-2-khonalik-ui-sotiladi-7236293,50.2,1,10,1,2026-08-21T23:55:40+00:00
7236295,2026-08-05,Bektemir,2,65000,https://hata.uz/en/listings/object/prodam-svoiu-2kh-komnatnuiu-nrzh-bakht-7236295,44.0,1,9,1,2026-08-21T23:55:40+00:00
7236300,2026-08-05,Bektemir,3,100000,https://hata.uz/en/listings/object/prodaetsia-3kh-komnatnaia-kvartira-v-novostroike-na-pervom-etazhe-7236300,113.0,1,5,1,2026-08-21T23:55:40+00:00
7236305,2026-08-05,Bektemir,3,50000,https://hata.uz/en/listings/object/prodaetsia-svoia-kvartira-7236305,47.0,1,2,0,2026-08-21T23:55:40+00:00
7236306,2026-08-05,Bektemir,2,52000,https://hata.uz/en/listings/object/srochni-sotiladi-kadeshvada-1-2-4-5-7236306,40.0,4,5,0,2026-08-21T23:55:40+00:00
7236307,2026-08-05,Bektemir,2,45000,https://hata.uz/en/listings/object/prodaetsia-kvartira-2-komnatnye-7236307,41.0,2,2,1,2026-08-21T23:55:40+00:00
7236308,2026-08-05,Yashnobod,4,170000,https://hata.uz/en/listings/object/chetyrekhkomnatnaia-kvartira-dlia-bolshoi-semi-7236308,98.0,1,9,0,2026-08-21T23:55:40+00:00
7236309,2026-08-05,Yashnobod,2,58500,https://hata.uz/en/listings/object/uy-2xona-2-2-3-yashnobod-tumani-artel-do-m-7236309,57.0,2,3,1,2026-08-21T23:55:40+00:00
7236310,2026-08-05,Yashnobod,2,60000,https://hata.uz/en/listings/object/uyning-xolati-yaxshi-toza-7236310,51.0,4,4,0,2026-08-21T23:55:40+00:00
7236328,2026-08-05,Mirobod,3,345000,https://hata.uz/en/listings/object/mirobod-chexov-turar-joy-majmuasi-3-xonali-xonadon-zudlik-bilan-7236328,108.0,7,10,1,2026-08-21T23:55:40+00:00
7236333,2026-08-05,Mirobod,3,180000,https://hata.uz/en/listings/object/prodaetsia-zhk-uzbegim-svoia-3-komn-4-etazh-104kv-7236333,104.0,4,14,1,2026-08-21T23:55:40+00:00
7236338,2026-08-05,Mirobod,3,155000,https://hata.uz/en/listings/object/svoia-zhk-oz-makon-3-15-16-75m2-ot-golden-house-7236338,75.0,15,16,1,2026-08-21T23:55:40+00:00
7236339,2026-08-05,Mirobod,2,42500,https://hata.uz/en/listings/object/grand-siti-svoia-prodaetsia-kvartira-2-3-6-7236339,42.0,3,6,1,2026-08-21T23:55:40+00:00
7236343,2026-08-05,Mirobod,4,249999,https://hata.uz/en/listings/object/4-komnatnaia-kvartira-na-darkhane-7236343,140.0,2,4,0,2026-08-21T23:55:40+00:00
7236344,2026-08-05,Mirobod,3,230000,https://hata.uz/en/listings/object/3-khona-ofis-uchun-ts1-7236344,85.0,1,4,0,2026-08-21T23:55:40+00:00
7236352,2026-08-05,Mirobod,1,115000,https://hata.uz/en/listings/object/svoia-kvartira-v-otlichnom-sostoianii-1-komnatnaia-peredelannaia-v-2kh-7236352,52.0,5,9,0,2026-08-21T23:55:40+00:00
7236358,2026-08-05,Mirobod,4,215000,https://hata.uz/en/listings/object/ppodaiu-4-kh-komnatnuiu-kvartiru-153kv-m-na-2-m-etazhe-7236358,153.0,2,12,0,2026-08-21T23:55:40+00:00
7236363,2026-08-05,Mirzo Ulugbek,4,105000,https://hata.uz/en/listings/object/srochno-prodaetsia-svoia-kvartira-na-novomoskovskoi-otlichnaia-tsena-7236363,103.0,2,3,0,2026-08-21T23:55:40+00:00
7236383,2026-08-05,Mirzo Ulugbek,4,135000,https://hata.uz/en/listings/object/srochno-prodaiu-svoiu-kvartiru-v-mirzo-ulugbekskom-r-ne-karasu-6-7236383,93.0,6,9,0,2026-08-21T23:55:40+00:00
7236384,2026-08-05,Mirzo Ulugbek,3,230000,https://hata.uz/en/listings/object/prodaetsia-kvartira-mirza-ulugbeksii-raion-7236384,130.0,4,7,1,2026-08-21T23:55:40+00:00
7236389,2026-08-05,Mirzo Ulugbek,2,70000,https://hata.uz/en/listings/object/prodaetsia-kvartira-2-kh-komnatnaia-na-khiumaiun-7236389,70.0,4,9,0,2026-08-21T23:55:40+00:00
7236392,2026-08-05,Sergeli,2,48000,https://hata.uz/en/listings/object/subsidiia-eki-birlamchi-ipotekaga-2-khonali-podkliuch-sotiladi-7236392,56.0,7,16,1,2026-08-21T23:55:40+00:00
7236393,2026-08-05,Sergeli,4,107000,https://hata.uz/en/listings/object/iangikhaet-raion-prodaetsia-kvartira-dublikat-57-57-m2-7236393,114.0,1,4,1,2026-08-21T23:55:40+00:00
7236395,2026-08-05,Sergeli,3,67000,https://hata.uz/en/listings/object/prodaetsia-kvartira-2-3-7236395,60.0,2,2,0,2026-08-21T23:55:40+00:00
7236396,2026-08-05,Sergeli,2,71900,https://hata.uz/en/listings/object/prodaetsia-2kh-komnatnaia-kvartira-v-novostroike-iangt-khaet-8-9-khudud-7236396,72.0,12,16,1,2026-08-21T23:55:40+00:00
7236397,2026-08-05,Sergeli,3,97000,https://hata.uz/en/listings/object/iangi-remonttan-chikkan-7236397,86.0,9,9,0,2026-08-21T23:55:40+00:00
7236399,2026-08-05,Sergeli,4,105000,https://hata.uz/en/listings/object/prodoetsia-4-9-9-khoroshaia-uiutnaia-kvartira-ochen-khoroshaia-lokatsiia-7236399,100.0,9,9,0,2026-08-21T23:55:40+00:00
7236400,2026-08-05,Sergeli,3,80000,https://hata.uz/en/listings/object/2-xona-3-xona-qilingan-uy-74-m2-7236400,74.0,2,6,1,2026-08-21T23:55:40+00:00
7236401,2026-08-05,Sergeli,2,63000,https://hata.uz/en/listings/object/prodaetsia-2-kh-komnatnaia-kvartira-7236401,60.0,1,16,0,2026-08-21T23:55:40+00:00
7236417,2026-08-05,Sergeli,2,65000,https://hata.uz/en/listings/object/sergeli-10-khudud-ui-iakhshi-kholatda-7etazh-2-khonali-7236417,57.0,7,9,1,2026-08-21T23:55:40+00:00
7236421,2026-08-05,Uchtepa,1,55800,https://hata.uz/en/listings/object/kukcha-oktepa-1-2-10-10-zhk-art-house-novostroika-s-remontom-7236421,55.55,10,10,1,2026-08-21T23:55:40+00:00
7236422,2026-08-05,Uchtepa,2,21200,https://hata.uz/en/listings/object/srochna-2-xonali-uy-sotiladi-7236422,54.0,8,16,1,2026-08-21T23:55:40+00:00
7236425,2026-08-05,Uchtepa,3,65000,https://hata.uz/en/listings/object/srochno-prodaiu-kvartira-3kom-za-65-tysiach-nalichnymi-7236425,77.0,4,9,0,2026-08-21T23:55:40+00:00
7236432,2026-08-05,Uchtepa,2,74922,https://hata.uz/en/listings/object/uchtepa-tumanida-2-khonalik-ui-sotiladi-7236432,44.96,1,5,0,2026-08-21T23:55:40+00:00
7236440,2026-08-05,Uchtepa,2,65000,https://hata.uz/en/listings/object/chilonzor-15-kvl-kvartira-2-4-4-7236440,50.0,4,4,0,2026-08-21T23:55:40+00:00
7236441,2026-08-05,Uchtepa,2,90700,https://hata.uz/en/listings/object/ipoteka-obmen-barter-svoia-2kh-kom-kv-udobno-pod-liuboi-biznes-25-kv-chil-7236441,58.0,1,4,0,2026-08-21T23:55:40+00:00
7236444,2026-08-05,Uchtepa,4,92413,https://hata.uz/en/listings/object/4-kh-komnatnaia-kvartira-23-kvartal-uchtepinskii-raion-7236444,79.38,3,5,0,2026-08-21T23:55:40+00:00
7236445,2026-08-05,Chilonzor,1,26500,https://hata.uz/en/listings/object/1-kvartira-iashnabadskii-raion-7236445,20.0,4,5,0,2026-08-21T23:55:40+00:00
7236446,2026-08-05,Chilonzor,1,22500,https://hata.uz/en/listings/object/iashnabadskii-raion-1-kvartira-7236446,20.0,5,5,0,2026-08-21T23:55:40+00:00
7236447,2026-08-05,Chilonzor,2,75000,https://hata.uz/en/listings/object/prodaetsia-2-2-4-kvartira-chilanzar-10-kvartal-7236447,54.0,2,4,0,2026-08-21T23:55:40+00:00
7236448,2026-08-05,Shayhontohur,3,99000,https://hata.uz/en/listings/object/aloka-shaikhantokhur-3-3-4-kirpichnyi-7236448,62.0,3,4,0,2026-08-21T23:55:40+00:00
7236449,2026-08-05,Chilonzor,4,97000,https://hata.uz/en/listings/object/srochno-prodaetsia-4-komnatnaia-kvartira-s-remontom-chilanzar-26-kvartal-7236449,77.0,3,5,0,2026-08-21T23:55:40+00:00
7236451,2026-08-05,Shayhontohur,1,63000,https://hata.uz/en/listings/object/prodaiu-svoiu-kvartiru-7236451,38.0,5,5,0,2026-08-21T23:55:40+00:00
7236459,2026-08-05,Chilonzor,3,88000,https://hata.uz/en/listings/object/srochno-svoia-3-komn-chilanzar-8-3-3-4-evroremont-pod-kliuch-vse-ostaetsia-7236459,68.0,3,4,0,2026-08-21T23:55:40+00:00
7236461,2026-08-05,Chilonzor,2,49000,https://hata.uz/en/listings/object/prodazha-kvartira-2kh-komnatnaia-na-domrabade-7236461,48.0,4,4,0,2026-08-21T23:55:40+00:00
7236465,2026-08-05,Chilonzor,2,115000,https://hata.uz/en/listings/object/novostroika-2kh-komnatnaia-chilanzar-10-7236465,60.0,1,9,1,2026-08-21T23:55:40+00:00
7236467,2026-08-05,Chilonzor,2,66500,https://hata.uz/en/listings/object/prodaetsia-2-kh-komnatnaia-kvartira-na-pervom-etazhe-7236467,58.0,1,5,0,2026-08-21T23:55:40+00:00
7236470,2026-08-05,Chilonzor,3,110000,https://hata.uz/en/listings/object/13-kvartl-uchtepa-da-7236470,84.0,1,5,1,2026-08-21T23:55:40+00:00
7236471,2026-08-05,Chilonzor,4,120000,https://hata.uz/en/listings/object/kvartira-prodaetsia-7236471,110.0,4,4,0,2026-08-21T23:55:40+00:00
7236475,2026-08-05,Chilonzor,2,46200,https://hata.uz/en/listings/object/prodam-kvartira-svoia-bez-makler-1-etazh-tsokolnyi-etazh-7236475,52.5,1,7,1,2026-08-21T23:55:40+00:00
7236478,2026-08-05,Chilonzor,3,73500,https://hata.uz/en/listings/object/prodaetsia-srochno-chilonzor-6-kvartal-15-dom-7236478,48.0,4,4,0,2026-08-21T23:55:40+00:00
7236481,2026-08-05,Chilonzor,2,52000,https://hata.uz/en/listings/object/uy-sotiladi-chilonzor-7236481,33.0,5,5,0,2026-08-21T23:55:40+00:00
7236493,2026-08-05,Shayhontohur,4,148900,https://hata.uz/en/listings/object/qoratosh-da-4-honali-kv-sotiladi-apisanyani-oqing-7236493,100.0,2,9,0,2026-08-21T23:55:40+00:00
7236505,2026-08-05,Shayhontohur,3,95000,https://hata.uz/en/listings/object/samarkand-darvoza-uch-lola-3-khona-7236505,70.0,3,7,1,2026-08-21T23:55:40+00:00
7236508,2026-08-05,Shayhontohur,3,83000,https://hata.uz/en/listings/object/3-khonali-kvartira-72-kv-metro-stantsiia-tinchlik-ts-27-7236508,72.0,4,4,0,2026-08-21T23:55:40+00:00
7236509,2026-08-05,Shayhontohur,3,195000,https://hata.uz/en/listings/object/kvartira-v-tsentre-kukcha-darvoza-7236509,137.0,5,10,1,2026-08-21T23:55:40+00:00
7236510,2026-08-05,Shayhontohur,2,83947,https://hata.uz/en/listings/object/markaz-arzon-1-kavat-2-evrokhona-ogorod-iangi-kurilish-samarkand-darvaza-7236510,56.0,1,12,1,2026-08-21T23:55:40+00:00
7236511,2026-08-05,Shayhontohur,3,80500,https://hata.uz/en/listings/object/or-r-chilanzar-aktepe-kirpichnyi-dom-balkon-2-6-shaikhontokhur-3-4-4-2-6-b-7236511,68.0,4,4,0,2026-08-21T23:55:40+00:00
7236513,2026-08-05,Shayhontohur,1,55000,https://hata.uz/en/listings/object/prodaetsia-kvartira-v-sergiliakh-7236513,53.0,4,9,1,2026-08-21T23:55:40+00:00
7236520,2026-08-05,Shayhontohur,5,175000,https://hata.uz/en/listings/object/prodaetsia-2-2-5-kvartira-na-gange-7236520,125.0,5,9,0,2026-08-21T23:55:40+00:00
7236535,2026-08-05,Yunusobod,2,125000,https://hata.uz/en/listings/object/kary-niiazova-2-4-5-darkhan-sovmin-akay-city-lift-7236535,90.0,4,6,0,2026-08-21T23:55:40+00:00
7236536,2026-08-05,Yunusobod,1,116500,https://hata.uz/en/listings/object/karobka-kvartira-na-iunusabade-nova-garden-7236536,83.0,1,6,1,2026-08-21T23:55:40+00:00
7236547,2026-08-05,Yunusobod,3,205000,https://hata.uz/en/listings/object/prodam-kvartiru-v-tsentre-goroda-4-kh-peredelannaia-v-3-kh-na-ts-4-7236547,110.0,4,9,0,2026-08-21T23:55:40+00:00
7236560,2026-08-05,Yakkasaroy,3,85900,https://hata.uz/en/listings/object/crochna-3-komnatnaia-kv-73m2-svezhii-remont-karasu-1-mirzo-ulugbek-7236560,73.0,9,9,0,2026-08-21T23:55:40+00:00
7236561,2026-08-05,Yakkasaroy,2,55000,https://hata.uz/en/listings/object/prodaetsia-2kh-komnatnaia-kvartira-v-zhk-bashkent-7236561,40.0,10,16,1,2026-08-21T23:55:40+00:00
7236563,2026-08-05,Yakkasaroy,3,121001,https://hata.uz/en/listings/object/prodaiu-evro-treshku-v-samom-tsentre-gostinitsa-rossiia-160-shkola-okean-7236563,75.0,7,9,0,2026-08-21T23:55:40+00:00
7236568,2026-08-05,Yakkasaroy,3,126500,https://hata.uz/en/listings/object/srochno-prodaiu-svoiu-kvartira-zhk-dream-house-3-komnatnaia-7236568,70.0,7,10,1,2026-08-21T23:55:40+00:00
7236569,2026-08-05,Yakkasaroy,1,50900,https://hata.uz/en/listings/object/iakkasaroi-salamatina-1-2-4-7236569,28.0,2,4,0,2026-08-21T23:55:40+00:00
7236577,2026-08-05,Yakkasaroy,2,80000,https://hata.uz/en/listings/object/prodaetsia-kvartira-na-kushbegi-7236577,56.0,3,5,0,2026-08-21T23:55:40+00:00
7236587,2026-08-05,Yakkasaroy,1,54900,https://hata.uz/en/listings/object/svoia-kvartira-1-komnatnaia-bashlyk-na-3-etazhe-127-shkola-7236587,39.0,3,4,0,2026-08-21T23:55:40+00:00
7236590,2026-08-05,Yakkasaroy,2,125000,https://hata.uz/en/listings/object/prodaetsia-kvartira-s-dizainerskim-remontom-novostroika-60m2-7236590,60.0,10,10,1,2026-08-21T23:55:40+00:00
7236593,2026-08-05,Yakkasaroy,1,54565,https://hata.uz/en/listings/object/prodaiu-1-komnatnuiu-kvartiru-42-kv-7236593,42.0,14,16,0,2026-08-21T23:55:40+00:00
7236596,2026-08-05,Yakkasaroy,3,83000,https://hata.uz/en/listings/object/prodaetsia-3kh-komnataia-kvartira-v-iakkasaraiskom-raione-7236596,86.0,16,16,0,2026-08-21T23:55:40+00:00
7236602,2026-08-05,Yashnobod,2,70000,https://hata.uz/en/listings/object/nrg-bi-sado-2-xonali-korobka-7236602,46.0,5,9,0,2026-08-21T23:55:40+00:00
7236605,2026-08-05,Yashnobod,2,75500,https://hata.uz/en/listings/object/prodaetsia-kvartira-2-8-9-v-zhk-assalom-sohil-ot-sobstvennika-7236605,48.0,8,9,1,2026-08-21T23:55:40+00:00
7236607,2026-08-05,Yashnobod,4,80000,https://hata.uz/en/listings/object/uy-sotiladi-4xona-7236607,7.0,1,1,1,2026-08-21T23:55:40+00:00
7236608,2026-08-05,Yashnobod,2,60000,https://hata.uz/en/listings/object/prodaetsia-kvartira-7236608,57.0,4,5,0,2026-08-21T23:55:40+00:00
7237234,2026-08-05,Olmazor,2,49900,https://hata.uz/en/listings/object/yashnabod-tuman-aviasozlar-3-43-58-4-4-7237234,51.0,4,4,0,2026-08-21T23:55:40+00:00
7237235,2026-08-05,Olmazor,3,99000,https://hata.uz/en/listings/object/golden-house-sagbon-nomli-navostroykasini-3-xonali-domi-sotiladi-7237235,64.4,7,9,1,2026-08-21T23:55:40+00:00
7237236,2026-08-05,Olmazor,2,98432,https://hata.uz/en/listings/object/prodaetsia-2-kh-kom-kvartira-v-zhk-almazar-city-7237236,64.18,6,9,1,2026-08-21T23:55:40+00:00
7237237,2026-08-05,Olmazor,1,36000,https://hata.uz/en/listings/object/ui-sotiladi-1-khonali-chukursoi-uzimniki-7237237,30.0,2,2,0,2026-08-21T23:55:40+00:00
7237238,2026-08-05,Olmazor,3,68000,https://hata.uz/en/listings/object/olmazor-tumani-kochani-yuzida-kvartira-sotiladi-64-kv-ozimiki-7237238,64.0,1,5,0,2026-08-21T23:55:40+00:00
7237239,2026-08-05,Olmazor,3,75000,https://hata.uz/en/listings/object/3-kh-komnatnaia-1-i-etazh-svoia-kvartira-7237239,72.0,1,4,0,2026-08-21T23:55:40+00:00
7237241,2026-08-05,Olmazor,3,131900,https://hata.uz/en/listings/object/prodaetsia-3-kh-komnatnaia-kvartira-nrg-jomiy-7237241,72.0,10,12,1,2026-08-21T23:55:40+00:00
7237242,2026-08-05,Olmazor,2,66000,https://hata.uz/en/listings/object/prodaetsia-kvartira-7237242,54.23,4,5,0,2026-08-21T23:55:40+00:00
7237244,2026-08-05,Olmazor,3,88932,https://hata.uz/en/listings/object/qora-qamish-2-4-da-kvartira-sotiladi-7237244,70.0,1,4,0,2026-08-21T23:55:40+00:00
7237245,2026-08-05,Olmazor,4,106900,https://hata.uz/en/listings/object/srochno-3-xonali-novastroyka-dom-sotiladi-3-etaj-olmazor-tumanida-94kv-7237245,94.0,3,8,0,2026-08-21T23:55:40+00:00
7237248,2026-08-05,Olmazor,3,76000,https://hata.uz/en/listings/object/3-komnotnaia-kvartira-v-dostupnykh-tsenakh-7237248,70.0,3,4,0,2026-08-21T23:55:40+00:00
7237249,2026-08-05,Olmazor,2,78900,https://hata.uz/en/listings/object/prodaetsia-v-2kh-komnatnaia-kvartira-zhk-almazar-siti-7237249,54.0,2,9,1,2026-08-21T23:55:40+00:00
7237251,2026-08-05,Olmazor,2,55000,https://hata.uz/en/listings/object/2-xona-razdelniy-7237251,54.0,4,4,0,2026-08-21T23:55:40+00:00
7237253,2026-08-05,Olmazor,3,100000,https://hata.uz/en/listings/object/prodaetsia-kvartira-8-etazh-7237253,83.0,8,9,0,2026-08-21T23:55:40+00:00
7237257,2026-08-05,Olmazor,3,62000,https://hata.uz/en/listings/object/tansikboev-3-prodazha-kvartiri-3-5-5-7237257,67.0,5,5,0,2026-08-21T23:55:40+00:00
7237258,2026-08-05,Olmazor,2,57500,https://hata.uz/en/listings/object/2-xonali-uy-sotladi-srochna-bez-makler-7237258,56.0,4,4,0,2026-08-21T23:55:40+00:00
7237267,2026-08-05,Bektemir,3,72000,https://hata.uz/en/listings/object/ui-egasidan-elon-7237267,90.0,4,4,0,2026-08-21T23:55:40+00:00
7237268,2026-08-05,Bektemir,1,57000,https://hata.uz/en/listings/object/nrg-yangi-baxt-1-44-9-prodaetsia-svoia-1-komnatnaia-kvartira-7237268,47.63,9,9,1,2026-08-21T23:55:40+00:00
7237269,2026-08-05,Bektemir,2,53000,https://hata.uz/en/listings/object/svoia-2-9-10-novostroi-zakhodi-i-zhivi-mebel-tekhnika-ostaetsia-7237269,49.0,9,10,1,2026-08-21T23:55:40+00:00
7237272,2026-08-05,Bektemir,1,45000,https://hata.uz/en/listings/object/prodam-kvartiru-novostroika-7237272,40.0,3,12,1,2026-08-21T23:55:40+00:00
7237273,2026-08-05,Bektemir,2,40000,https://hata.uz/en/listings/object/prodaetsia-kvartira-2-komnatnaia-7237273,57.0,2,2,0,2026-08-21T23:55:40+00:00
7237274,2026-08-05,Bektemir,4,75000,https://hata.uz/en/listings/object/kvartira-prodaetsia-srochno-7237274,87.0,2,4,0,2026-08-21T23:55:40+00:00
7237275,2026-08-05,Bektemir,2,673,https://hata.uz/en/listings/object/1-2-3-xonalik-xonadon-7237275,45.0,7,11,1,2026-08-21T23:55:40+00:00
7237276,2026-08-05,Bektemir,1,46500,https://hata.uz/en/listings/object/prodaetsia-1-kom-kv-iashnobod-rn-7237276,39.0,1,4,0,2026-08-21T23:55:40+00:00
7237279,2026-08-05,Bektemir,3,80000,https://hata.uz/en/listings/object/kvartira-3-kh-kom-iashnabadskii-raion-7237279,84.0,3,5,0,2026-08-21T23:55:40+00:00
7237280,2026-08-05,Bektemir,2,55000,https://hata.uz/en/listings/object/srochna-uy-sotiladi-kelishiladigan-joyi-bor-7237280,61.61,5,5,1,2026-08-21T23:55:40+00:00
7237284,2026-08-05,Yashnobod,2,62000,https://hata.uz/en/listings/object/tuzel-2-9-9-sotiladi-7237284,63.0,9,9,0,2026-08-21T23:55:40+00:00
7237290,2026-08-05,Yashnobod,2,65000,https://hata.uz/en/listings/object/kvartira-2-3-4-aviasozlar-3-7237290,49.88,3,4,0,2026-08-21T23:55:40+00:00
7237292,2026-08-04,Mirobod,2,122880,https://hata.uz/en/listings/object/svoia-2k-57-kv-m-s-remontom-novaia-zhk-ozmakon-riadom-tts-alfraganus-7237292,57.0,5,13,1,2026-08-21T23:55:40+00:00
7237316,2026-08-05,Mirzo Ulugbek,3,179900,https://hata.uz/en/listings/object/kvartira-mechty-na-parkentskom-ot-sobstvennika-7237316,117.0,6,8,1,2026-08-21T23:55:40+00:00
7237318,2026-08-05,Mirzo Ulugbek,2,69000,https://hata.uz/en/listings/object/prodaetsia-kvartira-m-v-ialangach-orentir-bazar-sherin-7237318,48.0,4,4,0,2026-08-21T23:55:40+00:00
7237323,2026-08-05,Mirzo Ulugbek,4,94900,https://hata.uz/en/listings/object/parkentskii-general-petpova-7237323,92.0,4,4,0,2026-08-21T23:55:40+00:00
7237324,2026-08-05,Mirzo Ulugbek,2,93900,https://hata.uz/en/listings/object/nrg-bi-sado-2-4-9-novyi-remont-7237324,45.0,4,9,1,2026-08-21T23:55:40+00:00
7237341,2026-08-05,Mirzo Ulugbek,1,89000,https://hata.uz/en/listings/object/sobstvennik-srochno-prodaetsia-zhk-botanika-biznes-klass-mirzo-ulugbe-7237341,37.0,15,16,1,2026-08-21T23:55:40+00:00
7237342,2026-08-05,Mirzo Ulugbek,4,105000,https://hata.uz/en/listings/object/srochno-prodaetsia-4-kh-kom-kv-3-etazh-mirzo-ulugbekskii-r-feruza-2-7237342,79.64,3,4,0,2026-08-21T23:55:40+00:00
7237350,2026-08-04,Mirzo Ulugbek,4,126900,https://hata.uz/en/listings/object/svoia-4-komnatnaia-77-seriia-kirpich-ul-parkent-generala-petrova-7237350,84.0,4,4,0,2026-08-21T23:55:40+00:00
7237397,2026-08-05,Sergeli,1,48000,https://hata.uz/en/listings/object/prodaetsia-1-komnatnaia-kvartira-38m2-1-5-7-iangi-choshtepa-7237397,38.0,5,7,0,2026-08-21T23:55:40+00:00
7237401,2026-08-05,Sergeli,3,57280,https://hata.uz/en/listings/object/novastroyka-uy-pod-kliuch-3-xona-ipoteka-subsidiyaga-ipotek-subsidiia-7237401,70.0,16,16,1,2026-08-21T23:55:40+00:00
7237404,2026-08-05,Sergeli,2,43000,https://hata.uz/en/listings/object/2-khonali-novostroika-ui-sotiladi-7237404,42.0,11,12,1,2026-08-21T23:55:40+00:00
7237406,2026-08-05,Sergeli,3,52700,https://hata.uz/en/listings/object/sergeli-stroitelnyi-novostroika-korobka-1-3-3-88-kv-m2-7237406,88.0,1,4,1,2026-08-21T23:55:40+00:00
7237409,2026-08-05,Sergeli,3,64000,https://hata.uz/en/listings/object/subsidiia-va-birlamchi-ipotekaga-3-khona-podkliuch-kvartira-7237409,68.0,8,16,0,2026-08-21T23:55:40+00:00
7237410,2026-08-05,Sergeli,2,48000,https://hata.uz/en/listings/object/boshlangich-16-000ga-2-khona-podkliuch-novostroika-ui-subsidiiaga-7237410,57.0,16,16,1,2026-08-21T23:55:40+00:00
7237411,2026-08-05,Sergeli,4,71000,https://hata.uz/en/listings/object/bez-makler-prodam-4kh-komnatnuiu-kvartiru-7237411,91.0,3,4,0,2026-08-21T23:55:40+00:00
7237412,2026-08-05,Sergeli,1,43000,https://hata.uz/en/listings/object/prodaiu-1-komnatnuiu-kvartiru-sergeli-3-7237412,38.0,2,5,0,2026-08-21T23:55:40+00:00
7237428,2026-08-05,Sergeli,3,78000,https://hata.uz/en/listings/object/yangi-darxon-uy-sotiladi-srochno-7237428,78.8,11,16,1,2026-08-21T23:55:40+00:00
7237429,2026-08-05,Sergeli,2,62000,https://hata.uz/en/listings/object/asalomalekum-avia-garadokda-2khonali-ui-sotiladidi-62kv-7237429,62.0,4,5,0,2026-08-21T23:55:40+00:00
7237430,2026-08-05,Sergeli,1,24000,https://hata.uz/en/listings/object/srochna-prodaetsia-1-komnatnaia-obshchezhetiia-v-sputnike-srochno-7237430,14.0,4,4,0,2026-08-21T23:55:40+00:00
7237438,2026-08-05,Sergeli,3,77000,https://hata.uz/en/listings/object/uiutnaia-3-komnatnaia-74m2-3-etazh-bez-realter-7237438,74.0,3,7,1,2026-08-21T23:55:40+00:00
7237439,2026-08-05,Sergeli,3,85000,https://hata.uz/en/listings/object/prodaetsia-kvartira-3-5-7-74m2-v-novostroike-7237439,74.0,5,7,1,2026-08-21T23:55:40+00:00
7237444,2026-08-05,Uchtepa,3,111000,https://hata.uz/en/listings/object/orikzor-rezidense-7237444,91.0,1,16,1,2026-08-21T23:55:40+00:00
7237445,2026-08-05,Uchtepa,3,85000,https://hata.uz/en/listings/object/prodaetsia-3kh-komnatnaia-kvartira-v-uchtepe-26-kvartal-7237445,68.0,4,5,0,2026-08-21T23:55:40+00:00
7237447,2026-08-05,Uchtepa,3,65000,https://hata.uz/en/listings/object/zhk-urikzor-rezidens-3-13-16-7237447,78.0,13,16,1,2026-08-21T23:55:40+00:00
7237449,2026-08-05,Uchtepa,2,61000,https://hata.uz/en/listings/object/2-khonali-urikzor-rezidentda-7237449,56.0,12,16,1,2026-08-21T23:55:40+00:00
7237450,2026-08-05,Uchtepa,2,67000,https://hata.uz/en/listings/object/2-3-3-4-srochno-prodaetsia-kvartira-7237450,50.0,3,4,0,2026-08-21T23:55:40+00:00
7237451,2026-08-05,Uchtepa,1,70000,https://hata.uz/en/listings/object/murad-buildings-zhk-soy-boyi-7237451,47.0,4,15,1,2026-08-21T23:55:40+00:00
7237471,2026-08-05,Uchtepa,2,70500,https://hata.uz/en/listings/object/prodazha-kvartiry-novostroika-s-kadastrom-7237471,86.0,1,9,1,2026-08-21T23:55:40+00:00
7237473,2026-08-05,Uchtepa,2,60000,https://hata.uz/en/listings/object/srochna-prodaetsia-2-kom-kvartira-zhk-soy-bo-yi-or-r-uchtepinskii-khokimiat-7237473,70.0,7,14,1,2026-08-21T23:55:40+00:00
7237476,2026-08-05,Uchtepa,3,92000,https://hata.uz/en/listings/object/uy-sotiladi-1-etaj-uchtepa-tumani-taqachi-kochasi-7237476,7368.0,1,4,0,2026-08-21T23:55:40+00:00
7237479,2026-08-05,Uchtepa,2,80000,https://hata.uz/en/listings/object/2-khonali-kvartira-srochno-sotiladi-7237479,58.1,4,9,0,2026-08-21T23:55:40+00:00
7237480,2026-08-05,Uchtepa,3,67389,https://hata.uz/en/listings/object/prodam-kvartiru-3-4-4-uch-tepa-zhukovkii-7237480,78.0,4,4,0,2026-08-21T23:55:40+00:00
7237481,2026-08-05,Uchtepa,3,89900,https://hata.uz/en/listings/object/srochno-uch-tepa-tumani-15kvartalda-3-khonalik-kvartira-sotiladi-7237481,67.0,3,5,0,2026-08-21T23:55:40+00:00
7237482,2026-08-05,Uchtepa,3,65000,https://hata.uz/en/listings/object/kvartira-sotiladi-yunsobot-avliyo-ota-chalaqozo-7237482,85.0,5,5,1,2026-08-21T23:55:40+00:00
7237483,2026-08-05,Uchtepa,3,65704,https://hata.uz/en/listings/object/2-xonali-balkoni-bilan-63-6-kv-m-li-karobka-uy-sotiladi-7237483,63.6,8,10,1,2026-08-21T23:55:40+00:00
7237484,2026-08-05,Uchtepa,3,57000,https://hata.uz/en/listings/object/prodaetsia-kvartira-7237484,43.0,3,4,0,2026-08-21T23:55:40+00:00
7237502,2026-08-05,Chilonzor,2,63000,https://hata.uz/en/listings/object/uiutnaia-kvartira-v-samom-tsentre-chilanzara-7237502,30.0,4,4,0,2026-08-21T23:55:40+00:00
7237509,2026-08-05,Chilonzor,3,85000,https://hata.uz/en/listings/object/srochna-sotiladi-arzon-narxta-3-xona-4-xona-qilingan-algoritm-7237509,74.0,3,4,0,2026-08-21T23:55:40+00:00
7237514,2026-08-05,Chilonzor,3,87999,https://hata.uz/en/listings/object/prodaetsia-3-kh-komnatnaia-kvartira-7237514,80.0,5,6,1,2026-08-21T23:55:40+00:00
7237516,2026-08-05,Chilonzor,2,57000,https://hata.uz/en/listings/object/prodazha-2-komnata-kvartira-7237516,3.0,3,4,1,2026-08-21T23:55:40+00:00
7237517,2026-08-05,Chilonzor,2,58200,https://hata.uz/en/listings/object/kvartira-1-2-3-4-7237517,33.8,3,4,0,2026-08-21T23:55:40+00:00
7237532,2026-08-05,Chilonzor,2,85000,https://hata.uz/en/listings/object/zhk-qodirobod-navastroyka-7237532,60.0,8,10,1,2026-08-21T23:55:40+00:00
7237538,2026-08-05,Shayhontohur,3,137000,https://hata.uz/en/listings/object/prodazha-kvartiry-v-tashkente-7237538,100.0,9,9,1,2026-08-21T23:55:40+00:00
7237544,2026-08-05,Shayhontohur,3,104000,https://hata.uz/en/listings/object/ganga-kvartira-3-kom-7237544,72.0,3,9,0,2026-08-21T23:55:40+00:00
7237545,2026-08-05,Shayhontohur,3,99500,https://hata.uz/en/listings/object/shaikhontokhur-tumanida-3-khonali-kvartira-sotiladi-7237545,64.11,4,4,0,2026-08-21T23:55:40+00:00
7237558,2026-08-05,Shayhontohur,3,102500,https://hata.uz/en/listings/object/khuvaido-zafarobod-makhalla-3-4-2-5-abu-dabini-eni-7237558,72.0,2,5,0,2026-08-21T23:55:40+00:00
7237564,2026-08-05,Shayhontohur,4,130000,https://hata.uz/en/listings/object/4-komnatnaia-kvartira-na-gange-7237564,105.0,4,4,0,2026-08-21T23:55:40+00:00
7237573,2026-08-05,Shayhontohur,3,86000,https://hata.uz/en/listings/object/prdaetsia-3kh-komnatnaia-kvartira-7237573,63.74,4,4,0,2026-08-21T23:55:40+00:00
7237574,2026-08-05,Shayhontohur,2,61000,https://hata.uz/en/listings/object/srochno-sergeli-6a-7237574,50.0,6,7,1,2026-08-21T23:55:40+00:00
7237575,2026-08-05,Yunusobod,2,90000,https://hata.uz/en/listings/object/prodaetsia-svoia-zhk-imperial-club-city-7237575,39.35,4,14,1,2026-08-21T23:55:40+00:00
7237576,2026-08-05,Yunusobod,2,75000,https://hata.uz/en/listings/object/prodaetsia-2-komnatnaia-kvartira-v-iunusabad-8-7237576,50.0,1,4,0,2026-08-21T23:55:40+00:00
7237584,2026-08-05,Yunusobod,3,78000,https://hata.uz/en/listings/object/prodaetsia-kvartira-na-iakkasaraiskom-raione-7237584,71.0,11,14,1,2026-08-21T23:55:40+00:00
7237589,2026-08-05,Yunusobod,1,65000,https://hata.uz/en/listings/object/prodaetsia-uiutnaia-1-komnatnaia-kvartira-iunusabade-13-kvartal-7237589,43.0,1,4,0,2026-08-21T23:55:40+00:00
7237590,2026-08-05,Yunusobod,2,71500,https://hata.uz/en/listings/object/svoia-iunusabad-11-megaplanet-2-7-9-universam-7237590,57.0,7,9,0,2026-08-21T23:55:40+00:00
7237594,2026-08-05,Yunusobod,2,71500,https://hata.uz/en/listings/object/svoia-2kom-7et-9dom-ipoteka-net-mega-plan-iunusobod-11kv-otlichn-7237594,60.0,7,9,0,2026-08-21T23:55:40+00:00
7237597,2026-08-05,Yunusobod,2,95000,https://hata.uz/en/listings/object/prodazha-kvartiry-7237597,60.0,3,4,0,2026-08-21T23:55:40+00:00
7237600,2026-08-05,Yunusobod,4,105000,https://hata.uz/en/listings/object/iunusabad-16-4-komnaty-bez-posrednikov-7237600,100.0,4,5,0,2026-08-21T23:55:40+00:00
7237611,2026-08-05,Yunusobod,3,50000,https://hata.uz/en/listings/object/prodaetsia-svoia-kvartira-3-komnatnaia-7237611,60.0,4,4,0,2026-08-21T23:55:40+00:00
7237612,2026-08-05,Yunusobod,2,90000,https://hata.uz/en/listings/object/svoia-srochno-prodaetsia-2kh-kom-kv-iunusabad-17-7237612,59.0,1,5,0,2026-08-21T23:55:40+00:00
7237620,2026-08-05,Yunusobod,2,95000,https://hata.uz/en/listings/object/svetlaia-2-komnatnaia-stalinka-s-vysokimi-potolkami-u-metro-minor-7237620,58.0,3,3,0,2026-08-21T23:55:40+00:00
7237631,2026-08-04,Yakkasaroy,2,125000,https://hata.uz/en/listings/object/srochno-prodaetsia-i-ili-sdaetsia-2-kh-komnatnaia-kvartira-sobstvennik-7237631,76.0,5,9,1,2026-08-21T23:55:40+00:00
7237652,2026-08-04,Yakkasaroy,2,60000,https://hata.uz/en/listings/object/prodaetsia-kvartira-v-zhk-mankhetten-7237652,39.0,15,16,1,2026-08-21T23:55:40+00:00
7237653,2026-08-04,Yakkasaroy,3,190000,https://hata.uz/en/listings/object/prodaetsia-3-komnatnaia-kvartira-v-zhk-zarafshan-city-7237653,88.0,7,14,1,2026-08-21T23:55:40+00:00
7237658,2026-08-05,Yakkasaroy,1,58000,https://hata.uz/en/listings/object/1-komnatnaia-kvartira-7237658,43.53,9,13,0,2026-08-21T23:55:40+00:00
7237678,2026-08-05,Yashnobod,6,165000,https://hata.uz/en/listings/object/novostroika-parkentskii-dubleks-srochno-7237678,165.0,9,9,1,2026-08-21T23:55:40+00:00
7237685,2026-08-05,Yashnobod,2,51000,https://hata.uz/en/listings/object/srochno-prodaetsia-kvartira-v-iashnabadskom-raione-7237685,63.0,11,11,1,2026-08-21T23:55:40+00:00
7237688,2026-08-05,Yashnobod,5,110000,https://hata.uz/en/listings/object/prodaetsia-kvartira-40-let-pobedy-7237688,113.0,6,8,0,2026-08-21T23:55:40+00:00
7237690,2026-08-05,Yashnobod,3,91200,https://hata.uz/en/listings/object/premium-navastroika-parkentskii-karobka-76-kv-m-7237690,76.0,8,12,1,2026-08-21T23:55:40+00:00
7237691,2026-08-05,Yashnobod,3,110000,https://hata.uz/en/listings/object/prodaetsia-3-komnatnaia-kvartira-1yi-etazh-s-zakhvatom-2-parkovochnykh-mesta-7237691,80.0,1,5,0,2026-08-21T23:55:40+00:00
7237695,2026-08-05,Yashnobod,4,130000,https://hata.uz/en/listings/object/prodaetsia-bolshaia-150-kv-kvartira-s-3-spalniami-7237695,150.0,10,10,1,2026-08-21T23:55:40+00:00
7237705,2026-08-05,Yashnobod,2,67000,https://hata.uz/en/listings/object/kvartira-68-kv-m-zhk-barxan-residence-7237705,67.58,11,15,1,2026-08-21T23:55:40+00:00
7237707,2026-08-05,Yashnobod,4,95000,https://hata.uz/en/listings/object/prodaetsia-kvartira-7237707,902.0,6,9,0,2026-08-21T23:55:40+00:00
7237710,2026-08-05,Yashnobod,2,70000,https://hata.uz/en/listings/object/bez-makler-chilonzor-9-da-2-xonali-uy-sotiladi-7237710,50.0,2,4,0,2026-08-21T23:55:40+00:00
7237712,2026-08-05,Yashnobod,2,67000,https://hata.uz/en/listings/object/prodaetsia-svoia-2-kh-komnatnaia-kvartira-7237712,58.95,2,4,0,2026-08-21T23:55:40+00:00
7238300,2026-08-05,Olmazor,2,71500,https://hata.uz/en/listings/object/53-72-m2-assalom-jomiy-7238300,53.72,7,16,1,2026-08-21T23:55:40+00:00
7238304,2026-08-05,Olmazor,3,115000,https://hata.uz/en/listings/object/kvartira-sotiladi-srochna-7238304,83.0,6,9,1,2026-08-21T23:55:40+00:00
7238306,2026-08-05,Olmazor,3,75000,https://hata.uz/en/listings/object/kvartira-sergeli-6a-2-khona-3-khonali-kilingan-71-kv-7238306,71.0,5,7,1,2026-08-21T23:55:40+00:00
7238312,2026-08-05,Olmazor,1,55000,https://hata.uz/en/listings/object/1-khonali-ui-stiladi-novostroika-7238312,40.3,6,15,1,2026-08-21T23:55:40+00:00
7238317,2026-08-05,Olmazor,3,140000,https://hata.uz/en/listings/object/prodaetsia-v-novostroike-kvartira-7238317,78.0,11,11,1,2026-08-21T23:55:40+00:00
7238318,2026-08-05,Olmazor,3,150000,https://hata.uz/en/listings/object/trekhkomnatnaia-kvartira-7238318,94.0,7,9,1,2026-08-21T23:55:40+00:00
7238321,2026-08-05,Olmazor,3,95000,https://hata.uz/en/listings/object/prodaetsia-sotiladi-kvartira-olmazor-tumani-mirzo-golib-6-2-7238321,74.83,1,9,1,2026-08-21T23:55:40+00:00
7238322,2026-08-05,Olmazor,3,85000,https://hata.uz/en/listings/object/kvartira-sotiladi-7238322,69.0,4,4,0,2026-08-21T23:55:40+00:00
7238323,2026-08-05,Bektemir,2,43000,https://hata.uz/en/listings/object/prodaetsia-2-kh-komnatnaia-kvartira-ot-sobstvennika-7238323,54.0,3,4,0,2026-08-21T23:55:40+00:00
7238326,2026-08-05,Bektemir,3,60000,https://hata.uz/en/listings/object/srochno-sotiladi-olmos-2-khona-ui-50m2-iashnobod-7238326,50.0,3,16,1,2026-08-21T23:55:40+00:00
7238328,2026-08-05,Bektemir,3,55000,https://hata.uz/en/listings/object/kvartira-sotiladi-srochno-divoinoi-balkon-7238328,70.0,4,12,0,2026-08-21T23:55:40+00:00
7238330,2026-08-05,Bektemir,2,50000,https://hata.uz/en/listings/object/prodaetsia-kvartira-v-novostroike-7238330,47.0,8,9,1,2026-08-21T23:55:40+00:00
7238333,2026-08-05,Bektemir,4,83000,https://hata.uz/en/listings/object/vodnik-prodam-kvartiru-4-4-4-7238333,90.0,4,4,0,2026-08-21T23:55:40+00:00
7238335,2026-08-05,Bektemir,3,65000,https://hata.uz/en/listings/object/srochna-kvartira-sotiladi-3-xonali-compos-savdo-majmuasi-yonida-7238335,86.0,9,9,0,2026-08-21T23:55:40+00:00
7238337,2026-08-05,Bektemir,2,58000,https://hata.uz/en/listings/object/prodaiu-svoiu-kvartiru-na-vodnike-2-6-9-7238337,50.0,6,9,0,2026-08-21T23:55:40+00:00
7238359,2026-08-04,Bektemir,2,55000,https://hata.uz/en/listings/object/novastroika-kavartira-s-remontom-7238359,54.0,6,6,1,2026-08-21T23:55:40+00:00
7238361,2026-08-05,Bektemir,2,63000,https://hata.uz/en/listings/object/prodaetsia-kvartira-2-2-10-7238361,67.0,2,10,1,2026-08-21T23:55:40+00:00
7238375,2026-08-05,Mirobod,3,135000,https://hata.uz/en/listings/object/prodazha-svoia-2-komnatnaia-novostroika-zhk-ozmakon-mirobadskii-raion-7238375,62.0,6,16,1,2026-08-21T23:55:40+00:00
7238380,2026-08-04,Mirobod,1,56000,https://hata.uz/en/listings/object/prodaetsia-svoia-kvartira-1-3-16-na-zhk-uz-makon-30kv-m-7238380,30.0,3,16,1,2026-08-21T23:55:40+00:00
7238383,2026-08-05,Mirobod,2,64800,https://hata.uz/en/listings/object/kuilik-tsentr-v-novostroike-2-3x8x8-7238383,64.81,8,8,1,2026-08-21T23:55:40+00:00
7238408,2026-08-05,Mirobod,2,40000,https://hata.uz/en/listings/object/kvartira-2-komn-na-zemle-transportnyi-institut-7238408,42.0,1,1,1,2026-08-21T23:55:40+00:00
7238417,2026-08-05,Mirzo Ulugbek,1,55000,https://hata.uz/en/listings/object/1-2-2-4-massiv-ialangach-7238417,38.0,2,4,0,2026-08-21T23:55:40+00:00
7238428,2026-08-05,Mirzo Ulugbek,3,172000,https://hata.uz/en/listings/object/zhk-akay-city-3-3-25-evroremont-7238428,101.0,3,25,1,2026-08-21T23:55:40+00:00
7238430,2026-08-05,Mirzo Ulugbek,4,100000,https://hata.uz/en/listings/object/mirzo-ulugbek-tumani-korasuv-6-qorasuv-6-da-4-khonali-kvartira-mebeli-7238430,92.0,5,5,0,2026-08-21T23:55:40+00:00
7238432,2026-08-05,Mirzo Ulugbek,4,100000,https://hata.uz/en/listings/object/mirzo-ulugbek-tumani-korasuv-6-7238432,92.0,5,5,0,2026-08-21T23:55:40+00:00
7238437,2026-08-05,Mirzo Ulugbek,3,95000,https://hata.uz/en/listings/object/prodaetsia-kvartira-3-kh-komnatnaia-buz-1-maksim-gorkii-srochno-7238437,67.0,3,5,0,2026-08-21T23:55:40+00:00
7238443,2026-08-05,Mirzo Ulugbek,2,98000,https://hata.uz/en/listings/object/prodaetsia-2-komnatnaia-kvartira-zhk-new-port-2-komnaty-7238443,70.54,12,19,1,2026-08-21T23:55:40+00:00
7238444,2026-08-05,Mirzo Ulugbek,2,69000,https://hata.uz/en/listings/object/ialangach-bazar-shirin-svoia-2-komnatnaia-7238444,46.0,4,4,0,2026-08-21T23:55:40+00:00
7238451,2026-08-04,Mirzo Ulugbek,2,80000,https://hata.uz/en/listings/object/prodazha-kvartiry-na-ul-durman-2-kh-komnatnaia-bez-maklera-7238451,65.0,6,9,0,2026-08-21T23:55:40+00:00
7238467,2026-08-05,Sergeli,2,65000,https://hata.uz/en/listings/object/sotiladi-zhk-art-house-kvartira-7238467,72.0,10,10,1,2026-08-21T23:55:40+00:00
7238468,2026-08-05,Sergeli,4,51800,https://hata.uz/en/listings/object/arzon-narxda-dupleks-kvartira-sotuvda-prodaetsia-dvukhurovnevaia-kvartira-7238468,84.2,2,3,1,2026-08-21T23:55:40+00:00
7238474,2026-08-05,Sergeli,2,68000,https://hata.uz/en/listings/object/novostroika-iangi-khaet-2-1-16-73m2-srochno-7238474,73.0,1,16,1,2026-08-21T23:55:40+00:00
7238475,2026-08-05,Sergeli,1,47000,https://hata.uz/en/listings/object/prodaetsia-svoia-1kh-kom-kvartira-v-sergeli-choshtepa-metro-v-2etazhe-studiia-7238475,36.0,2,12,1,2026-08-21T23:55:40+00:00
7238478,2026-08-05,Sergeli,1,40000,https://hata.uz/en/listings/object/kvartira-ot-modern-city-construct-7238478,28.0,5,16,1,2026-08-21T23:55:40+00:00
7238483,2026-08-05,Sergeli,3,69000,https://hata.uz/en/listings/object/iangikhaet-tumani-5a-da-3-khonali-kvartira-sotiladi-7238483,57.0,6,7,1,2026-08-21T23:55:40+00:00
7238485,2026-08-05,Sergeli,4,85000,https://hata.uz/en/listings/object/prodaetsia-4-kh-komnatnaia-kvartira-7238485,80.0,3,9,0,2026-08-21T23:55:40+00:00
7238494,2026-08-05,Sergeli,2,48000,https://hata.uz/en/listings/object/2-khona-podkliuch-novostroika-ui-16-000-ipoteka-va-subsidiiaga-ui-7238494,52.0,9,16,1,2026-08-21T23:55:40+00:00
7238505,2026-08-05,Sergeli,4,51800,https://hata.uz/en/listings/object/arzon-kvartira-sotuvda-dvukhurovnevaia-kvartira-prodaetsia-po-nizkoi-tsene-7238505,84.2,2,3,1,2026-08-21T23:55:40+00:00
7238506,2026-08-05,Sergeli,5,98000,https://hata.uz/en/listings/object/prodaetsia-kvartira-5-kom-7238506,120.0,7,9,0,2026-08-21T23:55:40+00:00
7238511,2026-08-05,Sergeli,2,75000,https://hata.uz/en/listings/object/prodaetsia-2kh-komnatnaia-kvartira-peredelannyi-v-3kh-komnatnyi-7238511,67.0,1,9,0,2026-08-21T23:55:40+00:00
7238516,2026-08-05,Uchtepa,4,810,https://hata.uz/en/listings/object/shaikhontokhur-99m2-810dan-beltepa-ibn-sino-7238516,99.0,9,10,1,2026-08-21T23:55:40+00:00
7238517,2026-08-05,Uchtepa,5,76000,https://hata.uz/en/listings/object/novostroyka-kvartira-dupleks-117-kv-sergeli-7238517,117.0,1,3,1,2026-08-21T23:55:40+00:00
7238519,2026-08-05,Uchtepa,3,120000,https://hata.uz/en/listings/object/uy-navostroyka-3-xona-7238519,94.0,7,9,1,2026-08-21T23:55:40+00:00
7238524,2026-08-05,Uchtepa,3,73000,https://hata.uz/en/listings/object/shayhon-tohur-beltepada-3-9-9-uy-srochna-sotiladi-maklermasman-ozimi-7238524,93.0,9,9,0,2026-08-21T23:55:40+00:00
7238529,2026-08-05,Uchtepa,2,46000,https://hata.uz/en/listings/object/uy-sotiladi-46000-7238529,38.0,4,4,0,2026-08-21T23:55:40+00:00
7238530,2026-08-05,Uchtepa,4,27500,https://hata.uz/en/listings/object/2-khonali-ui-sotiladi-1-etazh-7238530,82.0,1,16,1,2026-08-21T23:55:40+00:00
7238539,2026-08-05,Chilonzor,1,54600,https://hata.uz/en/listings/object/prodam-svoia-1-kom-kv-chilanzar-2-kvartal-metro-bunedkor-7238539,30.0,3,4,0,2026-08-21T23:55:40+00:00
7238540,2026-08-05,Chilonzor,3,92800,https://hata.uz/en/listings/object/ppodaiu-cvoiu-kvartiru-chil-12-farkhad-bazar-3-7-9-s-khoroshim-remontom-7238540,75.0,7,9,0,2026-08-21T23:55:40+00:00
7238541,2026-08-05,Chilonzor,3,73000,https://hata.uz/en/listings/object/prodaetsia-3-kh-komnatnaia-kvartira-7238541,63.0,3,4,0,2026-08-21T23:55:40+00:00
7238543,2026-08-05,Chilonzor,1,54499,https://hata.uz/en/listings/object/chilanzar-2-1-2-4-4-mebel-tekhnika-8-min-do-metro-m-ulugbek-7238543,28.0,4,4,0,2026-08-21T23:55:40+00:00
7238544,2026-08-05,Chilonzor,2,73000,https://hata.uz/en/listings/object/kvartira-2kh-komnatnaia-chilanzor-11-srochno-chilanzor-11-srochna-sotiladi-7238544,50.0,1,4,0,2026-08-21T23:55:40+00:00
7238548,2026-08-05,Chilonzor,2,61200,https://hata.uz/en/listings/object/prodaetsia-kvartira-chilanzar-12-kvartal-7238548,50.0,4,4,0,2026-08-21T23:55:40+00:00
7238550,2026-08-05,Chilonzor,4,118140,https://hata.uz/en/listings/object/4kh-komnaty-chilanzar-9-metro-5-minut-komnaty-pazdelnye-7238550,77.0,2,4,0,2026-08-21T23:55:40+00:00
7238559,2026-08-05,Chilonzor,3,85000,https://hata.uz/en/listings/object/chilonzor-uchtepa-tumani-25-kvartal-kvartira-sotiladi-7238559,60.0,4,5,0,2026-08-21T23:55:40+00:00
7238568,2026-08-05,Shayhontohur,4,120000,https://hata.uz/en/listings/object/kvartira-prodaetsia-4-1-5-na-zhk-dustlik-7238568,94.0,1,5,1,2026-08-21T23:55:40+00:00
7238569,2026-08-05,Shayhontohur,3,79990,https://hata.uz/en/listings/object/srochno-prodaetsia-3kh-kom-ts26-gulobod-7238569,76.0,5,5,0,2026-08-21T23:55:40+00:00
7238573,2026-08-05,Shayhontohur,2,87000,https://hata.uz/en/listings/object/2-khonali-kvartira-sotiladi-7238573,60.98,6,9,0,2026-08-21T23:55:40+00:00
7238576,2026-08-05,Shayhontohur,4,127600,https://hata.uz/en/listings/object/zhk-gulobod-9-10-etazh-mansardnaia-mansarda-kvartira-kvartira-11595-m2-7238576,115.95,9,10,1,2026-08-21T23:55:40+00:00
7238579,2026-08-04,Shayhontohur,4,270000,https://hata.uz/en/listings/object/prodam-svoiu-kvartiru-v-zhk-labzak-7238579,136.0,10,10,1,2026-08-21T23:55:40+00:00
7238581,2026-08-05,Shayhontohur,2,65000,https://hata.uz/en/listings/object/ibn-sino-1-mavzesida-2-honali-kvartira-sotiladi-7238581,57.0,4,5,0,2026-08-21T23:55:40+00:00
7238582,2026-08-05,Shayhontohur,2,72000,https://hata.uz/en/listings/object/zhk-oz-zamin-uzbum-2-11-16-7238582,36.0,11,16,1,2026-08-21T23:55:40+00:00
7238593,2026-08-05,Yunusobod,4,140000,https://hata.uz/en/listings/object/prodaetsia-kvartira-147-m2-iunusabad-sanatoriia-chinabad-7238593,147.0,8,9,1,2026-08-21T23:55:40+00:00
7238595,2026-08-05,Yunusobod,5,235000,https://hata.uz/en/listings/object/svoia-srochno-prodaetsia-5-ti-komnatnaia-kvartira-v-zhk-barocco-7238595,221.0,1,8,1,2026-08-21T23:55:40+00:00
7238596,2026-08-05,Yunusobod,2,74000,https://hata.uz/en/listings/object/kvartira-yunusobod-7238596,67.0,3,7,1,2026-08-21T23:55:40+00:00
7238598,2026-08-05,Yunusobod,1,20500,https://hata.uz/en/listings/object/prodaetsia-komnata-v-obshchezhitie-iuunusabadskom-raione-7238598,17.0,4,4,0,2026-08-21T23:55:40+00:00
7238604,2026-08-05,Yunusobod,1,45000,https://hata.uz/en/listings/object/prodaetsia-svoia-kvartira-1-3-4-or-r-instrumentalnyi-iunusabadskii-r-n-7238604,28.0,3,4,0,2026-08-21T23:55:40+00:00
7238609,2026-08-05,Yunusobod,3,120000,https://hata.uz/en/listings/object/ts6-3-1-4-svoia-kvartira-na-prodazhu-ts6-1-etazh-3-komnatnaia-4-etazhka-kir-7238609,70.0,1,4,0,2026-08-21T23:55:40+00:00
7238610,2026-08-05,Yunusobod,3,90000,https://hata.uz/en/listings/object/prodaetsia-3-3-4-na-iunusabade-4-za-avtosal-i-sezam-10dom-7238610,69.33,3,4,0,2026-08-21T23:55:40+00:00
7238611,2026-08-05,Yunusobod,1,31000,https://hata.uz/en/listings/object/kvartira-sotiladi-7238611,31.0,6,16,1,2026-08-21T23:55:40+00:00
7238615,2026-08-05,Yunusobod,3,165000,https://hata.uz/en/listings/object/prodaetsia-kvartira-ot-sobstvennika-v-zhk-wiston-7238615,86.7,4,11,1,2026-08-21T23:55:40+00:00
7238625,2026-08-05,Yakkasaroy,2,75000,https://hata.uz/en/listings/object/kvartira-2kh-komnatnaia-7238625,48.0,1,5,0,2026-08-21T23:55:40+00:00
7238628,2026-08-05,Yakkasaroy,3,110215,https://hata.uz/en/listings/object/prodaiu-svoiu-kvartiru-v-samom-tsente-goroda-7238628,75.0,9,9,0,2026-08-21T23:55:40+00:00
7238633,2026-08-05,Yakkasaroy,2,120000,https://hata.uz/en/listings/object/prodaetsia-svoia-kvartira-2-2-4-tsum-kosmonavty-7238633,51.0,2,4,0,2026-08-21T23:55:40+00:00
7238634,2026-08-05,Yakkasaroy,4,155000,https://hata.uz/en/listings/object/iakkasarai-turkmenskii-mvd-korzinka-4-2-4-7238634,85.0,2,4,0,2026-08-21T23:55:40+00:00
7238663,2026-08-05,Yashnobod,2,55000,https://hata.uz/en/listings/object/prodaetsia-2-komnatnaia-kvartira-v-otlichnom-raione-7238663,50.0,4,4,0,2026-08-21T23:55:40+00:00
7238666,2026-08-05,Yashnobod,3,65000,https://hata.uz/en/listings/object/ui-uzimiki-bez-mak-kadastr-bor-bitavoi-tekhn-koladi-7238666,54.0,7,9,1,2026-08-21T23:55:40+00:00
7238678,2026-08-05,Yashnobod,2,69000,https://hata.uz/en/listings/object/prodaetsia-svoia-kvartira-2-komnatnaia-do-tsenta-5-min-7238678,30.0,13,16,1,2026-08-21T23:55:40+00:00
7239139,2026-08-05,Olmazor,2,54000,https://hata.uz/en/listings/object/qora-qamish-1-2-da-42-kv-1-etaj-20-etajli-dom-7239139,42.0,1,20,1,2026-08-21T23:55:40+00:00
7239140,2026-08-05,Olmazor,3,120000,https://hata.uz/en/listings/object/beruniy-metro-3xona-120-000-82-kv-m-srochna-7239140,93.0,4,4,0,2026-08-21T23:55:40+00:00
7239142,2026-08-05,Olmazor,1,37500,https://hata.uz/en/listings/object/prodaetsia-1-komnatnaia-kvartira-galereika-almazar-a-lo-tuikhona-7239142,38.0,4,4,0,2026-08-21T23:55:40+00:00
7239146,2026-08-05,Olmazor,2,65000,https://hata.uz/en/listings/object/prodaetsia-kvartira-karakamysh-1-2-2-1-4-52m2-7239146,52.0,1,4,0,2026-08-21T23:55:40+00:00
7239150,2026-08-05,Olmazor,5,95000,https://hata.uz/en/listings/object/srochno-5-khonali-ui-sotiladi-iangikhaet-tumanida-7239150,124.0,2,9,0,2026-08-21T23:55:40+00:00
7239154,2026-08-05,Olmazor,2,100000,https://hata.uz/en/listings/object/prodaetsia-nrg-jomiy-2-kom-kvartira-v-novostroike-svoia-7239154,56.0,6,12,1,2026-08-21T23:55:40+00:00
7239156,2026-08-05,Olmazor,1,53000,https://hata.uz/en/listings/object/assalom-jomiy-golden-house-1-komnatnaia-7239156,32.64,13,15,1,2026-08-21T23:55:40+00:00
7239159,2026-08-05,Olmazor,4,185000,https://hata.uz/en/listings/object/olmazor-city-23-dom-34kv-7239159,114.0,2,9,1,2026-08-21T23:55:40+00:00
7239165,2026-08-05,Bektemir,2,46900,https://hata.uz/en/listings/object/srochno-2kh-komnatnaia-kvartira-raion-bektemirskii-7239165,55.0,2,2,0,2026-08-21T23:55:40+00:00
7239169,2026-08-05,Bektemir,2,42000,https://hata.uz/en/listings/object/prodaetsia-2-kh-komnatnaia-kvartira-7239169,43.0,4,4,0,2026-08-21T23:55:40+00:00
7239170,2026-08-05,Bektemir,1,25500,https://hata.uz/en/listings/object/yangi-qoyliq-majmuasida-qurilgan-yangi-xonadon-7239170,35.0,11,12,1,2026-08-21T23:55:40+00:00
7239173,2026-08-05,Bektemir,2,57500,https://hata.uz/en/listings/object/musaffo-maskan-2-khona-58kv-bektemir-tumani-vodnik-7239173,58.0,7,16,0,2026-08-21T23:55:40+00:00
7239174,2026-08-05,Bektemir,3,72000,https://hata.uz/en/listings/object/prodam-svoiu-kvartiru-7239174,71.0,4,9,0,2026-08-21T23:55:40+00:00
7239185,2026-08-05,Mirobod,3,135000,https://hata.uz/en/listings/object/svoia-novostroika-oz-makon-2v3-evro-liuks-7239185,54.0,11,16,1,2026-08-21T23:55:40+00:00
7239191,2026-08-05,Mirobod,2,95000,https://hata.uz/en/listings/object/prodaetsia-kvartira-2-8-9-7239191,72.0,8,9,0,2026-08-21T23:55:40+00:00
7239192,2026-08-04,Mirobod,2,129500,https://hata.uz/en/listings/object/zhk-shoshkent-2-13-14-orientir-ul-shota-rustaveli-yaponamama-my-wey-7239192,57.0,13,14,1,2026-08-21T23:55:40+00:00
7239193,2026-08-05,Mirobod,1,40000,https://hata.uz/en/listings/object/1-komnatnaia-studiia-7239193,26.0,3,7,1,2026-08-21T23:55:40+00:00
7239199,2026-08-05,Mirobod,3,118000,https://hata.uz/en/listings/object/prodaetsia-kvartira-na-shevchenko-110-shkola-7239199,60.0,3,3,0,2026-08-21T23:55:40+00:00
7239219,2026-08-05,Mirzo Ulugbek,3,110000,https://hata.uz/en/listings/object/prodam-kvartiru-v-korasuv-6-1-etazh-3-komnatnaia-7239219,87.0,1,9,0,2026-08-21T23:55:40+00:00
7239220,2026-08-05,Mirzo Ulugbek,3,1500,https://hata.uz/en/listings/object/prodaetsia-3-kom-kvartira-metro-shakhristanskaia-7239220,76.0,4,12,1,2026-08-21T23:55:40+00:00
7239227,2026-08-04,Mirzo Ulugbek,4,80000,https://hata.uz/en/listings/object/prodoetsia-kvartira-iunusabadskom-r-i-18-yi-kvartal-7239227,75.0,5,5,0,2026-08-21T23:55:40+00:00
7239244,2026-08-04,Mirzo Ulugbek,3,85000,https://hata.uz/en/listings/object/prodaetsia-uiutnaia-3-komnatnaia-kvartira-v-mirzo-ulugbekskom-raione-7239244,81.0,5,5,0,2026-08-21T23:55:40+00:00
7239245,2026-08-05,Mirzo Ulugbek,4,110000,https://hata.uz/en/listings/object/svoia-kvartira-bez-posrednikov-na-karasu-1-komnat-4-obshch-93-kv-m-7239245,93.0,4,5,0,2026-08-21T23:55:40+00:00
7239248,2026-08-05,Sergeli,2,71000,https://hata.uz/en/listings/object/prodam-svoiu-kvartiru-bez-makler-7239248,60.0,8,16,1,2026-08-21T23:55:40+00:00
7239252,2026-08-05,Sergeli,3,77000,https://hata.uz/en/listings/object/prodam-kvartiru-sergeli-5-3-3-9-85-kv-7239252,85.0,3,9,0,2026-08-21T23:55:40+00:00
7239253,2026-08-05,Sergeli,2,60000,https://hata.uz/en/listings/object/2kh-komnatnaia-kvartira-2-xonali-kvartira-7239253,44.0,2,7,0,2026-08-21T23:55:40+00:00
7239254,2026-08-05,Sergeli,1,33000,https://hata.uz/en/listings/object/1-kom-kvartira-iangikhaet-raion-massiv-binokor-7239254,41.0,4,4,0,2026-08-21T23:55:40+00:00
7239255,2026-08-05,Sergeli,3,58000,https://hata.uz/en/listings/object/prodaetsia-svoia-kvartira-7239255,78.0,3,14,0,2026-08-21T23:55:40+00:00
7239258,2026-08-05,Sergeli,6,130000,https://hata.uz/en/listings/object/prodaetsia-6-komnatnaia-kvartira-6-xonali-uy-sotiladi-7239258,143.0,4,9,0,2026-08-21T23:55:40+00:00
7239269,2026-08-05,Sergeli,3,48000,https://hata.uz/en/listings/object/prodaetsia-kvartira-na-zemle-7239269,66.0,1,2,1,2026-08-21T23:55:40+00:00
7239271,2026-08-05,Uchtepa,2,70000,https://hata.uz/en/listings/object/yangixayot-5a-uy-43-kvadrat-7239271,43.0,6,7,1,2026-08-21T23:55:40+00:00
7239273,2026-08-05,Uchtepa,3,80000,https://hata.uz/en/listings/object/uy-sotiladi-toshkent-shaxar-uchtepa-tumanida-80000-y-e-kelishiladi-7239273,66.0,4,4,0,2026-08-21T23:55:40+00:00
7239277,2026-08-05,Uchtepa,5,122000,https://hata.uz/en/listings/object/jar-ariqda-5-xonali-kvartira-7239277,111.0,1,9,0,2026-08-21T23:55:40+00:00
7239280,2026-08-05,Uchtepa,4,140000,https://hata.uz/en/listings/object/kvartira-4-kom-110-kv-metr-7239280,109.0,6,10,1,2026-08-21T23:55:40+00:00
7239287,2026-08-05,Uchtepa,3,99000,https://hata.uz/en/listings/object/murad-buildings-7239287,68.0,5,12,1,2026-08-21T23:55:40+00:00
7239288,2026-08-05,Uchtepa,3,86000,https://hata.uz/en/listings/object/prodam-svoiu-3-komn-kvartiru-7239288,66.0,3,5,0,2026-08-21T23:55:40+00:00
7239289,2026-08-05,Uchtepa,2,58800,https://hata.uz/en/listings/object/kvartira-2-khonali-uchtepa-26-kvartal-2-4-4-7239289,56.0,4,4,0,2026-08-21T23:55:40+00:00
7239298,2026-08-05,Shayhontohur,3,105000,https://hata.uz/en/listings/object/prodazha-3-kom-kvartira-metro-novza-7239298,60.0,3,4,0,2026-08-21T23:55:40+00:00
7239299,2026-08-05,Shayhontohur,4,117000,https://hata.uz/en/listings/object/4-honali-uy-chorsuda-7239299,85.0,3,5,0,2026-08-21T23:55:40+00:00
7239300,2026-08-05,Chilonzor,3,98000,https://hata.uz/en/listings/object/chilonzor-13-kvartal-3-khonali-kvartira-sotiladi-7239300,78.0,3,10,1,2026-08-21T23:55:40+00:00
7239307,2026-08-05,Chilonzor,2,69000,https://hata.uz/en/listings/object/prodaetsia-kvartira-chilanzar-7239307,42.0,1,4,0,2026-08-21T23:55:40+00:00
7239316,2026-08-05,Chilonzor,3,90000,https://hata.uz/en/listings/object/prodaetsia-3-kh-komnatnaia-kvartira-7239316,80.0,4,4,0,2026-08-21T23:55:40+00:00
7239322,2026-08-05,Chilonzor,3,78800,https://hata.uz/en/listings/object/kvartira-2-3kh-komnatnaia-prodaetsia-svoia-zhk-uchtepa-aveniu-svoia-2-3-7-10-7239322,50.2,7,10,1,2026-08-21T23:55:40+00:00
7239330,2026-08-04,Shayhontohur,3,124000,https://hata.uz/en/listings/object/tichlik-metro-3-khona-100-kv-novostroika-ui-sotiladi-7239330,100.0,3,5,1,2026-08-21T23:55:40+00:00
7239338,2026-08-05,Shayhontohur,2,61900,https://hata.uz/en/listings/object/beltepa-2-xonalik-pojarka-7239338,57.0,1,4,0,2026-08-21T23:55:40+00:00
7239339,2026-08-04,Shayhontohur,4,139000,https://hata.uz/en/listings/object/prodaetsia-svoia-kvartira-zhk-charkh-novza-bm-group-3-10-12-7239339,100.0,10,12,1,2026-08-21T23:55:40+00:00
7239351,2026-08-05,Yunusobod,1,45000,https://hata.uz/en/listings/object/srochno-prodaetsia-kvartira-g-tashkent-iunusabadskii-raion-4-kvartal-7239351,25.0,4,4,1,2026-08-21T23:55:40+00:00
7239353,2026-08-05,Yunusobod,1,45500,https://hata.uz/en/listings/object/svoia-iunusabad-6-kvartal-6-10-47-1v2-4-4-amerikanskoe-posolstvo-7239353,40.0,4,4,0,2026-08-21T23:55:40+00:00
7239354,2026-08-04,Yunusobod,1,57000,https://hata.uz/en/listings/object/khon-saroi-zhk-okean-1v2-komnatnaia-7239354,45.0,6,16,1,2026-08-21T23:55:40+00:00
7239360,2026-08-04,Yunusobod,3,83000,https://hata.uz/en/listings/object/ochen-srochno-3kh-komnatnaia-kvartira-v-iunus-abade-prodazha-7239360,72.0,8,9,0,2026-08-21T23:55:40+00:00
7239371,2026-08-04,Yunusobod,5,170000,https://hata.uz/en/listings/object/prodaetsia-dupleks-7239371,230.0,1,3,1,2026-08-21T23:55:40+00:00
7239373,2026-08-05,Yunusobod,2,53000,https://hata.uz/en/listings/object/kirpichnyi-dom-2-komnatnaia-52kv-53000-7239373,52.0,4,4,1,2026-08-21T23:55:40+00:00
7239374,2026-08-04,Yunusobod,2,58700,https://hata.uz/en/listings/object/srochno-prodaetsia-1-2-komnatnaia-svoia-kvartira-7239374,42.0,3,5,0,2026-08-21T23:55:40+00:00
7239379,2026-08-05,Yunusobod,2,66500,https://hata.uz/en/listings/object/iunusabadskii-raion-8-kvartal-2v3-5-5-srochno-7239379,58.0,5,5,0,2026-08-21T23:55:40+00:00
7239380,2026-08-04,Yakkasaroy,1,58000,https://hata.uz/en/listings/object/prodaetsia-kvartira-iakkasaraikii-raion-bashlyk-7239380,42.0,8,9,0,2026-08-21T23:55:40+00:00
7239381,2026-08-05,Yakkasaroy,1,28000,https://hata.uz/en/listings/object/prodaetsia-svoia-1-komn-studiia-316-kv-karakamysh-1-2-7239381,31.6,14,20,1,2026-08-21T23:55:40+00:00
7239384,2026-08-04,Yakkasaroy,3,138000,https://hata.uz/en/listings/object/navastroika-svoia-iakkasarai-raion-7239384,80.0,10,10,1,2026-08-21T23:55:40+00:00
7239385,2026-08-04,Yakkasaroy,1,57500,https://hata.uz/en/listings/object/1-8-20-novostroika-istanbul-city-korobka-34-30-kv-tsena-57-500-u-e-7239385,34.3,8,20,1,2026-08-21T23:55:40+00:00
7239401,2026-08-04,Yakkasaroy,4,185000,https://hata.uz/en/listings/object/prodaiu-svoiu-4-kh-komnatnuiu-kvartiru-7239401,130.0,9,13,1,2026-08-21T23:55:40+00:00
7239402,2026-08-05,Yakkasaroy,2,60000,https://hata.uz/en/listings/object/novastroika-ot-zastroishchika-strong-edifice-7239402,55.0,7,8,1,2026-08-21T23:55:40+00:00
7239409,2026-08-05,Yashnobod,1,55500,https://hata.uz/en/listings/object/srochna-sotiladi-1-kh-2-khona-kilingan-7239409,45.0,9,12,1,2026-08-21T23:55:40+00:00
7239411,2026-08-05,Yashnobod,2,45000,https://hata.uz/en/listings/object/1-komn-4-4-dubovaia-40-kv-m-7239411,40.0,4,4,0,2026-08-21T23:55:40+00:00
7239413,2026-08-04,Yashnobod,3,85000,https://hata.uz/en/listings/object/domsotiladi-3-xonali-7239413,82.0,3,8,0,2026-08-21T23:55:40+00:00
7239415,2026-08-04,Yashnobod,2,67000,https://hata.uz/en/listings/object/prodaetsia-kvartira-v-kuiliuk-tsentre-7239415,65.0,2,9,0,2026-08-21T23:55:40+00:00
7239416,2026-08-05,Yashnobod,2,68000,https://hata.uz/en/listings/object/sotiladi-2-khonali-64-kvadrat-metrli-ui-7239416,64.23,11,11,1,2026-08-21T23:55:40+00:00
7240036,2026-08-05,Olmazor,2,57000,https://hata.uz/en/listings/object/srocna-sotiladi-olimpiyada-2xona-7240036,56.0,4,4,0,2026-08-21T23:55:40+00:00
7240037,2026-08-05,Olmazor,68,55900,https://hata.uz/en/listings/object/dom-sotuvda-navastroyka-7240037,68.5,7,8,1,2026-08-21T23:55:40+00:00
7240038,2026-08-05,Olmazor,3,89000,https://hata.uz/en/listings/object/samarqand-darvoza-3-xonali-uy-7240038,79.0,5,7,0,2026-08-21T23:55:40+00:00
7240039,2026-08-05,Olmazor,2,60000,https://hata.uz/en/listings/object/svoia-kvartira-2-2-4-kirpich-54-kv-nukus-kinoteatr-mozhno-zhit-7240039,54.0,2,4,0,2026-08-21T23:55:40+00:00
7240040,2026-08-05,Olmazor,5,265000,https://hata.uz/en/listings/object/srochno-vtorichka-7240040,155.0,2,9,0,2026-08-21T23:55:40+00:00
7240048,2026-08-05,Olmazor,1,35000,https://hata.uz/en/listings/object/prodaetsia-kvartira-na-kuiliuke-bektemir-s-kadastrom-35kv-7240048,35.0,1,4,1,2026-08-21T23:55:40+00:00
7240054,2026-08-05,Olmazor,3,75000,https://hata.uz/en/listings/object/olmazor-1-2-uy-sotiladi-2-xona-3-qilingan-7240054,70.0,7,9,1,2026-08-21T23:55:40+00:00
7240055,2026-08-05,Olmazor,1,35000,https://hata.uz/en/listings/object/prodam-svoiu-vidom-na-gorod-zhk-silver-tower-7240055,27.3,2,2,1,2026-08-21T23:55:40+00:00
7240057,2026-08-05,Olmazor,3,80000,https://hata.uz/en/listings/object/srochno-prodaetsia-7240057,78.4,6,9,0,2026-08-21T23:55:40+00:00
7240060,2026-08-05,Olmazor,3,110000,https://hata.uz/en/listings/object/uy-sotiladi-huvaydoda-7240060,70.0,2,5,0,2026-08-21T23:55:40+00:00
7240061,2026-08-05,Bektemir,1,40000,https://hata.uz/en/listings/object/kvartira-zhk-iangi-kuilik-ipoteka-mavzhud-7240061,45.0,11,11,1,2026-08-21T23:55:40+00:00
7240062,2026-08-05,Bektemir,1,39000,https://hata.uz/en/listings/object/1-6-9-1-xonali-uy-sotiladi-qoyliq-panelniy-9-etashni-6-qavatida-7240062,42.0,6,9,0,2026-08-21T23:55:40+00:00
7240064,2026-08-05,Bektemir,3,132000,https://hata.uz/en/listings/object/prodaetsia-premium-zh-k-nrg-yangi-baxt-3-10-12-dizainerskii-remont-7240064,75.0,10,12,1,2026-08-21T23:55:40+00:00
7240065,2026-08-05,Bektemir,2,111000,https://hata.uz/en/listings/object/prodaetsia-premium-zh-k-nrg-yangi-baxt-2-10-12-dizainerskii-remont-7240065,64.0,10,12,1,2026-08-21T23:55:40+00:00
7240067,2026-08-05,Bektemir,2,45000,https://hata.uz/en/listings/object/vodnikda-kvartira-sotiladi-7240067,51.0,9,10,1,2026-08-21T23:55:40+00:00
7240068,2026-08-05,Bektemir,1,45000,https://hata.uz/en/listings/object/navastroyka-kvartira-7240068,51.0,5,9,1,2026-08-21T23:55:40+00:00
7240069,2026-08-05,Bektemir,2,59000,https://hata.uz/en/listings/object/prodaiu-kvartiru-2-komnatnaia-7240069,63.0,2,9,0,2026-08-21T23:55:40+00:00
7240073,2026-08-05,Bektemir,8,115000,https://hata.uz/en/listings/object/srochna-ui-sotiladi-7240073,5.5,2,2,1,2026-08-21T23:55:40+00:00
7240075,2026-08-05,Bektemir,3,50000,https://hata.uz/en/listings/object/srochno-prodaetsia-2kh-kvartira-na-bektemirsvom-raiene-7240075,56.0,1,4,0,2026-08-21T23:55:40+00:00
7240078,2026-08-05,Bektemir,2,50000,https://hata.uz/en/listings/object/prodaiu-svoiu-kvartiru-v-novostroike-7240078,54.14,8,10,1,2026-08-21T23:55:40+00:00
7240081,2026-08-05,Bektemir,1,55000,https://hata.uz/en/listings/object/prodaetsia-1-komn-kv-na-kuiliuk-5-7240081,36.0,1,5,0,2026-08-21T23:55:40+00:00
7240082,2026-08-05,Bektemir,6,135000,https://hata.uz/en/listings/object/kuiliuk-riadom-s-kompas-6kom-2etazh-7240082,141.0,2,9,0,2026-08-21T23:55:40+00:00
7240083,2026-08-05,Yashnobod,3,68000,https://hata.uz/en/listings/object/3-khonali-ui-toshkent-shakhar-7240083,68.0,1,5,1,2026-08-21T23:55:40+00:00
7240092,2026-08-05,Mirobod,1,42000,https://hata.uz/en/listings/object/prodaetsia-svoia-1-komnatnaia-kvartira-s-evroremontom-novostroika-7240092,33.0,1,3,1,2026-08-21T23:55:40+00:00
7240096,2026-08-05,Mirobod,1,48000,https://hata.uz/en/listings/object/prodaetsia-1-komnatnaia-kvartira-7240096,30.0,4,5,0,2026-08-21T23:55:40+00:00
7240097,2026-08-05,Mirobod,1,39527,https://hata.uz/en/listings/object/kvartira-sotiladi-srochna-7240097,30.0,3,3,1,2026-08-21T23:55:40+00:00
7240098,2026-08-05,Mirobod,3,130000,https://hata.uz/en/listings/object/prodaetsia-kvartira-vozle-tsum-a-3-4-4-obstanovkoi-75-kvadrat-7240098,75.0,4,4,0,2026-08-21T23:55:40+00:00
7240099,2026-08-05,Mirobod,2,65000,https://hata.uz/en/listings/object/prodaetsia-2-komn-kvartira-58-4-m2-mirabadskii-r-n-kuiliuk-4-7240099,58.4,1,5,0,2026-08-21T23:55:40+00:00
7240126,2026-08-04,Mirzo Ulugbek,2,65000,https://hata.uz/en/listings/object/2-komnatnaia-kvartira-7240126,57.0,5,5,0,2026-08-21T23:55:40+00:00
7240138,2026-08-05,Mirzo Ulugbek,3,87000,https://hata.uz/en/listings/object/prodaetsia-svoia-3-komnatnaia-kvartira-62-m2-2-etazh-na-ialangache-7240138,62.0,2,4,0,2026-08-21T23:55:40+00:00
7240139,2026-08-05,Mirzo Ulugbek,2,60500,https://hata.uz/en/listings/object/prodazha-kvartiry-v-zhilom-komplekse-riverside-7240139,48.0,5,9,1,2026-08-21T23:55:40+00:00
7240154,2026-08-05,Mirzo Ulugbek,1,47000,https://hata.uz/en/listings/object/prodaetsia-1-kom-kvartira-7240154,26.0,4,5,0,2026-08-21T23:55:40+00:00
7240162,2026-08-05,Sergeli,2,61500,https://hata.uz/en/listings/object/2kh-komnatnaia-kvartira-sergili-bobur-makhalla-novostroika-srochno-7240162,54.0,1,2,1,2026-08-21T23:55:40+00:00
7240163,2026-08-05,Sergeli,3,61102,https://hata.uz/en/listings/object/prodaetsia-3-komnatnaia-kvartira-74-2-m2-v-novom-dome-korobka-7240163,74.2,4,9,1,2026-08-21T23:55:40+00:00
7240165,2026-08-05,Sergeli,2,60000,https://hata.uz/en/listings/object/2kh-komnatnaia-kvartira-iangikhaetskii-raion-8-khudud-2-6-7-7240165,57.0,6,7,1,2026-08-21T23:55:40+00:00
7240171,2026-08-05,Sergeli,2,65000,https://hata.uz/en/listings/object/teplaia-i-ukhozhennaia-kvartira-po-vygodnoi-tsene-7240171,75.5,1,4,0,2026-08-21T23:55:40+00:00
7240173,2026-08-05,Sergeli,3,67900,https://hata.uz/en/listings/object/sergeli-3-9-9-o-rtacha-remont-7240173,76.0,9,9,0,2026-08-21T23:55:40+00:00
7240174,2026-08-05,Sergeli,3,55900,https://hata.uz/en/listings/object/novostroika-dom-dostlik-iangi-khaiot-65-50-kv-korobka-7240174,65.0,7,9,1,2026-08-21T23:55:40+00:00
7240175,2026-08-05,Sergeli,3,75000,https://hata.uz/en/listings/object/kvartira-3-kh-komnatnaia-sergeli-6-7240175,78.0,8,9,0,2026-08-21T23:55:40+00:00
7240178,2026-08-05,Sergeli,2,58000,https://hata.uz/en/listings/object/prodaetsia-2kh-komnatnaia-kvartira-7240178,42.0,7,7,0,2026-08-21T23:55:40+00:00
7240185,2026-08-05,Uchtepa,3,87000,https://hata.uz/en/listings/object/algoritm-30kvartal-3khona-1etazh-7240185,76.0,1,4,0,2026-08-21T23:55:40+00:00
7240191,2026-08-05,Uchtepa,4,100000,https://hata.uz/en/listings/object/4-xonali-uy-sotiladi-7240191,83.0,4,5,1,2026-08-21T23:55:40+00:00
7240196,2026-08-05,Uchtepa,2,62000,https://hata.uz/en/listings/object/prodam-2-5-5-keramzit-chil-24-s-mestom-dlia-stoianki-avto-62000-7240196,42.0,5,5,0,2026-08-21T23:55:40+00:00
7240197,2026-08-05,Uchtepa,1,58000,https://hata.uz/en/listings/object/algaritm-dahasida-1-xonali-2-xonaga-aylantirilgan-kvartira-sotilad-7240197,62.0,12,12,0,2026-08-21T23:55:40+00:00
7240198,2026-08-05,Uchtepa,4,115000,https://hata.uz/en/listings/object/prodaetsia-4kh-komnatnaia-kvartira-4-1-4-85m2-uchtepinskii-raion-7240198,85.0,1,4,0,2026-08-21T23:55:40+00:00
7240199,2026-08-05,Uchtepa,2,74000,https://hata.uz/en/listings/object/srochno-prodaiu-kvartiru-7240199,60.0,6,12,1,2026-08-21T23:55:40+00:00
7240211,2026-08-05,Chilonzor,3,74000,https://hata.uz/en/listings/object/srochno-prodaetsia-svoia-3kh-komnatnaia-kvartira-na-chilanzare-7240211,62.2,4,4,0,2026-08-21T23:55:40+00:00
7240217,2026-08-05,Chilonzor,2,89830,https://hata.uz/en/listings/object/novostroika-lafaete-na-iakkasarae-2-2-7-evro-kvartira-svoia-srochnaia-prod-7240217,52.0,2,7,1,2026-08-21T23:55:40+00:00
7240223,2026-08-05,Chilonzor,4,88500,https://hata.uz/en/listings/object/chilonzor-ts-4-4-4-7240223,83.0,4,4,0,2026-08-21T23:55:40+00:00
7240229,2026-08-05,Shayhontohur,3,70000,https://hata.uz/en/listings/object/kvartira-sergeli-16-novostroika-7240229,78.0,5,5,0,2026-08-21T23:55:40+00:00
7240235,2026-08-05,Shayhontohur,2,57000,https://hata.uz/en/listings/object/beltepada-kvartira-7240235,67.0,9,9,0,2026-08-21T23:55:40+00:00
7240236,2026-08-05,Shayhontohur,4,56500,https://hata.uz/en/listings/object/srochno-dupleks-kvartira-107-kv-7240236,107.0,1,4,1,2026-08-21T23:55:40+00:00
7240244,2026-08-05,Shayhontohur,3,112000,https://hata.uz/en/listings/object/prodaetsia-3-kh-kom-kvartira-v-topovoi-lokatsii-tashkenta-7240244,69.84,2,9,0,2026-08-21T23:55:40+00:00
7240251,2026-08-05,Shayhontohur,3,65000,https://hata.uz/en/listings/object/srochno-3-4-4-ibn-sino-zhararik-7240251,75.0,4,4,0,2026-08-21T23:55:40+00:00
7240256,2026-08-05,Shayhontohur,4,91000,https://hata.uz/en/listings/object/uy-sotiladi-o-zimniki-7240256,91.0,5,5,0,2026-08-21T23:55:40+00:00
7240260,2026-08-05,Yunusobod,1,40000,https://hata.uz/en/listings/object/1-xonali-36-m2-mavsum-yunusobod-7-qavat-kadastr-tayyor-7240260,36.0,7,9,1,2026-08-21T23:55:40+00:00
7240264,2026-08-05,Yunusobod,3,82000,https://hata.uz/en/listings/object/yunusobod-4-kvartal-3-xona-9-qavatli-uyning-8-qavatiida-7240264,1.0,8,9,0,2026-08-21T23:55:40+00:00
7240265,2026-08-05,Yunusobod,2,41300,https://hata.uz/en/listings/object/2-xonali-navastroyka-remonti-bilan-sergali-surum-7240265,50.0,2,8,1,2026-08-21T23:55:40+00:00
7240266,2026-08-05,Yunusobod,3,59000,https://hata.uz/en/listings/object/prodaetsia-kvartira-2v3-2-4-7240266,50.54,2,4,0,2026-08-21T23:55:40+00:00
7240270,2026-08-05,Yunusobod,3,125000,https://hata.uz/en/listings/object/prodaetsia-3-komnatnaia-kvartira-na-darkhane-7240270,70.0,2,4,0,2026-08-21T23:55:40+00:00
7240285,2026-08-05,Yunusobod,4,129000,https://hata.uz/en/listings/object/kvartira-sotiladi-novostroika-10-kavatli-uining-2-kavatida-7240285,102.0,2,10,1,2026-08-21T23:55:40+00:00
7240292,2026-08-05,Yunusobod,1,71500,https://hata.uz/en/listings/object/prodaiu-v-stile-loft-novostroika-iunusabad-7-7240292,39.84,7,7,1,2026-08-21T23:55:40+00:00
7240297,2026-08-05,Yakkasaroy,2,105000,https://hata.uz/en/listings/object/prodaetsia-2-komnatnaia-kvartira-zhk-anor-7240297,97.0,12,13,1,2026-08-21T23:55:40+00:00
7240299,2026-08-04,Yakkasaroy,2,88000,https://hata.uz/en/listings/object/sobstvennik-srochno-svoia-kvartira-nrg-bi-sado-2-komnaty-s-remontom-7240299,42.0,7,9,1,2026-08-21T23:55:40+00:00
7240326,2026-08-05,Yashnobod,2,61990,https://hata.uz/en/listings/object/prodaetsia-2-kom-53-19-kv-m-2-khonali-ui-sotiladi-bashkent-bashkent-7240326,53.19,11,16,1,2026-08-21T23:55:40+00:00
7240327,2026-08-05,Yashnobod,3,120000,https://hata.uz/en/listings/object/prodaetsia-kvartira-3-1-9-riezii-parkentskii-chizelnyi-7240327,72.27,1,9,0,2026-08-21T23:55:40+00:00
7240334,2026-08-05,Yashnobod,2,70000,https://hata.uz/en/listings/object/prodaetsia-2-kom-kvartira-na-kadysheva-aviasozlar-2-kvartal-7240334,46.0,7,8,1,2026-08-21T23:55:40+00:00
7240335,2026-08-05,Yashnobod,3,99500,https://hata.uz/en/listings/object/3khkomnatnaia-kvartira-na-1om-etazhe-7240335,65.0,1,4,0,2026-08-21T23:55:40+00:00
7240336,2026-08-05,Yashnobod,3,65000,https://hata.uz/en/listings/object/arintir-adju-universitet-7240336,61.5,4,4,0,2026-08-21T23:55:40+00:00
7240344,2026-08-05,Yashnobod,1,36000,https://hata.uz/en/listings/object/srochno-prodaetsia-gallereika-7240344,30.0,3,4,0,2026-08-21T23:55:40+00:00
7240910,2026-08-05,Olmazor,3,95000,https://hata.uz/en/listings/object/srochno-prodam-kvartiru-7240910,78.0,3,7,1,2026-08-21T23:55:40+00:00
7240912,2026-08-05,Olmazor,1,38000,https://hata.uz/en/listings/object/eshonguzar-1-xona-uy-sotiladi-7240912,48.0,2,2,0,2026-08-21T23:55:40+00:00
7240913,2026-08-05,Olmazor,2,105000,https://hata.uz/en/listings/object/ts-1-2-3-9-v-arende-po-700-u-e-tsena-105-000-u-e-7240913,60.0,3,9,0,2026-08-21T23:55:40+00:00
7240915,2026-08-05,Olmazor,2,28000,https://hata.uz/en/listings/object/sputnik-2-2-2-uy-sotiladi-7240915,42.0,2,2,0,2026-08-21T23:55:40+00:00
7240917,2026-08-05,Olmazor,3,125000,https://hata.uz/en/listings/object/kvqrtira-sotiladi-sebzorda-7240917,74.0,6,6,0,2026-08-21T23:55:40+00:00
7240919,2026-08-05,Olmazor,3,85000,https://hata.uz/en/listings/object/murad-building-soy-boyi-prodaetsia-3-komnatnaia-evropeiskaia-kvartira-7240919,63.0,8,15,1,2026-08-21T23:55:40+00:00
7240924,2026-08-05,Olmazor,3,69500,https://hata.uz/en/listings/object/srochno-prodaetsia-kvartira-na-kara-kamish-1-2-8-a-dom-1-2-7240924,74.5,4,4,0,2026-08-21T23:55:40+00:00
7240928,2026-08-05,Olmazor,3,87900,https://hata.uz/en/listings/object/svoia-3-komn-kvartira-86-m2-v-naprotiv-almazar-city-7240928,86.0,9,9,0,2026-08-21T23:55:40+00:00
7240929,2026-08-05,Olmazor,2,31000,https://hata.uz/en/listings/object/2-khonali-ui-sotiladi-arzon-narkhda-srochno-7240929,24.0,9,9,0,2026-08-21T23:55:40+00:00
7240931,2026-08-05,Olmazor,4,890,https://hata.uz/en/listings/object/prodam-kvartiru-na-malike-srochno-4-kom-12-14-7240931,88.0,12,14,1,2026-08-21T23:55:40+00:00
7240938,2026-08-05,Olmazor,2,75000,https://hata.uz/en/listings/object/2-xonalik-kvartira-7240938,65.0,6,6,1,2026-08-21T23:55:40+00:00
7240939,2026-08-05,Olmazor,2,55000,https://hata.uz/en/listings/object/2-khona-ui-sotiladi-7240939,56.0,5,5,0,2026-08-21T23:55:40+00:00
7240941,2026-08-05,Olmazor,1,44900,https://hata.uz/en/listings/object/prodaetsia-1-komnatnaia-kvartira-v-zhk-assalom-jomiy-golden-house-7240941,30.0,12,16,1,2026-08-21T23:55:40+00:00
7240942,2026-08-05,Olmazor,4,86000,https://hata.uz/en/listings/object/sebzor-4-5-5-kvartira-sotladi-srochna-7240942,85.0,5,5,0,2026-08-21T23:55:40+00:00
7240943,2026-08-05,Bektemir,1,35000,https://hata.uz/en/listings/object/nedvizhimost-kvartiry-7240943,41.0,1,4,0,2026-08-21T23:55:40+00:00
7240944,2026-08-05,Bektemir,4,70000,https://hata.uz/en/listings/object/maktab-bokcha-300-metr-7240944,65.0,1,4,0,2026-08-21T23:55:40+00:00
7240950,2026-08-05,Bektemir,2,53000,https://hata.uz/en/listings/object/prodaetsia-2kh-komnatnaia-kvartira-v-zhk-musaffo-maskan-bektemirskii-raion-7240950,58.0,14,17,1,2026-08-21T23:55:40+00:00
7240951,2026-08-05,Bektemir,3,55000,https://hata.uz/en/listings/object/prodaetsia-kvartira-7240951,68.0,8,9,1,2026-08-21T23:55:40+00:00
7240952,2026-08-05,Bektemir,1,48000,https://hata.uz/en/listings/object/prodam-kvartiru-za-48-000-7240952,43.0,2,2,0,2026-08-21T23:55:40+00:00
7240953,2026-08-05,Bektemir,3,65000,https://hata.uz/en/listings/object/ui-sotiladi-iangi-kurilgan-7240953,81.0,6,7,1,2026-08-21T23:55:40+00:00
7240954,2026-08-05,Bektemir,2,110000,https://hata.uz/en/listings/object/srochno-prodaetsia-7240954,146.0,2,2,0,2026-08-21T23:55:40+00:00
7240955,2026-08-05,Bektemir,2,53500,https://hata.uz/en/listings/object/srochno-prodaetsia-2kh-komnatnaia-musaffo-maskan-7240955,58.0,14,17,1,2026-08-21T23:55:40+00:00
7240956,2026-08-05,Bektemir,2,28930,https://hata.uz/en/listings/object/bektemir-tumani-vodnikda-novostroika-sotiladi-7240956,55.0,7,13,1,2026-08-21T23:55:40+00:00
7240958,2026-08-05,Bektemir,2,54000,https://hata.uz/en/listings/object/musaffo-maskanda-2-xonali-studiya-variant-62-52kvm-li-uy-sotiladi-7240958,62.0,12,17,1,2026-08-21T23:55:40+00:00
7240959,2026-08-05,Bektemir,3,58000,https://hata.uz/en/listings/object/bektemir-vodnik-3-khonali-kvartira-vodnik-suvmash-7240959,63.0,1,2,0,2026-08-21T23:55:40+00:00
7240960,2026-08-05,Bektemir,1,36000,https://hata.uz/en/listings/object/prodaetsia-1komnotnye-7240960,26.0,1,2,0,2026-08-21T23:55:40+00:00
7240961,2026-08-05,Yashnobod,3,70000,https://hata.uz/en/listings/object/3-xonali-kvartira-7240961,68.0,1,5,1,2026-08-21T23:55:40+00:00
7240970,2026-08-05,Yashnobod,2,128000,https://hata.uz/en/listings/object/svoia-kvartira-evro-remont-iashnabadskii-raion-riadom-sshkola-wunderkind-7240970,78.0,5,8,1,2026-08-21T23:55:40+00:00
7240971,2026-08-05,Yashnobod,2,55500,https://hata.uz/en/listings/object/prodaetsia-kvartira-7240971,55.0,6,9,0,2026-08-21T23:55:40+00:00
7240974,2026-08-05,Mirobod,2,68000,https://hata.uz/en/listings/object/prodaetsia-uiutnaia-2-komnatnaia-kvartira-peredelannaia-v-4-komnatnuiu-7240974,57.0,2,7,0,2026-08-21T23:55:40+00:00
7240975,2026-08-05,Mirobod,2,155000,https://hata.uz/en/listings/object/prodaetsia-2kh-kom-kv-zhk-mirabad-palas-7240975,71.0,2,10,1,2026-08-21T23:55:40+00:00
7240976,2026-08-05,Mirobod,3,147000,https://hata.uz/en/listings/object/prodaetsia-3kh-komnatnaia-kvartira-metro-oibek-3-3-9-obshchaia-ploshchad-74m2-7240976,74.0,3,9,0,2026-08-21T23:55:40+00:00
7240980,2026-08-05,Mirobod,2,45000,https://hata.uz/en/listings/object/kvartira-2kh-komnatnuiu-na-botkina-7240980,43.0,2,4,0,2026-08-21T23:55:40+00:00
7240986,2026-08-05,Mirobod,2,110000,https://hata.uz/en/listings/object/prodaetsia-zhk-oz-makon-golden-house-2-5-16-s-earo-remontom-mebeliu-7240986,42.0,5,16,1,2026-08-21T23:55:40+00:00
7240990,2026-08-05,Mirobod,3,75000,https://hata.uz/en/listings/object/aeroport-aviagorodok-3-komnaty-7240990,88.0,2,2,0,2026-08-21T23:55:40+00:00
7240994,2026-08-05,Mirobod,3,230000,https://hata.uz/en/listings/object/prodaetsia-3-kom-72m-10-et-vid-vo-dvor-v-zhk-infinity-sadyka-azimova-7240994,72.0,10,15,1,2026-08-21T23:55:40+00:00
7241013,2026-08-04,Mirzo Ulugbek,2,86000,https://hata.uz/en/listings/object/parkentskii-massiv-mavlono-riezii-stilnaia-kvartira-7241013,60.0,6,9,0,2026-08-21T23:55:40+00:00
7241014,2026-08-04,Mirzo Ulugbek,4,165000,https://hata.uz/en/listings/object/prodaetsia-kvartira-7241014,82.0,9,9,1,2026-08-21T23:55:40+00:00
7241025,2026-08-04,Mirzo Ulugbek,2,95000,https://hata.uz/en/listings/object/srochno-prodaetsia-kvartira-na-mirzo-ulugbekskom-raione-2-9-9-7241025,54.0,9,9,1,2026-08-21T23:55:40+00:00
7241038,2026-08-05,Sergeli,3,65000,https://hata.uz/en/listings/object/77-51-kv-m-sotiladi-srochno-7241038,77.51,4,12,1,2026-08-21T23:55:40+00:00
7241039,2026-08-05,Sergeli,5,135000,https://hata.uz/en/listings/object/prodaetsia-5-ti-komnatnaia-kvartira-v-pervom-etazhe-7241039,117.0,1,9,0,2026-08-21T23:55:40+00:00
7241042,2026-08-05,Sergeli,1,31000,https://hata.uz/en/listings/object/prodaetsia-1-1-4-kvartira-v-kirpichnom-dome-obshchaia-ploshchad-30m2-zhilaia-14-7241042,30.0,1,4,0,2026-08-21T23:55:40+00:00
7241048,2026-08-05,Sergeli,2,65000,https://hata.uz/en/listings/object/prodaetsia-2kh-komnatnaia-kvartira-2-khonali-kvartira-sotiladi-evro-remon-7241048,63.0,4,9,1,2026-08-21T23:55:40+00:00
7241049,2026-08-05,Sergeli,2,54500,https://hata.uz/en/listings/object/boshlangich-tulov-20-000-subsidiia-va-ipoteka-2-khona-podkliuch-kvartira-7241049,56.0,7,16,1,2026-08-21T23:55:40+00:00
7241050,2026-08-05,Sergeli,3,65000,https://hata.uz/en/listings/object/prodaetsia-7241050,80.0,9,9,0,2026-08-21T23:55:40+00:00
7241051,2026-08-05,Sergeli,2,53900,https://hata.uz/en/listings/object/2-xonali-yevroremont-kvartira-mebel-texnikali-xonabod-avenyu-7241051,43.0,4,12,1,2026-08-21T23:55:40+00:00
7241053,2026-08-05,Sergeli,2,64000,https://hata.uz/en/listings/object/serg2-iarmar-2-khkom-7241053,64.0,6,9,0,2026-08-21T23:55:40+00:00
7241054,2026-08-05,Sergeli,3,50000,https://hata.uz/en/listings/object/prodaetsia-kvartira-v-dome-7241054,62.0,1,1,0,2026-08-21T23:55:40+00:00
7241061,2026-08-05,Sergeli,1,34000,https://hata.uz/en/listings/object/prodaetsia-sergeli-2-1-4-4-7241061,31.0,4,4,0,2026-08-21T23:55:40+00:00
7241062,2026-08-05,Sergeli,3,57000,https://hata.uz/en/listings/object/prodaetsia-3-kh-kom-kvartira-srochno-iangi-khaiat-iangi-darkhan-7241062,71.0,16,16,0,2026-08-21T23:55:40+00:00
7241069,2026-08-05,Sergeli,2,30000,https://hata.uz/en/listings/object/uy-sotiladi-srochna-7241069,35.0,6,6,1,2026-08-21T23:55:40+00:00
7241070,2026-08-05,Sergeli,1,50000,https://hata.uz/en/listings/object/kvartira-sergeli-1-4-8-62-kv-m-kirpich-7241070,62.5,4,8,0,2026-08-21T23:55:40+00:00
7241072,2026-08-05,Sergeli,3,65000,https://hata.uz/en/listings/object/prodaiu-kvartiru-v-sergeli-v-novostroike-kadastr-est-7241072,78.35,2,12,1,2026-08-21T23:55:40+00:00
7241073,2026-08-05,Sergeli,3,65000,https://hata.uz/en/listings/object/prodaetsia-svoia-3-kh-komnatnaia-kvartira-77-seriia-m-v-sergeli-sputnik-7241073,65.93,2,4,0,2026-08-21T23:55:40+00:00
7241076,2026-08-05,Uchtepa,2,71000,https://hata.uz/en/listings/object/prodam-svoiu-kvartiru-62-m-kv-ipoteka-7241076,62.0,2,4,0,2026-08-21T23:55:40+00:00
7241077,2026-08-05,Uchtepa,2,57500,https://hata.uz/en/listings/object/uy-sotiladi-2-xonali-remonti-ortacha-7241077,58.0,5,9,0,2026-08-21T23:55:40+00:00
7241079,2026-08-05,Uchtepa,1,41500,https://hata.uz/en/listings/object/prodaetsia-1-komnatnaia-tuzel-1-7241079,38.0,9,9,0,2026-08-21T23:55:40+00:00
7241084,2026-08-05,Uchtepa,3,75000,https://hata.uz/en/listings/object/2-3-komnatnaia-2-etazh-4-etazhnogo-doma-7241084,52.0,2,4,0,2026-08-21T23:55:40+00:00
7241089,2026-08-05,Uchtepa,4,85000,https://hata.uz/en/listings/object/prodaetsia-kvartira-svoia-4-kh-komnatnaia-7241089,76.0,4,4,0,2026-08-21T23:55:40+00:00
7241092,2026-08-05,Uchtepa,3,81000,https://hata.uz/en/listings/object/prodaiu-3-kh-komnatnuiu-kvartiru-7241092,65.0,1,5,0,2026-08-21T23:55:40+00:00
7241095,2026-08-05,Uchtepa,1,53500,https://hata.uz/en/listings/object/1-komnatnaia-chilanzar-26-balkon-220x6-orientir-shirin-7241095,42.0,3,5,0,2026-08-21T23:55:40+00:00
7241096,2026-08-05,Uchtepa,3,73500,https://hata.uz/en/listings/object/srochniy-sotiladi-7241096,82.0,9,9,0,2026-08-21T23:55:40+00:00
7241098,2026-08-05,Uchtepa,3,80000,https://hata.uz/en/listings/object/prodaiu-svaiu-kv-na-chilanzare-22-3-4-4-7241098,78.0,4,4,0,2026-08-21T23:55:40+00:00
7241099,2026-08-05,Shayhontohur,2,60000,https://hata.uz/en/listings/object/chilanzar-7kv-ok-tepa-2-2-3-7241099,42.0,2,3,0,2026-08-21T23:55:40+00:00
7241113,2026-08-05,Chilonzor,3,73000,https://hata.uz/en/listings/object/uiim-sotaman-3-khonalik-7241113,70.0,4,4,0,2026-08-21T23:55:40+00:00
7241114,2026-08-05,Chilonzor,3,85000,https://hata.uz/en/listings/object/chilonzor-17-kv-2-dom-3-etaj-3-4-hona-7241114,66.0,3,4,0,2026-08-21T23:55:40+00:00
7241122,2026-08-05,Chilonzor,1,46000,https://hata.uz/en/listings/object/chilonzor-8-1-4-4-42m2-tts-parus-metro-novza-15-minut-peshkom-47000-7241122,42.0,4,4,0,2026-08-21T23:55:40+00:00
7241123,2026-08-05,Chilonzor,2,61500,https://hata.uz/en/listings/object/prodaetsia-svoia-2kh-v-3kh-5-5-7241123,57.0,5,5,0,2026-08-21T23:55:40+00:00
7241130,2026-08-05,Chilonzor,1,55500,https://hata.uz/en/listings/object/chilonzor-19-kvartolda-1-xonalik-uy-srochna-sotiladi-7241130,34.0,3,4,0,2026-08-21T23:55:40+00:00
7241134,2026-08-05,Chilonzor,2,96000,https://hata.uz/en/listings/object/prodaetsia-kvartira-7241134,64.0,9,9,0,2026-08-21T23:55:40+00:00
7241137,2026-08-05,Chilonzor,2,73000,https://hata.uz/en/listings/object/kvartira-svaia-srochna-prodaetsa-7241137,48.0,2,3,1,2026-08-21T23:55:40+00:00
7241146,2026-08-05,Chilonzor,4,80000,https://hata.uz/en/listings/object/prodam-svoiu-kvartiru-4-5-5-ipotekagayam-beriladi-7241146,84.0,5,5,0,2026-08-21T23:55:40+00:00
7241154,2026-08-05,Chilonzor,3,120000,https://hata.uz/en/listings/object/kvartira-sotiladi-7241154,75.0,7,9,0,2026-08-21T23:55:40+00:00
7241155,2026-08-05,Chilonzor,2,115000,https://hata.uz/en/listings/object/chilanzar-10-novostroika-2-1-9-s-mebeliu-7241155,60.0,1,9,1,2026-08-21T23:55:40+00:00
7241156,2026-08-05,Shayhontohur,2,107000,https://hata.uz/en/listings/object/koh-ota-bazis-t-yengi-qimmat-remont-bilan-kvartira-7241156,45.0,2,9,1,2026-08-21T23:55:40+00:00
7241157,2026-08-05,Shayhontohur,5,106000,https://hata.uz/en/listings/object/prodaetsia-5-kvartira-svoia-7241157,106.0,4,9,0,2026-08-21T23:55:40+00:00
7241164,2026-08-05,Shayhontohur,5,95000,https://hata.uz/en/listings/object/kvartira-5-komnatnoe-7241164,95.0,5,5,0,2026-08-21T23:55:40+00:00
7241168,2026-08-05,Shayhontohur,3,92000,https://hata.uz/en/listings/object/prodaetsia-3-kh-komnatnaia-kvartira-na-massive-karatash-7241168,76.63,5,5,0,2026-08-21T23:55:40+00:00
7241170,2026-08-05,Shayhontohur,3,80000,https://hata.uz/en/listings/object/sergeli-kuruvchida-stroitelnyi-kvartira-87kvadrat-7241170,87.0,4,9,0,2026-08-21T23:55:40+00:00
7241173,2026-08-05,Yunusobod,4,104500,https://hata.uz/en/listings/object/prodaetsia-kvartira-4kh-komnatnaia-136m2-s-nov-remontom-setor-bedana-7241173,136.0,10,10,1,2026-08-21T23:55:40+00:00
7241174,2026-08-05,Yunusobod,2,80000,https://hata.uz/en/listings/object/2-xonali-kvartira-sotiladi-ipoteka-mumkin-7241174,56.0,3,4,0,2026-08-21T23:55:40+00:00
7241175,2026-08-05,Yunusobod,2,139000,https://hata.uz/en/listings/object/ts2-alaiskii-16-dom-2-5-9-81-77-m2-7241175,82.0,5,9,0,2026-08-21T23:55:40+00:00
7241203,2026-08-04,Yakkasaroy,3,90000,https://hata.uz/en/listings/object/prodaetsia-2kh-aia-dizainerskie-proekt-7241203,49.0,2,4,0,2026-08-21T23:55:40+00:00
7241204,2026-08-05,Yakkasaroy,3,106000,https://hata.uz/en/listings/object/srochno-kvartira-iakkasaraiskii-raion-3-komnat-7241204,75.26,1,9,0,2026-08-21T23:55:40+00:00
7241206,2026-08-04,Yakkasaroy,2,82500,https://hata.uz/en/listings/object/prodaetsia-dvukhkomnatnaia-iakkasaroi-salamatina-7241206,52.0,4,10,0,2026-08-21T23:55:40+00:00
7241211,2026-08-05,Yakkasaroy,1,38000,https://hata.uz/en/listings/object/srochno-prodaetsia-kvartira-ot-sobstvennika-torg-umesten-7241211,38.0,9,9,0,2026-08-21T23:55:40+00:00
7241235,2026-08-05,Yashnobod,1,38000,https://hata.uz/en/listings/object/tsena-snizhena-prodaetsia-1-komnatnaia-kvartira-s-novym-evroremontom-7241235,28.0,4,4,0,2026-08-21T23:55:40+00:00
7241237,2026-08-05,Yashnobod,2,65000,https://hata.uz/en/listings/object/prodaetsia-2-komnatnaia-kvartira-7241237,60.0,9,9,0,2026-08-21T23:55:40+00:00
7241239,2026-08-05,Yashnobod,5,145000,https://hata.uz/en/listings/object/prodaetsia-dupleks-kvartira-na-parkentskom-7241239,170.0,7,8,1,2026-08-21T23:55:40+00:00
7241244,2026-08-05,Yashnobod,1,34000,https://hata.uz/en/listings/object/prodaetsia-1-kom-kvartira-27-5kv-zhk-bashkent-7241244,27.5,14,16,1,2026-08-21T23:55:40+00:00
7241250,2026-08-05,Yashnobod,2,92000,https://hata.uz/en/listings/object/yashnobod-2-xonali-kvartira-sotiladi-7241250,77.0,7,1,0,2026-08-21T23:55:40+00:00
7241251,2026-08-05,Yashnobod,2,75000,https://hata.uz/en/listings/object/prodam-evrodvushka-zhk-bi-group-p-t-sad-o-business-kadastr-gotov-7241251,41.37,5,9,1,2026-08-21T23:55:40+00:00
7241797,2026-08-05,Olmazor,1,53000,https://hata.uz/en/listings/object/novaia-kvartira-novyi-dom-7241797,29.09,8,15,1,2026-08-21T23:55:40+00:00
7241802,2026-08-05,Olmazor,4,90000,https://hata.uz/en/listings/object/dom-sotiladi-4-xonali-7241802,101.0,1,9,0,2026-08-21T23:55:40+00:00
7241805,2026-08-05,Bektemir,2,42500,https://hata.uz/en/listings/object/dvukhkomnatnaia-plius-gostinnitsa-7241805,42.0,2,2,0,2026-08-21T23:55:40+00:00
7241809,2026-08-05,Bektemir,2,65000,https://hata.uz/en/listings/object/2kh-komnatnaia-kvartira-svoia-v-raione-rynka-kuiliuk-7241809,63.0,1,4,0,2026-08-21T23:55:40+00:00
7241812,2026-08-05,Bektemir,3,65000,https://hata.uz/en/listings/object/srochno-2-komnatnaia-kvartira-prodaetsia-massive-vodnik-2-bektemirs-7241812,58.0,4,4,0,2026-08-21T23:55:40+00:00
7241813,2026-08-05,Bektemir,3,65000,https://hata.uz/en/listings/object/shoshilinch-2-khonali-kvartira-sotiladi-bektemir-tumani-vodnik-2-massiv-7241813,58.0,4,4,0,2026-08-21T23:55:40+00:00
7241814,2026-08-05,Bektemir,2,60000,https://hata.uz/en/listings/object/2-kh-komnatnaia-kvartira-vodnik-2-tsentr-raiona-7241814,58.0,4,4,0,2026-08-21T23:55:40+00:00
7241815,2026-08-05,Bektemir,1,45000,https://hata.uz/en/listings/object/uy-sotiladi-1xona-bektemir-7241815,42.0,3,12,1,2026-08-21T23:55:40+00:00
7241816,2026-08-05,Bektemir,1,48000,https://hata.uz/en/listings/object/srochno-ui-sotiladi-7241816,46.8,7,9,1,2026-08-21T23:55:40+00:00
7241817,2026-08-05,Yashnobod,3,87269,https://hata.uz/en/listings/object/aviasozlar-plaza-ozimizning-uyi-zudlik-bilan-sotiladi-3-8-10-7241817,83.0,8,10,1,2026-08-21T23:55:40+00:00
7241827,2026-08-05,Yashnobod,2,105000,https://hata.uz/en/listings/object/2-kh-komnatnaia-v-zhk-bi-sado-id-7413-7241827,43.0,9,9,1,2026-08-21T23:55:40+00:00
7241832,2026-08-05,Yashnobod,1,50000,https://hata.uz/en/listings/object/prodaetsia-kvartira-1-komnatnaia-3-etazh-7241832,40.0,3,5,0,2026-08-21T23:55:40+00:00
7241839,2026-08-05,Mirobod,2,11000,https://hata.uz/en/listings/object/prodaetsia-novostroika-furkat-rezedens-v-mirabade-7241839,35.0,11,16,1,2026-08-21T23:55:40+00:00
7241841,2026-08-05,Mirobod,8,1050000,https://hata.uz/en/listings/object/prodaetsia-8-komnatnaia-kvartira-v-zhk-parkwood-7241841,471.83,10,11,1,2026-08-21T23:55:40+00:00
7241866,2026-08-05,Mirzo Ulugbek,1,32000,https://hata.uz/en/listings/object/odnokomnaia-boidzhigit-7241866,35.0,4,5,1,2026-08-21T23:55:40+00:00
7241868,2026-08-05,Mirzo Ulugbek,1,26000,https://hata.uz/en/listings/object/1-komnatnaia-v-maksim-gorkom-7241868,16.0,2,4,0,2026-08-21T23:55:40+00:00
7241870,2026-08-05,Mirzo Ulugbek,3,120000,https://hata.uz/en/listings/object/prodazha-kvartiry-7241870,92.0,4,9,0,2026-08-21T23:55:40+00:00
7241871,2026-08-04,Mirzo Ulugbek,3,99000,https://hata.uz/en/listings/object/prodaetsia-kvartira-7241871,60.0,5,5,0,2026-08-21T23:55:40+00:00
7241876,2026-08-04,Mirzo Ulugbek,2,83000,https://hata.uz/en/listings/object/prodazha-2komnatnaia-studiia-50kv2-v-zhk-parkent-aveniu-parkentskaia-tapoich-7241876,50.0,4,9,1,2026-08-21T23:55:40+00:00
7241880,2026-08-04,Mirzo Ulugbek,2,76000,https://hata.uz/en/listings/object/ecobozorga-yaqin-joyda-2-xonalik-uy-7241880,54.85,5,6,1,2026-08-21T23:55:40+00:00
7241881,2026-08-05,Mirzo Ulugbek,2,63999,https://hata.uz/en/listings/object/kvartira-svoi-2-kh-7241881,48.0,4,4,0,2026-08-21T23:55:40+00:00
7241892,2026-08-05,Sergeli,4,75000,https://hata.uz/en/listings/object/srochno-prodaiu-kvartiru-7241892,76.0,2,9,1,2026-08-21T23:55:40+00:00
7241893,2026-08-05,Sergeli,3,66037,https://hata.uz/en/listings/object/srochno-3-khonali-arzon-kvartira-sotiladi-7241893,94.62,5,5,1,2026-08-21T23:55:40+00:00
7241895,2026-08-05,Sergeli,5,128000,https://hata.uz/en/listings/object/srochna-sergeli-bobur-mahallasida-2-qavatli-dupleks-uy-128-m2-7241895,128.0,2,2,1,2026-08-21T23:55:40+00:00
7241899,2026-08-05,Sergeli,1,47500,https://hata.uz/en/listings/object/birlamchi-ipotekaga-iangi-kurilgan-ui-7241899,44.0,3,7,1,2026-08-21T23:55:40+00:00
7241902,2026-08-05,Sergeli,5,75000,https://hata.uz/en/listings/object/126-kv-m-dupleks-khonabod-massiv-kuruvchi-41-14-nomer-zerkalnyi-7241902,126.0,1,3,1,2026-08-21T23:55:40+00:00
7241906,2026-08-05,Sergeli,2,72000,https://hata.uz/en/listings/object/srochno-sotiladi-2kh-7241906,62.0,1,9,0,2026-08-21T23:55:40+00:00
7241914,2026-08-05,Sergeli,2,60000,https://hata.uz/en/listings/object/ozimi-uyim-makler-emasman-7241914,54.0,3,7,0,2026-08-21T23:55:40+00:00
7241917,2026-08-05,Uchtepa,4,78000,https://hata.uz/en/listings/object/uchtepa-tumani-farkhod-bozori-iakinida-kvartira-sotiladi-7241917,80.0,5,5,0,2026-08-21T23:55:40+00:00
7241922,2026-08-05,Uchtepa,3,75000,https://hata.uz/en/listings/object/uchtepa-14-kvartalda-afruz-7241922,63.0,2,4,0,2026-08-21T23:55:40+00:00
7241923,2026-08-05,Uchtepa,1,31000,https://hata.uz/en/listings/object/chilanzar-22-kv-1-3-4-galereika-7241923,26.5,3,4,0,2026-08-21T23:55:40+00:00
7241924,2026-08-05,Uchtepa,2,70406,https://hata.uz/en/listings/object/prodaetsia-na-g9a-svoia-kvartira-2-v-3-5-5-balkon-2x6-7241924,56.0,5,5,0,2026-08-21T23:55:40+00:00
7241926,2026-08-05,Uchtepa,2,67389,https://hata.uz/en/listings/object/2-hona-66-kv-uch-tepa-tuman-7241926,66.0,5,16,1,2026-08-21T23:55:40+00:00
7241928,2026-08-05,Uchtepa,3,85000,https://hata.uz/en/listings/object/kvartira-sotiladi-7241928,77.0,7,9,0,2026-08-21T23:55:40+00:00
7241933,2026-08-05,Uchtepa,3,94000,https://hata.uz/en/listings/object/srochno-prodaetsia-kvartira-v-uchtepa-3-8-10-80-kv-m-7241933,80.0,8,10,1,2026-08-21T23:55:40+00:00
7241934,2026-08-05,Uchtepa,2,67000,https://hata.uz/en/listings/object/dupleks-novostroika-zh-k-o-rikzor-resident-zastroishchik-zh-k-orikzor-re-7241934,90.0,1,16,1,2026-08-21T23:55:40+00:00
7241935,2026-08-05,Uchtepa,1,48000,https://hata.uz/en/listings/object/algoritm-31-kvartal-novostroyka-6-etaj-1-xona-bartergaiam-gaplashamiz-7241935,53.0,6,12,1,2026-08-21T23:55:40+00:00
7241945,2026-08-05,Chilonzor,3,122000,https://hata.uz/en/listings/object/3kh-kom-chilanzar-2-7241945,94.0,9,9,1,2026-08-21T23:55:40+00:00
7241949,2026-08-05,Chilonzor,1,59800,https://hata.uz/en/listings/object/prodaiu-1-kom-kvartiru-7241949,42.0,3,5,0,2026-08-21T23:55:40+00:00
7241956,2026-08-05,Chilonzor,3,400,https://hata.uz/en/listings/object/chilonzor-tumani-algaritm-royson-karzinka-3-7-9-oilaga-ijaraga-berilad-7241956,73.0,7,9,1,2026-08-21T23:55:40+00:00
7241957,2026-08-05,Chilonzor,2,73500,https://hata.uz/en/listings/object/yunusobod-6-kvartal-amerikanskiy-posolstva-2-3-qilingan-1-etaj-7241957,60.0,1,4,0,2026-08-21T23:55:40+00:00
7241968,2026-08-05,Shayhontohur,4,199000,https://hata.uz/en/listings/object/srochno-prodam-svoiu-kvartiru-7241968,106.0,9,10,1,2026-08-21T23:55:40+00:00
7241974,2026-08-05,Shayhontohur,5,140000,https://hata.uz/en/listings/object/prodaetsia-kvartira-chorsu-5kh-komnat-7241974,98.0,3,4,0,2026-08-21T23:55:40+00:00
7241991,2026-08-05,Shayhontohur,2,85000,https://hata.uz/en/listings/object/prodaetsia-svoia-2-4-4-ts-15-zhangokh-v-tsentre-7241991,65.0,4,4,0,2026-08-21T23:55:40+00:00
7241996,2026-08-05,Yunusobod,4,155000,https://hata.uz/en/listings/object/kvartira-sotiladi-prodaetsia-kvartira-megapolis-zhk-4-kom-123-kv-m-7241996,123.0,6,13,1,2026-08-21T23:55:40+00:00
7241998,2026-08-05,Yunusobod,3,106000,https://hata.uz/en/listings/object/3kh-komn-kvartira-high-town-city-7241998,78.0,7,17,1,2026-08-21T23:55:40+00:00
7242003,2026-08-05,Yunusobod,2,100000,https://hata.uz/en/listings/object/srochno-prodaetsia-2-kom-kvartira-zhk-yunusabad-rezidence-7242003,43.0,3,4,1,2026-08-21T23:55:40+00:00
7242009,2026-08-05,Yunusobod,5,150000,https://hata.uz/en/listings/object/kvartira-svoia-5-komnatnaia-7242009,95.0,1,5,0,2026-08-21T23:55:40+00:00
7242010,2026-08-05,Yunusobod,1,70000,https://hata.uz/en/listings/object/prodaetsiia-imperial-club-city-svoia-7242010,29.43,7,14,1,2026-08-21T23:55:40+00:00
7242017,2026-08-05,Yunusobod,3,80000,https://hata.uz/en/listings/object/prodam-3-kh-komnatnuiu-kvartiru-iunusobad-5kvartal-7242017,69.99,5,5,0,2026-08-21T23:55:40+00:00
7242018,2026-08-05,Yunusobod,2,51967,https://hata.uz/en/listings/object/kadastrli-taior-bitgan-iangi-uilar-iunusobod-bitonkada-orentir-turkistan-7242018,50.0,3,16,1,2026-08-21T23:55:40+00:00
7242026,2026-08-05,Yakkasaroy,4,315000,https://hata.uz/en/listings/object/svoia-kvartira-43-etazh-super-vid-v-gorod-zhk-piramit-tower-korobka-4-4-7242026,99.0,43,48,1,2026-08-21T23:55:40+00:00
7242027,2026-08-05,Yakkasaroy,3,140000,https://hata.uz/en/listings/object/zhk-hilmar-novostroika-srochno-prodaetsia-7242027,120.0,3,9,1,2026-08-21T23:55:40+00:00
7242040,2026-08-05,Yakkasaroy,4,135000,https://hata.uz/en/listings/object/kvartira-sotiladi-7242040,133.0,1,1,0,2026-08-21T23:55:40+00:00
7242048,2026-08-05,Yakkasaroy,2,70000,https://hata.uz/en/listings/object/prodaetsia-2-kh-komnatnaia-kvartira-v-iakkasaraiskom-raione-7242048,50.0,2,4,0,2026-08-21T23:55:40+00:00
7242049,2026-08-04,Yakkasaroy,2,128000,https://hata.uz/en/listings/object/novostroika-zhk-shoshkent-2-13-14-7242049,57.0,13,14,1,2026-08-21T23:55:40+00:00
7242050,2026-08-05,Yakkasaroy,3,205000,https://hata.uz/en/listings/object/svetlaia-3-kh-konmnatnaia-kvartira-117kv-2-9-etazh-darkhan-7242050,117.0,2,9,0,2026-08-21T23:55:40+00:00
7242062,2026-08-04,Yashnobod,3,135000,https://hata.uz/en/listings/object/srochno-dupleks-90-m2-v-novom-zhk-poytaxt-residence-7242062,90.0,7,7,1,2026-08-21T23:55:40+00:00
7242066,2026-08-05,Yashnobod,2,61000,https://hata.uz/en/listings/object/prodaetsia-uiutnaia-2-komnatnaia-kvartira-7242066,50.0,3,4,0,2026-08-21T23:55:40+00:00
7242070,2026-08-04,Yashnobod,2,168000,https://hata.uz/en/listings/object/golden-house-infinity-zhk-dan-ui-sotiladi-7242070,47.0,5,14,1,2026-08-21T23:55:40+00:00
7242082,2026-08-05,Yashnobod,1,19500,https://hata.uz/en/listings/object/1-komnatnaia-kvartira-v-byvshem-obshchezhitie-prodaetsia-7242082,15.0,3,4,0,2026-08-21T23:55:40+00:00
7242084,2026-08-05,Yashnobod,1,52500,https://hata.uz/en/listings/object/oz-zamin-golden-house-2-11-16-7242084,36.0,11,16,1,2026-08-21T23:55:40+00:00
7242097,2026-08-05,Yashnobod,2,67000,https://hata.uz/en/listings/object/prodaetsia-2-komnatnaia-kvartira-v-iashnabadskom-raione-7242097,51.0,2,5,0,2026-08-21T23:55:40+00:00
7242643,2026-08-05,Olmazor,1,90000,https://hata.uz/en/listings/object/ui-sotiladi-1-khona-132-m-kvd-sergili-moshina-bozor-tugrisida-7242643,54.0,3,3,1,2026-08-21T23:55:40+00:00
7242644,2026-08-05,Olmazor,2,90000,https://hata.uz/en/listings/object/olmazor-siti-2-5-9-evroremont-obsh-68-kv-m-korasaroi-olmazor-city-7242644,68.0,5,9,1,2026-08-21T23:55:40+00:00
7242647,2026-08-05,Olmazor,5,82000,https://hata.uz/en/listings/object/dublex-kvartira-sotiladi-126kv-m-50-remonti-bitgan-7242647,126.0,1,4,1,2026-08-21T23:55:40+00:00
7242650,2026-08-05,Olmazor,2,53000,https://hata.uz/en/listings/object/kvartira-pod-kliuch-7242650,33.0,5,8,1,2026-08-21T23:55:40+00:00
7242652,2026-08-05,Olmazor,4,75000,https://hata.uz/en/listings/object/qoraqamish-2-4-4-4-4-7242652,73.14,4,4,0,2026-08-21T23:55:40+00:00
7242653,2026-08-05,Olmazor,3,81000,https://hata.uz/en/listings/object/kvartira-sotiladi-7242653,1.0,1,1,0,2026-08-21T23:55:40+00:00
7242656,2026-08-05,Olmazor,5,190000,https://hata.uz/en/listings/object/bauram-jk-173-kv-5-xonali-7242656,173.0,8,8,1,2026-08-21T23:55:40+00:00
7242663,2026-08-05,Olmazor,3,80000,https://hata.uz/en/listings/object/uchtepada-77-seriia-3-3-4-7242663,68.0,3,4,0,2026-08-21T23:55:40+00:00
7242668,2026-08-05,Bektemir,3,67000,https://hata.uz/en/listings/object/3kh-komnatnaia-73m2-bektemir-orientir-kuiliukskii-most-7242668,73.0,3,4,0,2026-08-21T23:55:40+00:00
7242669,2026-08-05,Bektemir,3,52500,https://hata.uz/en/listings/object/uy-sotiladi-musaffo-maskan-ipoteka-bor-7242669,58.0,4,10,1,2026-08-21T23:55:40+00:00
7242670,2026-08-05,Bektemir,2,59000,https://hata.uz/en/listings/object/musaffo-maskan-novostroyka-2xonali-sotiladi-7242670,54.0,5,17,0,2026-08-21T23:55:40+00:00
7242671,2026-08-05,Bektemir,3,56000,https://hata.uz/en/listings/object/prodam-3-komnaty-kvartiru-na-iik-ota-7242671,63.0,2,2,0,2026-08-21T23:55:40+00:00
7242674,2026-08-05,Bektemir,2,62000,https://hata.uz/en/listings/object/prodaetsia-2-kh-komnatnaia-kvartira-na-sergeli-7242674,48.0,4,7,0,2026-08-21T23:55:40+00:00
7242681,2026-08-05,Yashnobod,4,100000,https://hata.uz/en/listings/object/prodaetsia-4komnatnaia-8-9-kvartira-s-gotovym-remontom-mozhno-v-ipoteku-7242681,110.0,8,9,0,2026-08-21T23:55:40+00:00
7242686,2026-08-05,Yashnobod,2,90000,https://hata.uz/en/listings/object/srochno-prodam-svoiu-kvartiru-2-3-10-v-zhk-aviasuzlar-plaza-7242686,73.0,3,10,1,2026-08-21T23:55:40+00:00
7242696,2026-08-05,Yashnobod,4,91000,https://hata.uz/en/listings/object/prodaetsia-4-komnatnaia-kvartira-v-iangiabade-s-remontom-mozhno-vipoteku-7242696,90.0,3,6,1,2026-08-21T23:55:40+00:00
7242698,2026-08-05,Mirobod,3,64000,https://hata.uz/en/listings/object/mirabadskii-r-n-3-1-4-66m2-metro-5-min-kuiliuk-qoyliq-massiv-1-7242698,66.0,1,4,0,2026-08-21T23:55:40+00:00
7242712,2026-08-05,Mirobod,5,410000,https://hata.uz/en/listings/object/gabus-5-4-2-8-mirabad-rn-nukus-ul-7242712,185.0,2,2,0,2026-08-21T23:55:40+00:00
7242715,2026-08-05,Mirobod,2,150000,https://hata.uz/en/listings/object/prodaetsia-kvartira-7242715,53.0,4,5,0,2026-08-21T23:55:40+00:00
7242727,2026-08-05,Mirzo Ulugbek,2,64000,https://hata.uz/en/listings/object/yunus-obod-12kv-tayyor-uy-7242727,58.0,3,5,0,2026-08-21T23:55:40+00:00
7242729,2026-08-05,Mirzo Ulugbek,5,150000,https://hata.uz/en/listings/object/prodaetsia-kvartira-110-kvadrat-mirzo-ulugbek-parkentskii-7242729,110.0,4,9,1,2026-08-21T23:55:40+00:00
7242732,2026-08-05,Mirzo Ulugbek,3,115000,https://hata.uz/en/listings/object/genus-caravan-avenue-7242732,80.0,11,13,1,2026-08-21T23:55:40+00:00
7242736,2026-08-05,Mirzo Ulugbek,2,43000,https://hata.uz/en/listings/object/karasu-3-1-9-9-4369m-svoia-7242736,43.69,9,9,1,2026-08-21T23:55:40+00:00
7242739,2026-08-05,Mirzo Ulugbek,2,66512,https://hata.uz/en/listings/object/2-3-5-na-karasu-2-7242739,60.0,3,5,0,2026-08-21T23:55:40+00:00
7242745,2026-08-05,Mirzo Ulugbek,4,141000,https://hata.uz/en/listings/object/prodaetsia-svoia-4-5-9-na-darkhane-7242745,96.0,5,9,0,2026-08-21T23:55:40+00:00
7242750,2026-08-05,Mirzo Ulugbek,2,63000,https://hata.uz/en/listings/object/feruza-2-6-6-evroremont-novostroika-7242750,45.0,6,6,1,2026-08-21T23:55:40+00:00
7242751,2026-08-05,Sergeli,3,62000,https://hata.uz/en/listings/object/yangi-darxon-2-novostroykada-3-xonali-70kv-uyim-sotiladi-7242751,70.0,12,16,1,2026-08-21T23:55:40+00:00
7242752,2026-08-05,Sergeli,2,64000,https://hata.uz/en/listings/object/srochno-prodaetsia-kvartira-2-etazh-2-kom-60-kv-7242752,60.0,2,16,1,2026-08-21T23:55:40+00:00
7242755,2026-08-05,Sergeli,3,72000,https://hata.uz/en/listings/object/prodaetsia-3-komnatnaia-kvartira-na-6-etazhe-7242755,72.0,6,9,1,2026-08-21T23:55:40+00:00
7242756,2026-08-05,Sergeli,3,64999,https://hata.uz/en/listings/object/prodazha-sergeli-2-kv-3-5-5-7242756,78.0,5,5,0,2026-08-21T23:55:40+00:00
7242757,2026-08-05,Sergeli,1,33297,https://hata.uz/en/listings/object/sokin-makon-1-2-yangi-uylar-7242757,42.0,12,16,1,2026-08-21T23:55:40+00:00
7242762,2026-08-05,Sergeli,1,25200,https://hata.uz/en/listings/object/sergeli-5-bekat-iul-iuzida-zhoilashgan-9-etazhkani-8-etazhi-1-khonali-ui-7242762,28.0,8,9,1,2026-08-21T23:55:40+00:00
7242763,2026-08-05,Sergeli,1,25500,https://hata.uz/en/listings/object/sergeli-metro-5-bekat-yonida-28-m2-lik-kvartira-sotiladi-7242763,28.0,8,9,1,2026-08-21T23:55:40+00:00
7242767,2026-08-05,Sergeli,2,79000,https://hata.uz/en/listings/object/sergeli-2-da-2-khona-iangi-remontdan-chikkan-fakat-nakdga-7242767,59.0,1,5,0,2026-08-21T23:55:40+00:00
7242771,2026-08-05,Sergeli,1,36000,https://hata.uz/en/listings/object/prodaetsia-1komeatnaia-kvartira-na-6-etazhe-7242771,30.0,6,6,1,2026-08-21T23:55:40+00:00
7242775,2026-08-05,Sergeli,4,78000,https://hata.uz/en/listings/object/prodaetsia-kvartira-7242775,98.0,4,5,0,2026-08-21T23:55:40+00:00
7242782,2026-08-05,Uchtepa,2,69500,https://hata.uz/en/listings/object/uchtepa-raiona-urikzor-bozor-oldida-navostroiki-7242782,68.0,4,16,0,2026-08-21T23:55:40+00:00
7242785,2026-08-05,Uchtepa,3,88000,https://hata.uz/en/listings/object/beltepa-bankovskiy-3-2-4-7242785,77.0,2,4,0,2026-08-21T23:55:40+00:00
7242786,2026-08-05,Uchtepa,3,89900,https://hata.uz/en/listings/object/srochno-uch-tepa-tumani-15kvartalda-3-khonalik-kvartira-sotiladi-7242786,66.0,3,5,0,2026-08-21T23:55:40+00:00
7242787,2026-08-05,Uchtepa,2,70000,https://hata.uz/en/listings/object/novostroika-uiimni-sotaman-7242787,65.0,4,8,1,2026-08-21T23:55:40+00:00
7242789,2026-08-05,Uchtepa,2,67000,https://hata.uz/en/listings/object/uy-sotiladi-2xonalik-7242789,58.0,3,5,0,2026-08-21T23:55:40+00:00
7242795,2026-08-05,Uchtepa,5,120000,https://hata.uz/en/listings/object/srochno-5-komnatnaia-kvartira-svoia-7242795,100.0,3,5,0,2026-08-21T23:55:40+00:00
7242796,2026-08-05,Uchtepa,2,63000,https://hata.uz/en/listings/object/uchtepinskii-raiona-54-kvm-7242796,54.0,3,4,0,2026-08-21T23:55:40+00:00
7242798,2026-08-05,Uchtepa,2,68500,https://hata.uz/en/listings/object/kvartira-bel-tepa-2v-3-5-5-7242798,60.0,5,5,0,2026-08-21T23:55:40+00:00
7242803,2026-08-05,Shayhontohur,3,85400,https://hata.uz/en/listings/object/ko-kcha-masjidi-yaqinida-kavartira-7242803,63.11,7,7,0,2026-08-21T23:55:40+00:00
7242809,2026-08-05,Chilonzor,3,84990,https://hata.uz/en/listings/object/chilonzor-2-kv-3-xonali-uy-sotiladi-uz-egalaridan-7242809,61.65,3,4,0,2026-08-21T23:55:40+00:00
7242813,2026-08-05,Chilonzor,4,100000,https://hata.uz/en/listings/object/prodaetsia-4-kh-komnatnaia-kvartira-7242813,75.0,2,4,0,2026-08-21T23:55:40+00:00
7242814,2026-08-05,Chilonzor,3,84000,https://hata.uz/en/listings/object/novza-metro-svoia-prodaiutsiia-2-5-9-7242814,60.0,5,9,0,2026-08-21T23:55:40+00:00
7242815,2026-08-05,Chilonzor,2,138000,https://hata.uz/en/listings/object/sh-rustaveli-2-4-14-novastroika-prestijge-gardens-2-4-14-kirpich-nov-7242815,90.0,4,14,1,2026-08-21T23:55:40+00:00
7242824,2026-08-05,Chilonzor,4,102900,https://hata.uz/en/listings/object/sotiladi-4khona-chilonzor20kv-7242824,96.0,5,5,0,2026-08-21T23:55:40+00:00
7242827,2026-08-05,Chilonzor,4,185000,https://hata.uz/en/listings/object/prostor-svet-i-idealnaia-lokatsiia-4-12-13-7242827,140.0,12,13,0,2026-08-21T23:55:40+00:00
7242829,2026-08-05,Chilonzor,4,80000,https://hata.uz/en/listings/object/chilonzor-19-mavzeda-ui-4-khonali-7242829,80.0,4,4,0,2026-08-21T23:55:40+00:00
7242833,2026-08-05,Chilonzor,2,57500,https://hata.uz/en/listings/object/us-sotiladi-sugalli-ota-81-7242833,48.0,2,4,0,2026-08-21T23:55:40+00:00
7242834,2026-08-05,Chilonzor,5,100000,https://hata.uz/en/listings/object/prodazha-kvartiry-metro-chilanzar-7242834,110.0,4,4,0,2026-08-21T23:55:40+00:00
7242836,2026-08-05,Shayhontohur,2,240000,https://hata.uz/en/listings/object/prodaetsia-2-7-27-kvartira-v-zhk-nrg-u-tower-7242836,54.08,7,27,1,2026-08-21T23:55:40+00:00
7242839,2026-08-05,Shayhontohur,3,155000,https://hata.uz/en/listings/object/prodaetsia-svaia-kvartira-7242839,70.0,1,4,0,2026-08-21T23:55:40+00:00
7242842,2026-08-05,Shayhontohur,3,140000,https://hata.uz/en/listings/object/srochna-novostroika-pentkhaus-zhk-park-city-labzak-7242842,99.0,14,16,1,2026-08-21T23:55:40+00:00
7242843,2026-08-05,Shayhontohur,3,120000,https://hata.uz/en/listings/object/tsentr-khadry-uiutnaia-kvartira-udobnyi-3-etazh-7242843,67.0,3,9,0,2026-08-21T23:55:40+00:00
7242845,2026-08-05,Shayhontohur,2,69000,https://hata.uz/en/listings/object/chilonzor-oktepa-7-kvartal-2-khona-3-khona-kilingan-7242845,42.0,4,4,0,2026-08-21T23:55:40+00:00
7242851,2026-08-05,Shayhontohur,3,99000,https://hata.uz/en/listings/object/prodaetsia-3-kh-komnatnaia-kvartira-v-tsentre-tashkenta-gulobad-chorsu-7242851,78.0,4,9,0,2026-08-21T23:55:40+00:00
7242858,2026-08-05,Shayhontohur,5,109000,https://hata.uz/en/listings/object/o-zimniki-gulobod-5-4-4-1-tug-riqhona-7242858,99.0,4,4,0,2026-08-21T23:55:40+00:00
7242864,2026-08-05,Yunusobod,1,52000,https://hata.uz/en/listings/object/prodaetsia-kvartira-svoia-7242864,52.0,11,11,1,2026-08-21T23:55:40+00:00
7242868,2026-08-05,Yunusobod,2,91000,https://hata.uz/en/listings/object/hotira-maydoniga-qaragan-2-xonali-kvartira-qulay-joylashuv-7242868,56.0,6,9,0,2026-08-21T23:55:40+00:00
7242869,2026-08-05,Yunusobod,4,177500,https://hata.uz/en/listings/object/prodazha-kvartiry-markaz-5-ts5-7242869,83.0,1,4,0,2026-08-21T23:55:40+00:00
7242875,2026-08-05,Yunusobod,1,53000,https://hata.uz/en/listings/object/prodaetsia-1-komnatnaia-kvartira-v-iunusabadskom-raione-zhk-manzara-7242875,30.0,7,13,1,2026-08-21T23:55:40+00:00
7242881,2026-08-05,Yunusobod,2,66000,https://hata.uz/en/listings/object/prodaetsia-2-kh-komnatnaia-kvartira-7242881,57.0,2,5,0,2026-08-21T23:55:40+00:00
7242884,2026-08-05,Yunusobod,2,64800,https://hata.uz/en/listings/object/orikzor-residence-7242884,58.02,14,16,1,2026-08-21T23:55:40+00:00
7242887,2026-08-05,Yunusobod,2,80000,https://hata.uz/en/listings/object/srochno-iunusabad-15-2-2-7-64m-kirpichnyi-dom-7242887,64.0,2,7,1,2026-08-21T23:55:40+00:00
7242888,2026-08-05,Yunusobod,1,56500,https://hata.uz/en/listings/object/prodaetsia-1-komnatnaia-kvartira-v-iunus-abad-18-kvartal-7242888,39.0,4,7,1,2026-08-21T23:55:40+00:00
7242891,2026-08-05,Yunusobod,3,51000,https://hata.uz/en/listings/object/crochno-novostroika-sotiladi-3khona-karobka-chalakozoda-620-dan-kv-si-7242891,85.36,3,5,1,2026-08-21T23:55:40+00:00
7242893,2026-08-05,Yunusobod,4,95000,https://hata.uz/en/listings/object/prodaetsia-4kh-komnatnaia-kvartira-89-kv-m-2-etazh-4kh-etazhka-panel-7242893,89.0,2,4,0,2026-08-21T23:55:40+00:00
7242900,2026-08-05,Yunusobod,2,58000,https://hata.uz/en/listings/object/kvartira-2kh-komnatnaia-7242900,60.0,3,5,0,2026-08-21T23:55:40+00:00
7242903,2026-08-05,Yakkasaroy,3,400000,https://hata.uz/en/listings/object/prodazha-kvartiry-7242903,75.0,4,9,0,2026-08-21T23:55:40+00:00
7242909,2026-08-05,Yakkasaroy,2,71400,https://hata.uz/en/listings/object/prodam-kvartiru-yangi-baxt-nrg-7242909,68.0,12,12,1,2026-08-21T23:55:40+00:00
7242929,2026-08-05,Yakkasaroy,2,30000,https://hata.uz/en/listings/object/prodaetsia-kvartira-iangiiul-7242929,40.0,3,4,0,2026-08-21T23:55:40+00:00
7242933,2026-08-05,Yakkasaroy,2,60000,https://hata.uz/en/listings/object/notarialnaia-ul-babura-nukus-prodaetsia-7242933,45.0,14,16,0,2026-08-21T23:55:40+00:00
7242939,2026-08-05,Yashnobod,3,81500,https://hata.uz/en/listings/object/prodaetsia-novostroika-3-kh-kom-kv-v-kirpichnom-dome-v-iashnabadskom-r-7242939,68.0,3,5,1,2026-08-21T23:55:40+00:00
7242940,2026-08-05,Yashnobod,3,44500,https://hata.uz/en/listings/object/prodaetsia-kvartira-zhk-aziia-khaus-obshchaia-ploshchad-42m-7242940,42.0,5,8,1,2026-08-21T23:55:40+00:00
7242944,2026-08-05,Yashnobod,3,72500,https://hata.uz/en/listings/object/yashnabod-tumani-3-xonali-dom-sotiladi-chrochno-7242944,70.0,4,4,0,2026-08-21T23:55:40+00:00
7242946,2026-08-05,Yashnobod,3,65000,https://hata.uz/en/listings/object/uy-3-xona-65-000-srochno-sotiladi-zakhodi-zhivi-7242946,63.04,7,10,1,2026-08-21T23:55:40+00:00
7242950,2026-08-05,Yashnobod,2,55000,https://hata.uz/en/listings/object/1-komnatnaia-peredelannaia-v-2-komnatnuiu-naprotiv-bazara-kadysheva-7242950,44.0,6,9,0,2026-08-21T23:55:40+00:00
7242953,2026-08-05,Yashnobod,3,150000,https://hata.uz/en/listings/object/kvartira-3-xonali-2-etaj-parkentskiy-7242953,75.0,2,7,1,2026-08-21T23:55:40+00:00
7242958,2026-08-05,Yashnobod,3,80000,https://hata.uz/en/listings/object/srochno-prodaetsia-svoia-3-kh-kom-kvartira-s-remontom-7242958,67.0,4,4,0,2026-08-21T23:55:40+00:00
7243439,2026-08-05,Olmazor,2,67000,https://hata.uz/en/listings/object/kuiuliuke-2-komnatnaia-novostroika-60-kv-m-srochno-7243439,60.0,2,9,1,2026-08-21T23:55:40+00:00
7243440,2026-08-05,Olmazor,2,52500,https://hata.uz/en/listings/object/korakamish-1-3-suv-buii-12-2-4-7243440,42.0,2,4,0,2026-08-21T23:55:40+00:00
7243444,2026-08-05,Olmazor,3,82000,https://hata.uz/en/listings/object/sergeli-7-da-9-qavatli-dom-7-qavat-3-xonali-moljan-prezident-maktabi-7243444,84.6,7,9,0,2026-08-21T23:55:40+00:00
7243445,2026-08-05,Olmazor,3,130000,https://hata.uz/en/listings/object/srochno-prodaiu-dom-7243445,128.0,5,5,0,2026-08-21T23:55:40+00:00
7243449,2026-08-05,Olmazor,4,90000,https://hata.uz/en/listings/object/dom-sotiladi-kora-kamish-1-4-da-4-4-4-7243449,52.0,4,4,1,2026-08-21T23:55:40+00:00
7243452,2026-08-05,Olmazor,2,120000,https://hata.uz/en/listings/object/zhk-rivier-park-2kh-komn-759-kv-7243452,75.9,7,10,1,2026-08-21T23:55:40+00:00
7243453,2026-08-05,Olmazor,4,90000,https://hata.uz/en/listings/object/dom-srochni-sotiladi-qora-qamish-2-4-daxasi-7243453,84.0,2,4,0,2026-08-21T23:55:40+00:00
7243456,2026-08-05,Olmazor,4,80000,https://hata.uz/en/listings/object/qora-qamish-2-1-16dom-4-qavatli-uy-4-qavat-2-xonali-uy-sotiladi-remont-7243456,56.0,4,4,0,2026-08-21T23:55:40+00:00
7243459,2026-08-05,Olmazor,4,90000,https://hata.uz/en/listings/object/4-komnatnaya-kvartira-7243459,90.0,5,5,0,2026-08-21T23:55:40+00:00
7243460,2026-08-05,Olmazor,3,81000,https://hata.uz/en/listings/object/kvartira-sotiladi-qoraqamish-7243460,1.0,1,1,0,2026-08-21T23:55:40+00:00
7243464,2026-08-05,Olmazor,2,70000,https://hata.uz/en/listings/object/prodaetsia-2-kh-komnatnaia-kvartira-7243464,56.0,1,4,0,2026-08-21T23:55:40+00:00
7243465,2026-08-05,Bektemir,3,40000,https://hata.uz/en/listings/object/3-xonali-kvartira-sotiladi-70-m2-2-qavat-iyk-ota-bektemir-srochno-7243465,72.0,2,2,0,2026-08-21T23:55:40+00:00
7243467,2026-08-05,Bektemir,3,79000,https://hata.uz/en/listings/object/kvartira-sotiladi-3-xona-75kv-7243467,75.0,1,4,0,2026-08-21T23:55:40+00:00
7243468,2026-08-05,Bektemir,3,40000,https://hata.uz/en/listings/object/3-xonali-72-kv-m-kvartira-sotiladi-bektemir-iyk-ota-mahalla-7243468,72.0,2,2,0,2026-08-21T23:55:40+00:00
7243469,2026-08-05,Bektemir,2,42000,https://hata.uz/en/listings/object/sotiladi-2khonali-kvartira-vodnikda-uzimniki-novostroika-7243469,53.0,9,10,1,2026-08-21T23:55:40+00:00
7243470,2026-08-05,Bektemir,1,41000,https://hata.uz/en/listings/object/1xonali-uy-sotiladi-7243470,36.0,6,6,1,2026-08-21T23:55:40+00:00
7243472,2026-08-05,Bektemir,3,67784,https://hata.uz/en/listings/object/prodaiu-svoiu-3kh-komnatnuiu-kvatiru-7243472,67.0,3,4,0,2026-08-21T23:55:40+00:00
7243477,2026-08-05,Yashnobod,3,56000,https://hata.uz/en/listings/object/srochno-prodaetsia-kvartira-na-iashnabadskom-raione-7243477,67.0,13,16,0,2026-08-21T23:55:40+00:00
7243483,2026-08-05,Mirobod,1,65000,https://hata.uz/en/listings/object/prodaetsia-kvartira-7243483,50.0,5,8,1,2026-08-21T23:55:40+00:00
7243519,2026-08-05,Mirzo Ulugbek,4,395000,https://hata.uz/en/listings/object/prodaetsia-4-komnatnaia-kvartira-v-zhk-london-7243519,132.0,7,10,1,2026-08-21T23:55:40+00:00
7243526,2026-08-05,Mirzo Ulugbek,3,97500,https://hata.uz/en/listings/object/naprotiv-parkentskogo-bazara-3-5-9-7243526,72.0,5,9,0,2026-08-21T23:55:40+00:00
7243532,2026-08-05,Mirzo Ulugbek,4,136500,https://hata.uz/en/listings/object/goriashchaia-tsena-svoia-4-2-5-evroremont-karasu-1-7243532,93.0,2,5,0,2026-08-21T23:55:40+00:00
7243537,2026-08-05,Mirzo Ulugbek,1,75000,https://hata.uz/en/listings/object/1-2-5-prodaetsia-uiutnaia-1-komnatnaia-kvartira-so-svezhim-remontom-7243537,27.5,1,5,0,2026-08-21T23:55:40+00:00
7243551,2026-08-05,Sergeli,2,56000,https://hata.uz/en/listings/object/prodaetsia-kvartira-2-4-or-sergiliskii-rai-7243551,60.0,4,4,0,2026-08-21T23:55:40+00:00
7243554,2026-08-05,Sergeli,3,68000,https://hata.uz/en/listings/object/prodazha-sotiladi-3-kh-komnatnaia-kvartira-3-xona-iangi-khaet-sergeli-7243554,73.0,12,17,0,2026-08-21T23:55:40+00:00
7243555,2026-08-05,Sergeli,2,60000,https://hata.uz/en/listings/object/prodaiu-svoiu-kvartiru-7243555,60.0,7,9,0,2026-08-21T23:55:40+00:00
7243564,2026-08-05,Sergeli,1,43516,https://hata.uz/en/listings/object/index-bozor-orkasi-green-house-iangi-uilardan-1-khonali-kvartira-38-84kv-7243564,38.84,4,9,1,2026-08-21T23:55:40+00:00
7243571,2026-08-05,Sergeli,2,35500,https://hata.uz/en/listings/object/prodaetsia-kvartira-2kh-komnatnaia-7243571,54.0,2,2,0,2026-08-21T23:55:40+00:00
7243573,2026-08-05,Sergeli,2,43000,https://hata.uz/en/listings/object/xonabod-dom-sotiladi-2-xona-novastroyka-ikki-etajli-1-etaj-44-kvadrat-7243573,44.0,1,2,1,2026-08-21T23:55:40+00:00
7243574,2026-08-05,Sergeli,2,14393,https://hata.uz/en/listings/object/sokin-makon-novostroika-ipoteka-podkliuch-srochno-sotiladi-7243574,52.0,14,16,1,2026-08-21T23:55:40+00:00
7243578,2026-08-05,Sergeli,3,68000,https://hata.uz/en/listings/object/prodaetsia-3-kom-kvartira-na-iangi-darkhane-72-kv-m-40-kv-m-terassa-7243578,72.0,2,16,1,2026-08-21T23:55:40+00:00
7243581,2026-08-05,Uchtepa,2,88000,https://hata.uz/en/listings/object/qani-depo-molda-uy-sotiladi-srochno-7243581,71.0,7,11,1,2026-08-21T23:55:40+00:00
7243582,2026-08-05,Uchtepa,4,39500,https://hata.uz/en/listings/object/srochno-39500-srochno-7243582,80.0,16,16,1,2026-08-21T23:55:40+00:00
7243583,2026-08-05,Uchtepa,3,68000,https://hata.uz/en/listings/object/uy-sotiladi-srochniy-7243583,72.0,5,9,0,2026-08-21T23:55:40+00:00
7243588,2026-08-05,Uchtepa,4,90000,https://hata.uz/en/listings/object/kvartira-4-5-5-svoia-7243588,78.82,5,5,0,2026-08-21T23:55:40+00:00
7243594,2026-08-05,Uchtepa,2,61000,https://hata.uz/en/listings/object/2-4-4-kora-kamish-2-4-tansikboev-7243594,58.0,4,4,0,2026-08-21T23:55:40+00:00
7243599,2026-08-05,Uchtepa,2,66000,https://hata.uz/en/listings/object/takachida-2-khonali-dom-sotiladi-7243599,60.0,9,9,0,2026-08-21T23:55:40+00:00
7243600,2026-08-05,Uchtepa,5,84000,https://hata.uz/en/listings/object/izzada-dom-sotiladi-srochna-53-53-kv-7243600,120.0,1,4,1,2026-08-21T23:55:40+00:00
7243601,2026-08-05,Uchtepa,2,65000,https://hata.uz/en/listings/object/srochno-sotiladi-uchtepa-tumani-soi-buii-murod-bilding-kompaniiasi-kur-7243601,49.0,2,13,1,2026-08-21T23:55:40+00:00
7243602,2026-08-05,Uchtepa,3,133000,https://hata.uz/en/listings/object/uchtepada-oltin-lokatsiya-super-evroremont-3-xonali-uy-sotiladi-7243602,80.0,2,4,0,2026-08-21T23:55:40+00:00
7243604,2026-08-05,Shayhontohur,4,125500,https://hata.uz/en/listings/object/zhk-gulobod-9-10-etazh-mansardnaia-kvartira-11797-m2-7243604,117.97,9,10,1,2026-08-21T23:55:40+00:00
7243615,2026-08-05,Chilonzor,2,68000,https://hata.uz/en/listings/object/svoia-chilanzar-8-kv-2-3-2-4-s-mebel-i-tekhnika-7243615,50.0,2,4,0,2026-08-21T23:55:40+00:00
7243620,2026-08-05,Chilonzor,3,85900,https://hata.uz/en/listings/object/iangi-choshtepada-3-2-7-kvartira-sotiladi-7243620,72.44,2,7,0,2026-08-21T23:55:40+00:00
7243631,2026-08-05,Chilonzor,3,112000,https://hata.uz/en/listings/object/124-m2-chilanzar-20-bolshaia-3-komnatnaia-kvartira-s-remontom-7243631,124.61,9,9,0,2026-08-21T23:55:40+00:00
7243648,2026-08-05,Chilonzor,1,41000,https://hata.uz/en/listings/object/lutfiy-mahallasi-7243648,28.0,4,4,0,2026-08-21T23:55:40+00:00
7243654,2026-08-05,Shayhontohur,2,97000,https://hata.uz/en/listings/object/prodaetsia-2-6-12-60m2-v-zhk-charx-novza-or-r-ruvd-shaikhantakhur-7243654,60.0,6,12,1,2026-08-21T23:55:40+00:00
7243664,2026-08-05,Shayhontohur,4,230000,https://hata.uz/en/listings/object/nest-one-block-a-7243664,74.2,27,51,1,2026-08-21T23:55:40+00:00
7243681,2026-08-05,Shayhontohur,3,153000,https://hata.uz/en/listings/object/labzak-ts13-da-kvartira-sotiladi-7243681,70.0,1,4,0,2026-08-21T23:55:40+00:00
7243687,2026-08-05,Yunusobod,1,97000,https://hata.uz/en/listings/object/xonadon-sotiladi-7243687,36.0,1,4,0,2026-08-21T23:55:40+00:00
7243690,2026-08-05,Yunusobod,2,76900,https://hata.uz/en/listings/object/olmazor-city-kvartira-sotiladi-7243690,63.0,11,18,1,2026-08-21T23:55:40+00:00
7243694,2026-08-05,Yunusobod,3,236000,https://hata.uz/en/listings/object/prodaetsia-svoia-3-komnatnaia-kvartira-v-zhk-poitakht-gavkhari-7243694,100.0,6,10,1,2026-08-21T23:55:40+00:00
7243698,2026-08-05,Yunusobod,4,98000,https://hata.uz/en/listings/object/novostroika-zhk-okean-7243698,147.0,7,16,1,2026-08-21T23:55:40+00:00
7243707,2026-08-05,Yunusobod,2,72000,https://hata.uz/en/listings/object/kvartira-2-komnata-7243707,57.0,4,5,0,2026-08-21T23:55:40+00:00
7243722,2026-08-05,Yakkasaroy,2,125000,https://hata.uz/en/listings/object/prodaetsia-kvartira-2-2-2-m-kosmonavtov-7243722,42.0,2,2,0,2026-08-21T23:55:40+00:00
7243724,2026-08-05,Yakkasaroy,3,91500,https://hata.uz/en/listings/object/prodazha-galereika-3kh-komnatnaia-7243724,74.0,7,8,0,2026-08-21T23:55:40+00:00
7243740,2026-08-05,Yashnobod,3,120000,https://hata.uz/en/listings/object/bolshaia-3-kh-komnatnaia-kvartira-v-zhk-parkent-gardens-7243740,107.0,1,8,1,2026-08-21T23:55:40+00:00
7243745,2026-08-05,Yashnobod,2,64000,https://hata.uz/en/listings/object/prodaiu-svoiu-kvartiru-bez-posrednikov-frantsuzskaia-planirovka-7243745,58.0,4,4,0,2026-08-21T23:55:40+00:00
7243746,2026-08-05,Yashnobod,2,155000,https://hata.uz/en/listings/object/2kh-komnatnaia-dizainerskaia-kvartira-panoramnye-okna-novyi-remont-7243746,57.0,6,10,1,2026-08-21T23:55:40+00:00
7243749,2026-08-05,Yashnobod,4,135000,https://hata.uz/en/listings/object/prodaetsia-4kh-komnatnaia-150-kv-v-tsentre-7243749,150.0,10,10,1,2026-08-21T23:55:40+00:00
7453786,2026-08-07,Yashnobod,1,40000,https://hata.uz/en/listings/object/srochno-prodaetsia-1-komnatnaia-kvaritra-7453786,30.0,4,4,0,2026-08-21T23:55:40+00:00
7453787,2026-08-07,Olmazor,2,58200,https://hata.uz/en/listings/object/kvartira-sotiladi-olmazor-tumani-qoraqamish-2-3-7453787,58.0,9,9,0,2026-08-21T23:55:40+00:00
7453788,2026-08-07,Yashnobod,2,55000,https://hata.uz/en/listings/object/2-komnatnaia-kvartira-zhk-izzat-7453788,52.0,7,9,1,2026-08-21T23:55:40+00:00
7454094,2026-08-08,Uchtepa,1,53000,https://hata.uz/en/listings/object/1-komnatnaia-chilanzar-26-kvartal-7454094,42.0,3,5,0,2026-08-21T23:55:40+00:00
7454130,2026-08-08,Yunusobod,3,200000,https://hata.uz/en/listings/object/prodaetsia-novaia-kvartira-s-dizainerskim-remontom-premium-klassa-7454130,81.16,7,10,1,2026-08-21T23:55:40+00:00
7454133,2026-08-08,Chilonzor,2,58000,https://hata.uz/en/listings/object/orikzordan-2-xonali-uy-sotiladi-63m2-7454133,63.0,16,16,1,2026-08-21T23:55:40+00:00
7454355,2026-08-09,Yunusobod,2,65000,https://hata.uz/en/listings/object/prodaetsia-prostornaia-svetlaia-kvartira-v-tikhom-zelenom-dvore-7454355,52.26,1,4,0,2026-08-21T23:55:40+00:00
7454387,2026-08-09,Yashnobod,4,75000,https://hata.uz/en/listings/object/prodaetsia-kvartira-grandcity-6i-etazh-s-mansardnoi-kryshei-76kvm-30kvm-7454387,105.0,6,6,1,2026-08-21T23:55:40+00:00
7454400,2026-08-10,Yunusobod,1,42000,https://hata.uz/en/listings/object/iunusabad-15-1-2-4-srochno-7454400,35.0,2,4,0,2026-08-21T23:55:40+00:00
7454684,2026-08-11,Mirzo Ulugbek,2,85000,https://hata.uz/en/listings/object/prodaetsia-kvartira-na-feruza-massiv-43m2-7454684,43.0,4,6,1,2026-08-21T23:55:40+00:00
7455010,2026-08-12,Yashnobod,2,80000,https://hata.uz/en/listings/object/kvartira-sotiladi-2-5-16-7455010,54.0,5,16,1,2026-08-21T23:55:40+00:00
7455013,2026-08-12,Olmazor,2,34000,https://hata.uz/en/listings/object/qoraqamish-2-1-da-29-kvadrat-7455013,29.0,19,20,1,2026-08-21T23:55:40+00:00
7455548,2026-08-15,Shayhontohur,1,28500,https://hata.uz/en/listings/object/prodaetsia-galereika-7455548,20.0,4,5,0,2026-08-21T23:55:40+00:00
7455807,2026-08-17,Chilonzor,3,94500,https://hata.uz/en/listings/object/navastroyka-depo-residence-7455807,70.0,7,10,1,2026-08-21T23:55:40+00:00
7455831,2026-08-17,Chilonzor,4,76000,https://hata.uz/en/listings/object/prodam-svoiu-kvartiru-4-4-5-chilanzar-23-7455831,86.0,4,5,0,2026-08-21T23:55:40+00:00
7455833,2026-08-17,Bektemir,1,45000,https://hata.uz/en/listings/object/kvartira-sotiladi-7455833,58.0,1,2,0,2026-08-21T23:55:40+00:00
7455856,2026-08-17,Yunusobod,2,74900,https://hata.uz/en/listings/object/srochna-prodaetsia-7455856,66.0,5,9,1,2026-08-21T23:55:40+00:00
7455859,2026-08-17,Mirobod,4,92000,https://hata.uz/en/listings/object/mirabadskii-r-n-kuiliuk-qo-yliq-massiv-kuiliuk-qo-yliq-massiv-kuiliuk-7455859,80.0,4,4,0,2026-08-21T23:55:40+00:00
7455866,2026-08-18,Shayhontohur,3,140000,https://hata.uz/en/listings/object/dom-125-kv-navastroyka-7455866,125.0,3,4,1,2026-08-21T23:55:40+00:00
7455867,2026-08-18,Yashnobod,2,57000,https://hata.uz/en/listings/object/aviasozlar-1-kvartal-1v2-4-4-2minuty-do-metro-tuzel-7455867,36.26,4,4,0,2026-08-21T23:55:40+00:00
7456024,2026-08-19,Mirzo Ulugbek,2,150000,https://hata.uz/en/listings/object/prodaetsia-2-3-4-kvartira-v-kirpichnom-dome-m-ulugbek-r-n-t-malika-112-7456024,65.16,3,4,0,2026-08-21T23:55:40+00:00
7456045,2026-08-19,Sergeli,1,48000,https://hata.uz/en/listings/object/prodaetsia-kvartira-1-km-7456045,28.0,3,16,1,2026-08-21T23:55:40+00:00
7456324,2026-08-20,Chilonzor,3,83000,https://hata.uz/en/listings/object/kvartira-algoritm-31-kv-7456324,76.0,4,5,1,2026-08-21T23:55:40+00:00
7456325,2026-08-20,Yunusobod,3,102000,https://hata.uz/en/listings/object/kvartira-3-xonali-7456325,70.0,1,4,0,2026-08-21T23:55:40+00:00
7456338,2026-08-21,Olmazor,6,264000,https://hata.uz/en/listings/object/druzhba-narodov-spetsplan-sovmin-1-etazh-7456338,130.0,1,5,0,2026-08-21T23:55:40+00:00
7456339,2026-08-21,Mirobod,2,270000,https://hata.uz/en/listings/object/mirabad-aveniu-dan-2-khonalik-ui-sotiladi-7456339,61.0,10,12,1,2026-08-21T23:55:40+00:00
